defined_class	prefLabel	Synonyms_from_taxonomy	Comment	Curated_synonyms	Classification	Classification_comment	Classification_pub	Expresses	Expresses_comment	Expresses_pub
http://www.semanticweb.org/brain_data_standards/AllenDendClass_CS202002013_124	CGE/PoA	"RNAseq 001-027, 089-090|CGE/PoA|n8"	"cell_set_preferred_alias:CGE/PoA ; original_label:n8 ; cell_set_label:RNAseq 001-027, 089-090 ; cell_set_aligned_alias:CGE/PoA ; cell_set_additional_aliases:''"							
http://www.semanticweb.org/brain_data_standards/AllenDendClass_CS202002013_125	Lamp5-like	Lamp5|RNAseq 001-008|Lamp5-like|n9	cell_set_preferred_alias:Lamp5-like ; original_label:n9 ; cell_set_label:RNAseq 001-008 ; cell_set_aligned_alias:Lamp5 ; cell_set_additional_aliases:''							
http://www.semanticweb.org/brain_data_standards/AllenDendClass_CS202002013_1	Lamp5-like Pax6	RNAseq 001|Lamp5_4|Lamp5 Pax6|Lamp5-like Pax6|Lamp5 Pax6	cell_set_preferred_alias:Lamp5-like Pax6 ; original_label:Lamp5 Pax6 ; cell_set_label:RNAseq 001 ; cell_set_aligned_alias:'' ; cell_set_additional_aliases:Lamp5_4|Lamp5 Pax6							
http://www.semanticweb.org/brain_data_standards/AllenDendClass_CS202002013_2	Lamp5 Egln3_1	RNAseq 002|Sncg_4|Alpha7 cell|Lamp5 Egln3_1	cell_set_preferred_alias:Lamp5 Egln3_1 ; original_label:Lamp5 Egln3_1 ; cell_set_label:RNAseq 002 ; cell_set_aligned_alias:'' ; cell_set_additional_aliases:Sncg_4|Alpha7 cell		CL:4023010		DOI:10.1101/2020.02.29.970558			
http://www.semanticweb.org/brain_data_standards/AllenDendClass_CS202002013_128	Lamp5-like_C5	n12|RNAseq 003-004|Lamp5_5|Lamp5-like_C5	cell_set_preferred_alias:Lamp5-like_C5 ; original_label:n12 ; cell_set_label:RNAseq 003-004 ; cell_set_aligned_alias:'' ; cell_set_additional_aliases:Lamp5_5							
http://www.semanticweb.org/brain_data_standards/AllenDendClass_CS202002013_3	Lamp5-like Egln3_2	Lamp5-like Egln3_2|Lamp5 Egln3_2|Canopy cell|Lamp5 Egln3_2|RNAseq 003	cell_set_preferred_alias:Lamp5-like Egln3_2 ; original_label:Lamp5 Egln3_2 ; cell_set_label:RNAseq 003 ; cell_set_aligned_alias:'' ; cell_set_additional_aliases:Canopy cell|Lamp5 Egln3_2		CL:4023022		DOI:10.1101/2020.02.29.970558	PR:000032148		10.1101/2020.03.31.016972
http://www.semanticweb.org/brain_data_standards/AllenDendClass_CS202002013_4	Lamp5 Egln3_3	RNAseq 004|Lamp5 Egln3_3	cell_set_preferred_alias:Lamp5 Egln3_3 ; original_label:Lamp5 Egln3_3 ; cell_set_label:RNAseq 004 ; cell_set_aligned_alias:'' ; cell_set_additional_aliases:''					PR:000032148		10.1101/2020.03.31.016972
http://www.semanticweb.org/brain_data_standards/AllenDendClass_CS202002013_130	Neurogliaform cell	RNAseq 005-007|Neurogliaform cell|n14	cell_set_preferred_alias:Neurogliaform cell ; original_label:n14 ; cell_set_label:RNAseq 005-007 ; cell_set_aligned_alias:'' ; cell_set_additional_aliases:Neurogliaform cell		CL:4023024		DOI:10.1101/2020.02.29.970558			
http://www.semanticweb.org/brain_data_standards/AllenDendClass_CS202002013_5	Lamp5 Pdlim5_1	Lamp5_1|RNAseq 005|Lamp5 Pdlim5_1	cell_set_preferred_alias:Lamp5 Pdlim5_1 ; original_label:Lamp5 Pdlim5_1 ; cell_set_label:RNAseq 005 ; cell_set_aligned_alias:'' ; cell_set_additional_aliases:Lamp5_1					PR:000032148		10.1101/2020.03.31.016972
http://www.semanticweb.org/brain_data_standards/AllenDendClass_CS202002013_6	Lamp5 Pdlim5_2	Lamp5 Pdlim5_2|RNAseq 006	cell_set_preferred_alias:Lamp5 Pdlim5_2 ; original_label:Lamp5 Pdlim5_2 ; cell_set_label:RNAseq 006 ; cell_set_aligned_alias:'' ; cell_set_additional_aliases:''					PR:000032148		10.1101/2020.03.31.016972
http://www.semanticweb.org/brain_data_standards/AllenDendClass_CS202002013_7	Lamp5 Slc35d3	Lamp5 Slc35d3|RNAseq 007	cell_set_preferred_alias:Lamp5 Slc35d3 ; original_label:Lamp5 Slc35d3 ; cell_set_label:RNAseq 007 ; cell_set_aligned_alias:'' ; cell_set_additional_aliases:''					PR:000032148		10.1101/2020.03.31.016972
http://www.semanticweb.org/brain_data_standards/AllenDendClass_CS202002013_8	Lamp5 Lhx6	RNAseq 008|Lamp5 Lhx6|Lamp5_3|L5/6 neurogliaform cell	cell_set_preferred_alias:Lamp5 Lhx6 ; original_label:Lamp5 Lhx6 ; cell_set_label:RNAseq 008 ; cell_set_aligned_alias:Lamp5 Lhx6 ; cell_set_additional_aliases:Lamp5_3|L5/6 neurogliaform cell		CL:4023023		DOI:10.1101/2020.02.29.970558	PR:000032148		10.1101/2020.03.31.016972
http://www.semanticweb.org/brain_data_standards/AllenDendClass_CS202002013_133	Sncg-like	Sncg|Sncg-like|n17|RNAseq 009-014	cell_set_preferred_alias:Sncg-like ; original_label:n17 ; cell_set_label:RNAseq 009-014 ; cell_set_aligned_alias:Sncg ; cell_set_additional_aliases:''							
http://www.semanticweb.org/brain_data_standards/AllenDendClass_CS202002013_134	Sncg-like_C2	Sncg_2|RNAseq 009-010|n18|Sncg-like_C2	cell_set_preferred_alias:Sncg-like_C2 ; original_label:n18 ; cell_set_label:RNAseq 009-010 ; cell_set_aligned_alias:'' ; cell_set_additional_aliases:Sncg_2							
http://www.semanticweb.org/brain_data_standards/AllenDendClass_CS202002013_9	Sncg Col14a1	RNAseq 009|Sncg Col14a1	cell_set_preferred_alias:Sncg Col14a1 ; original_label:Sncg Col14a1 ; cell_set_label:RNAseq 009 ; cell_set_aligned_alias:'' ; cell_set_additional_aliases:''					PR:000015325|PR:000017299		10.1101/2020.03.31.016972
http://www.semanticweb.org/brain_data_standards/AllenDendClass_CS202002013_10	Sncg Slc17a8	Sncg Slc17a8|RNAseq 010	cell_set_preferred_alias:Sncg Slc17a8 ; original_label:Sncg Slc17a8 ; cell_set_label:RNAseq 010 ; cell_set_aligned_alias:'' ; cell_set_additional_aliases:''					PR:000015325	Low expression	10.1101/2020.03.31.016972
http://www.semanticweb.org/brain_data_standards/AllenDendClass_CS202002013_11	Sncg Calb1_1	Sncg Calb1_1|RNAseq 011	cell_set_preferred_alias:Sncg Calb1_1 ; original_label:Sncg Calb1_1 ; cell_set_label:RNAseq 011 ; cell_set_aligned_alias:'' ; cell_set_additional_aliases:''					PR:000015325		10.1101/2020.03.31.016972
http://www.semanticweb.org/brain_data_standards/AllenDendClass_CS202002013_12	Sncg Calb1_2	Sncg Calb1_2|RNAseq 012	cell_set_preferred_alias:Sncg Calb1_2 ; original_label:Sncg Calb1_2 ; cell_set_label:RNAseq 012 ; cell_set_aligned_alias:'' ; cell_set_additional_aliases:''					PR:000015325		10.1101/2020.03.31.016972
http://www.semanticweb.org/brain_data_standards/AllenDendClass_CS202002013_13	Sncg Npy2r	Sncg Npy2r|RNAseq 013	cell_set_preferred_alias:Sncg Npy2r ; original_label:Sncg Npy2r ; cell_set_label:RNAseq 013 ; cell_set_aligned_alias:'' ; cell_set_additional_aliases:''					PR:000015325		10.1101/2020.03.31.016972
http://www.semanticweb.org/brain_data_standards/AllenDendClass_CS202002013_14	Vip Sncg	Small CCK basket cell|Vip Sncg|RNAseq 014	cell_set_preferred_alias:Vip Sncg ; original_label:Vip Sncg ; cell_set_label:RNAseq 014 ; cell_set_aligned_alias:'' ; cell_set_additional_aliases:Small CCK basket cell					PR:000017299	Barely any Sncg expression	10.1101/2020.03.31.016972
http://www.semanticweb.org/brain_data_standards/AllenDendClass_CS202002013_138	Vip-like	Vip-like|RNAseq 015-027|n22|Vip	cell_set_preferred_alias:Vip-like ; original_label:n22 ; cell_set_label:RNAseq 015-027 ; cell_set_aligned_alias:Vip ; cell_set_additional_aliases:''							
http://www.semanticweb.org/brain_data_standards/AllenDendClass_CS202002013_139	L5/6 CCK cell	L5/6 CCK cell|n23|RNAseq 015-017	cell_set_preferred_alias:L5/6 CCK cell ; original_label:n23 ; cell_set_label:RNAseq 015-017 ; cell_set_aligned_alias:'' ; cell_set_additional_aliases:L5/6 CCK cell		CL:4023019		DOI:10.1101/2020.02.29.970558			
http://www.semanticweb.org/brain_data_standards/AllenDendClass_CS202002013_15	Vip Serpinf1_1	RNAseq 015|Vip Serpinf1_1	cell_set_preferred_alias:Vip Serpinf1_1 ; original_label:Vip Serpinf1_1 ; cell_set_label:RNAseq 015 ; cell_set_aligned_alias:'' ; cell_set_additional_aliases:''					PR:000017299		10.1101/2020.03.31.016972
http://www.semanticweb.org/brain_data_standards/AllenDendClass_CS202002013_16	Vip Serpinf1_2	RNAseq 016|Vip Serpinf1_2	cell_set_preferred_alias:Vip Serpinf1_2 ; original_label:Vip Serpinf1_2 ; cell_set_label:RNAseq 016 ; cell_set_aligned_alias:'' ; cell_set_additional_aliases:''					PR:000017299		10.1101/2020.03.31.016972
http://www.semanticweb.org/brain_data_standards/AllenDendClass_CS202002013_17	Vip-like Serpinf1_3	RNAseq 017|Vip-like Serpinf1_3|Vip Serpinf1_3	cell_set_preferred_alias:Vip-like Serpinf1_3 ; original_label:Vip Serpinf1_3 ; cell_set_label:RNAseq 017 ; cell_set_aligned_alias:'' ; cell_set_additional_aliases:Vip Serpinf1_3					PR:000017299	Low expression - only visable on fireplot	10.1101/2020.03.31.016972
http://www.semanticweb.org/brain_data_standards/AllenDendClass_CS202002013_143	L5 VIP cell	RNAseq 018-020|L5 VIP cell|n27	cell_set_preferred_alias:L5 VIP cell ; original_label:n27 ; cell_set_label:RNAseq 018-020 ; cell_set_aligned_alias:'' ; cell_set_additional_aliases:L5 VIP cell		CL:4023014		DOI:10.1101/2020.02.29.970558			
http://www.semanticweb.org/brain_data_standards/AllenDendClass_CS202002013_18	Vip Htr1f	Vip Htr1f|RNAseq 018	cell_set_preferred_alias:Vip Htr1f ; original_label:Vip Htr1f ; cell_set_label:RNAseq 018 ; cell_set_aligned_alias:'' ; cell_set_additional_aliases:''					PR:000017299		10.1101/2020.03.31.016972
http://www.semanticweb.org/brain_data_standards/AllenDendClass_CS202002013_19	Vip Gpc3	RNAseq 019|Vip Gpc3	cell_set_preferred_alias:Vip Gpc3 ; original_label:Vip Gpc3 ; cell_set_label:RNAseq 019 ; cell_set_aligned_alias:'' ; cell_set_additional_aliases:''					PR:000017299		10.1101/2020.03.31.016972
http://www.semanticweb.org/brain_data_standards/AllenDendClass_CS202002013_20	Vip C1ql1	RNAseq 020|Vip C1ql1	cell_set_preferred_alias:Vip C1ql1 ; original_label:Vip C1ql1 ; cell_set_label:RNAseq 020 ; cell_set_aligned_alias:'' ; cell_set_additional_aliases:''					PR:000017299		10.1101/2020.03.31.016972
http://www.semanticweb.org/brain_data_standards/AllenDendClass_CS202002013_145	L2/3 Bipolar VIP cell	RNAseq 021-025|n29|L2/3 Bipolar VIP cell	cell_set_preferred_alias:L2/3 Bipolar VIP cell ; original_label:n29 ; cell_set_label:RNAseq 021-025 ; cell_set_aligned_alias:'' ; cell_set_additional_aliases:L2/3 Bipolar VIP cell		CL:4023007		DOI:10.1101/2020.02.29.970558			
http://www.semanticweb.org/brain_data_standards/AllenDendClass_CS202002013_21	Vip Mybpc1_2	RNAseq 021|Vip Mybpc1_2	cell_set_preferred_alias:Vip Mybpc1_2 ; original_label:Vip Mybpc1_2 ; cell_set_label:RNAseq 021 ; cell_set_aligned_alias:'' ; cell_set_additional_aliases:''					PR:000017299		10.1101/2020.03.31.016972
http://www.semanticweb.org/brain_data_standards/AllenDendClass_CS202002013_22	Vip Mybpc1_1	RNAseq 022|Vip Mybpc1_1	cell_set_preferred_alias:Vip Mybpc1_1 ; original_label:Vip Mybpc1_1 ; cell_set_label:RNAseq 022 ; cell_set_aligned_alias:'' ; cell_set_additional_aliases:''					PR:000017299		10.1101/2020.03.31.016972
http://www.semanticweb.org/brain_data_standards/AllenDendClass_CS202002013_23	Vip Chat_1	RNAseq 023|Vip Chat_1	cell_set_preferred_alias:Vip Chat_1 ; original_label:Vip Chat_1 ; cell_set_label:RNAseq 023 ; cell_set_aligned_alias:'' ; cell_set_additional_aliases:''					PR:000017299		10.1101/2020.03.31.016972
http://www.semanticweb.org/brain_data_standards/AllenDendClass_CS202002013_24	Vip Mybpc1_3	Vip Mybpc1_3|RNAseq 024	cell_set_preferred_alias:Vip Mybpc1_3 ; original_label:Vip Mybpc1_3 ; cell_set_label:RNAseq 024 ; cell_set_aligned_alias:'' ; cell_set_additional_aliases:''					PR:000017299		10.1101/2020.03.31.016972
http://www.semanticweb.org/brain_data_standards/AllenDendClass_CS202002013_25	Vip Chat_2	Vip Chat_2|RNAseq 025	cell_set_preferred_alias:Vip Chat_2 ; original_label:Vip Chat_2 ; cell_set_label:RNAseq 025 ; cell_set_aligned_alias:'' ; cell_set_additional_aliases:''					PR:000017299		10.1101/2020.03.31.016972
http://www.semanticweb.org/brain_data_standards/AllenDendClass_CS202002013_149	Vip-like_C4	RNAseq 026-027|Vip-like_C4|Vip_4|Uncharacterized VIP cell|n33	cell_set_preferred_alias:Vip-like_C4 ; original_label:n33 ; cell_set_label:RNAseq 026-027 ; cell_set_aligned_alias:'' ; cell_set_additional_aliases:Vip_4|Uncharacterized VIP cell							
http://www.semanticweb.org/brain_data_standards/AllenDendClass_CS202002013_26	Vip-like Igfbp6_1	Vip Igfbp6_1|Vip-like Igfbp6_1|RNAseq 026	cell_set_preferred_alias:Vip-like Igfbp6_1 ; original_label:Vip Igfbp6_1 ; cell_set_label:RNAseq 026 ; cell_set_aligned_alias:'' ; cell_set_additional_aliases:Vip Igfbp6_1					PR:000017299	Low expression - only visable on fireplot	10.1101/2020.03.31.016972
http://www.semanticweb.org/brain_data_standards/AllenDendClass_CS202002013_27	Vip Igfbp6_2	RNAseq 027|Vip Igfbp6_2	cell_set_preferred_alias:Vip Igfbp6_2 ; original_label:Vip Igfbp6_2 ; cell_set_label:RNAseq 027 ; cell_set_aligned_alias:'' ; cell_set_additional_aliases:''					PR:000017299		10.1101/2020.03.31.016972
http://www.semanticweb.org/brain_data_standards/AllenDendClass_CS202002013_150	MGE	MGE|n34|RNAseq 028-057	cell_set_preferred_alias:MGE ; original_label:n34 ; cell_set_label:RNAseq 028-057 ; cell_set_aligned_alias:MGE ; cell_set_additional_aliases:''							
http://www.semanticweb.org/brain_data_standards/AllenDendClass_CS202002013_28	Sst Chodl	Sst Chodl|Sst Chodl|Long-projecting SST cell|RNAseq 028	cell_set_preferred_alias:Sst Chodl ; original_label:Sst Chodl ; cell_set_label:RNAseq 028 ; cell_set_aligned_alias:Sst Chodl ; cell_set_additional_aliases:Sst Chodl|Long-projecting SST cell		CL:4023025		DOI:10.1101/2020.02.29.970558	PR:000015665		10.1101/2020.03.31.016972
http://www.semanticweb.org/brain_data_standards/AllenDendClass_CS202002013_29	Sst Penk	RNAseq 029|Sst Penk	cell_set_preferred_alias:Sst Penk ; original_label:Sst Penk ; cell_set_label:RNAseq 029 ; cell_set_aligned_alias:'' ; cell_set_additional_aliases:''					PR:000015665		10.1101/2020.03.31.016972
http://www.semanticweb.org/brain_data_standards/AllenDendClass_CS202002013_30	Sst Myh8_1	RNAseq 030|Sst Myh8_1	cell_set_preferred_alias:Sst Myh8_1 ; original_label:Sst Myh8_1 ; cell_set_label:RNAseq 030 ; cell_set_aligned_alias:'' ; cell_set_additional_aliases:''					PR:000015665		10.1101/2020.03.31.016972
http://www.semanticweb.org/brain_data_standards/AllenDendClass_CS202002013_156	Sst-like_C1	Sst-like_C1|n40|Sst_1|RNAseq 031-033	cell_set_preferred_alias:Sst-like_C1 ; original_label:n40 ; cell_set_label:RNAseq 031-033 ; cell_set_aligned_alias:'' ; cell_set_additional_aliases:Sst_1							
http://www.semanticweb.org/brain_data_standards/AllenDendClass_CS202002013_31	Sst Myh8_2	Sst Myh8_2|RNAseq 031	cell_set_preferred_alias:Sst Myh8_2 ; original_label:Sst Myh8_2 ; cell_set_label:RNAseq 031 ; cell_set_aligned_alias:'' ; cell_set_additional_aliases:''					PR:000015665		10.1101/2020.03.31.016972
http://www.semanticweb.org/brain_data_standards/AllenDendClass_CS202002013_32	Sst Myh8_3	RNAseq 032|Sst Myh8_3	cell_set_preferred_alias:Sst Myh8_3 ; original_label:Sst Myh8_3 ; cell_set_label:RNAseq 032 ; cell_set_aligned_alias:'' ; cell_set_additional_aliases:''					PR:000015665		10.1101/2020.03.31.016972
http://www.semanticweb.org/brain_data_standards/AllenDendClass_CS202002013_33	Sst Htr1a	Sst Htr1a|RNAseq 033	cell_set_preferred_alias:Sst Htr1a ; original_label:Sst Htr1a ; cell_set_label:RNAseq 033 ; cell_set_aligned_alias:'' ; cell_set_additional_aliases:''					PR:000015665		10.1101/2020.03.31.016972
http://www.semanticweb.org/brain_data_standards/AllenDendClass_CS202002013_159	L5 T Martinotti cell	RNAseq 034-035|n43|L5 T Martinotti cell	cell_set_preferred_alias:L5 T Martinotti cell ; original_label:n43 ; cell_set_label:RNAseq 034-035 ; cell_set_aligned_alias:'' ; cell_set_additional_aliases:L5 T Martinotti cell		CL:4023027		DOI:10.1101/2020.02.29.970558			
http://www.semanticweb.org/brain_data_standards/AllenDendClass_CS202002013_34	Sst Etv1	RNAseq 034|Sst Etv1	cell_set_preferred_alias:Sst Etv1 ; original_label:Sst Etv1 ; cell_set_label:RNAseq 034 ; cell_set_aligned_alias:'' ; cell_set_additional_aliases:''					PR:000015665		10.1101/2020.03.31.016972
http://www.semanticweb.org/brain_data_standards/AllenDendClass_CS202002013_35	Sst Pvalb Etv1	RNAseq 035|Sst Pvalb Etv1	cell_set_preferred_alias:Sst Pvalb Etv1 ; original_label:Sst Pvalb Etv1 ; cell_set_label:RNAseq 035 ; cell_set_aligned_alias:'' ; cell_set_additional_aliases:''					PR:000015665 | PR:000013502	Low Pvalb expression	10.1101/2020.03.31.016972
http://www.semanticweb.org/brain_data_standards/AllenDendClass_CS202002013_161	L5 non-Martinotti cell	n45|RNAseq 036-037|L5 non-Martinotti cell	cell_set_preferred_alias:L5 non-Martinotti cell ; original_label:n45 ; cell_set_label:RNAseq 036-037 ; cell_set_aligned_alias:'' ; cell_set_additional_aliases:L5 non-Martinotti cell		CL:4023028		DOI:10.1101/2020.02.29.970558			
http://www.semanticweb.org/brain_data_standards/AllenDendClass_CS202002013_36	Sst Crhr2_1	Sst Crhr2_1|RNAseq 036	cell_set_preferred_alias:Sst Crhr2_1 ; original_label:Sst Crhr2_1 ; cell_set_label:RNAseq 036 ; cell_set_aligned_alias:'' ; cell_set_additional_aliases:''					PR:000015665		10.1101/2020.03.31.016972
http://www.semanticweb.org/brain_data_standards/AllenDendClass_CS202002013_37	Sst Crhr2_2	Sst Crhr2_2|Sst_4|RNAseq 037	cell_set_preferred_alias:Sst Crhr2_2 ; original_label:Sst Crhr2_2 ; cell_set_label:RNAseq 037 ; cell_set_aligned_alias:'' ; cell_set_additional_aliases:Sst_4					PR:000015665		10.1101/2020.03.31.016972
http://www.semanticweb.org/brain_data_standards/AllenDendClass_CS202002013_38	Sst Hpse	Sst Hpse|RNAseq 038|L4 SST cell	cell_set_preferred_alias:Sst Hpse ; original_label:Sst Hpse ; cell_set_label:RNAseq 038 ; cell_set_aligned_alias:'' ; cell_set_additional_aliases:L4 SST cell		CL:4023031		DOI:10.1101/2020.02.29.970558	PR:000015665		10.1101/2020.03.31.016972
http://www.semanticweb.org/brain_data_standards/AllenDendClass_CS202002013_164	L2/3/5 fan Martinotti cell	n48|RNAseq 039-040|L2/3/5 fan Martinotti cell	cell_set_preferred_alias:L2/3/5 fan Martinotti cell ; original_label:n48 ; cell_set_label:RNAseq 039-040 ; cell_set_aligned_alias:'' ; cell_set_additional_aliases:L2/3/5 fan Martinotti cell		CL:4023030		DOI:10.1101/2020.02.29.970558			
http://www.semanticweb.org/brain_data_standards/AllenDendClass_CS202002013_39	Sst Calb2	RNAseq 039|Sst Calb2	cell_set_preferred_alias:Sst Calb2 ; original_label:Sst Calb2 ; cell_set_label:RNAseq 039 ; cell_set_aligned_alias:'' ; cell_set_additional_aliases:''					PR:000015665		10.1101/2020.03.31.016972
http://www.semanticweb.org/brain_data_standards/AllenDendClass_CS202002013_40	Sst Pappa	RNAseq 040|Sst Pappa	cell_set_preferred_alias:Sst Pappa ; original_label:Sst Pappa ; cell_set_label:RNAseq 040 ; cell_set_aligned_alias:'' ; cell_set_additional_aliases:''					PR:000015665		10.1101/2020.03.31.016972
http://www.semanticweb.org/brain_data_standards/AllenDendClass_CS202002013_41	Sst Pvalb Calb2	RNAseq 041|L2/3 PV-like cell|Sst Pvalb Calb2	cell_set_preferred_alias:Sst Pvalb Calb2 ; original_label:Sst Pvalb Calb2 ; cell_set_label:RNAseq 041 ; cell_set_aligned_alias:'' ; cell_set_additional_aliases:L2/3 PV-like cell		CL:4023034		DOI:10.1101/2020.02.29.970558	PR:000015665 | PR:000013502	Low Pvalb expression	10.1101/2020.03.31.016972
http://www.semanticweb.org/brain_data_standards/AllenDendClass_CS202002013_165	L5/6 non-Martinotti cell	L5/6 non-Martinotti cell|RNAseq 042-045|n49	cell_set_preferred_alias:L5/6 non-Martinotti cell ; original_label:n49 ; cell_set_label:RNAseq 042-045 ; cell_set_aligned_alias:'' ; cell_set_additional_aliases:L5/6 non-Martinotti cell							
http://www.semanticweb.org/brain_data_standards/AllenDendClass_CS202002013_42	Sst C1ql3_1	RNAseq 042|Sst C1ql3_1|Sst_5	cell_set_preferred_alias:Sst C1ql3_1 ; original_label:Sst C1ql3_1 ; cell_set_label:RNAseq 042 ; cell_set_aligned_alias:'' ; cell_set_additional_aliases:Sst_5					PR:000015665		10.1101/2020.03.31.016972
http://www.semanticweb.org/brain_data_standards/AllenDendClass_CS202002013_43	Sst C1ql3_2	Sst C1ql3_2|RNAseq 043	cell_set_preferred_alias:Sst C1ql3_2 ; original_label:Sst C1ql3_2 ; cell_set_label:RNAseq 043 ; cell_set_aligned_alias:'' ; cell_set_additional_aliases:''					PR:000015665		10.1101/2020.03.31.016972
http://www.semanticweb.org/brain_data_standards/AllenDendClass_CS202002013_44	Sst Tac2	RNAseq 044|Sst Tac2	cell_set_preferred_alias:Sst Tac2 ; original_label:Sst Tac2 ; cell_set_label:RNAseq 044 ; cell_set_aligned_alias:'' ; cell_set_additional_aliases:''					PR:000015665		10.1101/2020.03.31.016972
http://www.semanticweb.org/brain_data_standards/AllenDendClass_CS202002013_45	Sst Th_1	RNAseq 045|Sst Th_1	cell_set_preferred_alias:Sst Th_1 ; original_label:Sst Th_1 ; cell_set_label:RNAseq 045 ; cell_set_aligned_alias:'' ; cell_set_additional_aliases:''					PR:000015665		10.1101/2020.03.31.016972
http://www.semanticweb.org/brain_data_standards/AllenDendClass_CS202002013_170	L6 Th+ SST/PV cell	L6 Th+ SST/PV cell|RNAseq 046-047|n54	cell_set_preferred_alias:L6 Th+ SST/PV cell ; original_label:n54 ; cell_set_label:RNAseq 046-047 ; cell_set_aligned_alias:'' ; cell_set_additional_aliases:L6 Th+ SST/PV cell							
http://www.semanticweb.org/brain_data_standards/AllenDendClass_CS202002013_46	Sst Th_2	Sst Th_2|RNAseq 046	cell_set_preferred_alias:Sst Th_2 ; original_label:Sst Th_2 ; cell_set_label:RNAseq 046 ; cell_set_aligned_alias:'' ; cell_set_additional_aliases:''					PR:000015665		10.1101/2020.03.31.016972
http://www.semanticweb.org/brain_data_standards/AllenDendClass_CS202002013_47	Sst Th_3	RNAseq 047|Sst_7|Sst Th_3	cell_set_preferred_alias:Sst Th_3 ; original_label:Sst Th_3 ; cell_set_label:RNAseq 047 ; cell_set_aligned_alias:'' ; cell_set_additional_aliases:Sst_7					PR:000015665		10.1101/2020.03.31.016972
http://www.semanticweb.org/brain_data_standards/AllenDendClass_CS202002013_48	Pvalb Gabrg1	L6 FS cell w/ large sag|Pvalb Gabrg1|RNAseq 048	cell_set_preferred_alias:Pvalb Gabrg1 ; original_label:Pvalb Gabrg1 ; cell_set_label:RNAseq 048 ; cell_set_aligned_alias:'' ; cell_set_additional_aliases:L6 FS cell w/ large sag					PR:000013502		10.1101/2020.03.31.016972
http://www.semanticweb.org/brain_data_standards/AllenDendClass_CS202002013_49	Pvalb Egfem1	RNAseq 049|Pvalb Egfem1	cell_set_preferred_alias:Pvalb Egfem1 ; original_label:Pvalb Egfem1 ; cell_set_label:RNAseq 049 ; cell_set_aligned_alias:'' ; cell_set_additional_aliases:''					PR:000013502		10.1101/2020.03.31.016972
http://www.semanticweb.org/brain_data_standards/AllenDendClass_CS202002013_50	Pvalb Gpr149	Pvalb Gpr149|RNAseq 050	cell_set_preferred_alias:Pvalb Gpr149 ; original_label:Pvalb Gpr149 ; cell_set_label:RNAseq 050 ; cell_set_aligned_alias:'' ; cell_set_additional_aliases:''					PR:000013502		10.1101/2020.03.31.016972
http://www.semanticweb.org/brain_data_standards/AllenDendClass_CS202002013_51	Pvalb Kank4	RNAseq 051|Pvalb Kank4	cell_set_preferred_alias:Pvalb Kank4 ; original_label:Pvalb Kank4 ; cell_set_label:RNAseq 051 ; cell_set_aligned_alias:'' ; cell_set_additional_aliases:''					PR:000013502		10.1101/2020.03.31.016972
http://www.semanticweb.org/brain_data_standards/AllenDendClass_CS202002013_52	Pvalb Calb1_1	RNAseq 052|Pvalb Calb1_1	cell_set_preferred_alias:Pvalb Calb1_1 ; original_label:Pvalb Calb1_1 ; cell_set_label:RNAseq 052 ; cell_set_aligned_alias:'' ; cell_set_additional_aliases:''					PR:000013502		10.1101/2020.03.31.016972
http://www.semanticweb.org/brain_data_standards/AllenDendClass_CS202002013_53	Pvalb Calb1_2	Pvalb Calb1_2|RNAseq 053	cell_set_preferred_alias:Pvalb Calb1_2 ; original_label:Pvalb Calb1_2 ; cell_set_label:RNAseq 053 ; cell_set_aligned_alias:'' ; cell_set_additional_aliases:''					PR:000013502		10.1101/2020.03.31.016972
http://www.semanticweb.org/brain_data_standards/AllenDendClass_CS202002013_177	Upper FS Basket cell	Upper FS Basket cell|RNAseq 054-055|n61	cell_set_preferred_alias:Upper FS Basket cell ; original_label:n61 ; cell_set_label:RNAseq 054-055 ; cell_set_aligned_alias:'' ; cell_set_additional_aliases:Upper FS Basket cell							
http://www.semanticweb.org/brain_data_standards/AllenDendClass_CS202002013_54	Pvalb Reln	Pvalb Reln|RNAseq 054	cell_set_preferred_alias:Pvalb Reln ; original_label:Pvalb Reln ; cell_set_label:RNAseq 054 ; cell_set_aligned_alias:'' ; cell_set_additional_aliases:''					PR:000013502		10.1101/2020.03.31.016972
http://www.semanticweb.org/brain_data_standards/AllenDendClass_CS202002013_55	Pvalb Il1rapl2	RNAseq 055|Pvalb Il1rapl2	cell_set_preferred_alias:Pvalb Il1rapl2 ; original_label:Pvalb Il1rapl2 ; cell_set_label:RNAseq 055 ; cell_set_aligned_alias:'' ; cell_set_additional_aliases:''					PR:000013502		10.1101/2020.03.31.016972
http://www.semanticweb.org/brain_data_standards/AllenDendClass_CS202002013_178	Chandelier	Chandelier cell|RNAseq 056-057|Chandelier|n62	cell_set_preferred_alias:Chandelier ; original_label:n62 ; cell_set_label:RNAseq 056-057 ; cell_set_aligned_alias:Chandelier ; cell_set_additional_aliases:Chandelier cell		CL:4023036		DOI:10.1101/2020.02.29.970558			
http://www.semanticweb.org/brain_data_standards/AllenDendClass_CS202002013_56	Pvalb Vipr2_1	RNAseq 056|Pvalb Vipr2_1	cell_set_preferred_alias:Pvalb Vipr2_1 ; original_label:Pvalb Vipr2_1 ; cell_set_label:RNAseq 056 ; cell_set_aligned_alias:'' ; cell_set_additional_aliases:''					PR:000013502		10.1101/2020.03.31.016972
http://www.semanticweb.org/brain_data_standards/AllenDendClass_CS202002013_57	Pvalb Vipr2_2	RNAseq 057|Pvalb Vipr2_2	cell_set_preferred_alias:Pvalb Vipr2_2 ; original_label:Pvalb Vipr2_2 ; cell_set_label:RNAseq 057 ; cell_set_aligned_alias:'' ; cell_set_additional_aliases:''					PR:000013502		10.1101/2020.03.31.016972
http://www.semanticweb.org/brain_data_standards/AllenDendClass_CS202002013_182	IT projecting	RNAseq 058-069|IT projecting|n66	cell_set_preferred_alias:IT projecting ; original_label:n66 ; cell_set_label:RNAseq 058-069 ; cell_set_aligned_alias:IT projecting ; cell_set_additional_aliases:''		CL:4023008		DOI:10.1101/2020.02.29.970558			
http://www.semanticweb.org/brain_data_standards/AllenDendClass_CS202002013_183	L2/3 IT	RNAseq 058-060|L2/3 IT|n67	cell_set_preferred_alias:L2/3 IT ; original_label:n67 ; cell_set_label:RNAseq 058-060 ; cell_set_aligned_alias:L2/3 IT ; cell_set_additional_aliases:L2/3 IT		CL:4023047		DOI:10.1101/2020.02.29.970558			
http://www.semanticweb.org/brain_data_standards/AllenDendClass_CS202002013_58	L2/3 IT_1	L2/3 IT_1|RNAseq 058	cell_set_preferred_alias:L2/3 IT_1 ; original_label:L2/3 IT_1 ; cell_set_label:RNAseq 058 ; cell_set_aligned_alias:'' ; cell_set_additional_aliases:''							
http://www.semanticweb.org/brain_data_standards/AllenDendClass_CS202002013_59	L2/3 IT_2	L2/3 IT_2|RNAseq 059	cell_set_preferred_alias:L2/3 IT_2 ; original_label:L2/3 IT_2 ; cell_set_label:RNAseq 059 ; cell_set_aligned_alias:'' ; cell_set_additional_aliases:''							
http://www.semanticweb.org/brain_data_standards/AllenDendClass_CS202002013_60	L2/3 IT_3	RNAseq 060|L2/3 IT_3	cell_set_preferred_alias:L2/3 IT_3 ; original_label:L2/3 IT_3 ; cell_set_label:RNAseq 060 ; cell_set_aligned_alias:'' ; cell_set_additional_aliases:''							
http://www.semanticweb.org/brain_data_standards/AllenDendClass_CS202002013_188	L4	L4|L4/5 IT|n72|RNAseq 061-062	cell_set_preferred_alias:L4 ; original_label:n72 ; cell_set_label:RNAseq 061-062 ; cell_set_aligned_alias:L4/5 IT ; cell_set_additional_aliases:''							
http://www.semanticweb.org/brain_data_standards/AllenDendClass_CS202002013_61	L4/5 IT_1	L4/5 IT_1|L4 IT|RNAseq 061	cell_set_preferred_alias:L4/5 IT_1 ; original_label:L4/5 IT_1 ; cell_set_label:RNAseq 061 ; cell_set_aligned_alias:'' ; cell_set_additional_aliases:L4 IT							
http://www.semanticweb.org/brain_data_standards/AllenDendClass_CS202002013_62	L4/5 IT_2	L4/5 IT|L4/5 IT_2|RNAseq 062	cell_set_preferred_alias:L4/5 IT_2 ; original_label:L4/5 IT_2 ; cell_set_label:RNAseq 062 ; cell_set_aligned_alias:'' ; cell_set_additional_aliases:L4/5 IT		CL:4023048		DOI:10.1101/2020.02.29.970558			
http://www.semanticweb.org/brain_data_standards/AllenDendClass_CS202002013_189	L5 IT	n73|RNAseq 063-066|L5 IT	cell_set_preferred_alias:L5 IT ; original_label:n73 ; cell_set_label:RNAseq 063-066 ; cell_set_aligned_alias:L5 IT ; cell_set_additional_aliases:''		CL:4023049		DOI:10.1101/2020.02.29.970558			
http://www.semanticweb.org/brain_data_standards/AllenDendClass_CS202002013_190	L5 IT_C2	L5 IT_2|n74|L5 IT_C2|RNAseq 063-064	cell_set_preferred_alias:L5 IT_C2 ; original_label:n74 ; cell_set_label:RNAseq 063-064 ; cell_set_aligned_alias:'' ; cell_set_additional_aliases:L5 IT_2							
http://www.semanticweb.org/brain_data_standards/AllenDendClass_CS202002013_63	L5 IT_1	L5 IT_1|RNAseq 063	cell_set_preferred_alias:L5 IT_1 ; original_label:L5 IT_1 ; cell_set_label:RNAseq 063 ; cell_set_aligned_alias:'' ; cell_set_additional_aliases:''							
http://www.semanticweb.org/brain_data_standards/AllenDendClass_CS202002013_64	L5 IT_2	L5 IT_2|RNAseq 064	cell_set_preferred_alias:L5 IT_2 ; original_label:L5 IT_2 ; cell_set_label:RNAseq 064 ; cell_set_aligned_alias:'' ; cell_set_additional_aliases:''							
http://www.semanticweb.org/brain_data_standards/AllenDendClass_CS202002013_65	L5 IT_3	L5 IT_3|RNAseq 065	cell_set_preferred_alias:L5 IT_3 ; original_label:L5 IT_3 ; cell_set_label:RNAseq 065 ; cell_set_aligned_alias:'' ; cell_set_additional_aliases:''							
http://www.semanticweb.org/brain_data_standards/AllenDendClass_CS202002013_66	L5 IT_4	RNAseq 066|L5 IT_4	cell_set_preferred_alias:L5 IT_4 ; original_label:L5 IT_4 ; cell_set_label:RNAseq 066 ; cell_set_aligned_alias:'' ; cell_set_additional_aliases:''							
http://www.semanticweb.org/brain_data_standards/AllenDendClass_CS202002013_192	L6 IT	n76|L6 IT|RNAseq 067-068	cell_set_preferred_alias:L6 IT ; original_label:n76 ; cell_set_label:RNAseq 067-068 ; cell_set_aligned_alias:L6 IT ; cell_set_additional_aliases:''		CL:4023050		DOI:10.1101/2020.02.29.970558			
http://www.semanticweb.org/brain_data_standards/AllenDendClass_CS202002013_67	L6 IT_1	RNAseq 067|L6 IT_1	cell_set_preferred_alias:L6 IT_1 ; original_label:L6 IT_1 ; cell_set_label:RNAseq 067 ; cell_set_aligned_alias:'' ; cell_set_additional_aliases:L6 IT_1							
http://www.semanticweb.org/brain_data_standards/AllenDendClass_CS202002013_68	L6 IT_2	L6 IT_2|RNAseq 068	cell_set_preferred_alias:L6 IT_2 ; original_label:L6 IT_2 ; cell_set_label:RNAseq 068 ; cell_set_aligned_alias:'' ; cell_set_additional_aliases:''							
http://www.semanticweb.org/brain_data_standards/AllenDendClass_CS202002013_69	L6 IT Car3	RNAseq 069|L6 IT_3|Claustrum-like IT|L6 IT Car3	cell_set_preferred_alias:L6 IT Car3 ; original_label:L6 IT Car3 ; cell_set_label:RNAseq 069 ; cell_set_aligned_alias:L6 IT Car3 ; cell_set_additional_aliases:L6 IT_3|Claustrum-like IT							
http://www.semanticweb.org/brain_data_standards/AllenDendClass_CS202002013_193	L5 ET	n77|RNAseq 070-073|L5 ET	cell_set_preferred_alias:L5 ET ; original_label:n77 ; cell_set_label:RNAseq 070-073 ; cell_set_aligned_alias:L5 ET ; cell_set_additional_aliases:''		CL:4023041		DOI:10.1101/2020.02.29.970558			
http://www.semanticweb.org/brain_data_standards/AllenDendClass_CS202002013_70	L5 ET_1	L5 ET_1|MY-projecting L5 ET|L5 ET (MY-projecting)|L5 PT_1|RNAseq 070	cell_set_preferred_alias:L5 ET_1 ; original_label:L5 ET_1 ; cell_set_label:RNAseq 070 ; cell_set_aligned_alias:'' ; cell_set_additional_aliases:MY-projecting L5 ET|L5 ET (MY-projecting)|L5 PT_1		CL:4023045		DOI:10.1101/2020.02.29.970558			
http://www.semanticweb.org/brain_data_standards/AllenDendClass_CS202002013_194	L5 ET (Non-MY-projecting)	L5 ET (Non-MY-projecting)|RNAseq 071-073|n78|L5 ET (Non-MY-projecting)|Non-MY-projecting L5 ET	cell_set_preferred_alias:L5 ET (Non-MY-projecting) ; original_label:n78 ; cell_set_label:RNAseq 071-073 ; cell_set_aligned_alias:'' ; cell_set_additional_aliases:L5 ET (Non-MY-projecting)|Non-MY-projecting L5 ET		CL:4023044		DOI:10.1101/2020.02.29.970558			
http://www.semanticweb.org/brain_data_standards/AllenDendClass_CS202002013_71	L5 ET_2	L5 ET_2|L5 PT_2|L5 ET_2|RNAseq 071	cell_set_preferred_alias:L5 ET_2 ; original_label:L5 ET_2 ; cell_set_label:RNAseq 071 ; cell_set_aligned_alias:'' ; cell_set_additional_aliases:L5 ET_2|L5 PT_2							
http://www.semanticweb.org/brain_data_standards/AllenDendClass_CS202002013_72	L5 ET_3	RNAseq 072|L5 PT_3|L5 ET_3	cell_set_preferred_alias:L5 ET_3 ; original_label:L5 ET_3 ; cell_set_label:RNAseq 072 ; cell_set_aligned_alias:'' ; cell_set_additional_aliases:L5 PT_3							
http://www.semanticweb.org/brain_data_standards/AllenDendClass_CS202002013_73	L5 ET_4	RNAseq 073|L5 ET_4|L5 PT_4	cell_set_preferred_alias:L5 ET_4 ; original_label:L5 ET_4 ; cell_set_label:RNAseq 073 ; cell_set_aligned_alias:'' ; cell_set_additional_aliases:L5 PT_4							
http://www.semanticweb.org/brain_data_standards/AllenDendClass_CS202002013_197	L6 CT	Corticothalamic|VAL/VM Projecting|RNAseq 074-080|n81|L6 CT	cell_set_preferred_alias:L6 CT ; original_label:n81 ; cell_set_label:RNAseq 074-080 ; cell_set_aligned_alias:L6 CT ; cell_set_additional_aliases:Corticothalamic|VAL/VM Projecting		CL:4023055		DOI:10.1101/2020.02.29.970558			
http://www.semanticweb.org/brain_data_standards/AllenDendClass_CS202002013_74	L5/6 NP CT	RNAseq 074|L5 IT_3|L5/6 NP CT	cell_set_preferred_alias:L5/6 NP CT ; original_label:L5/6 NP CT ; cell_set_label:RNAseq 074 ; cell_set_aligned_alias:'' ; cell_set_additional_aliases:L5 IT_3							
http://www.semanticweb.org/brain_data_standards/AllenDendClass_CS202002013_75	L6 CT Gpr139	L6 CT Gpr139|RNAseq 075	cell_set_preferred_alias:L6 CT Gpr139 ; original_label:L6 CT Gpr139 ; cell_set_label:RNAseq 075 ; cell_set_aligned_alias:'' ; cell_set_additional_aliases:''							
http://www.semanticweb.org/brain_data_standards/AllenDendClass_CS202002013_76	L6 CT Cpa6	L6 CT Cpa6|L6 CT_2|RNAseq 076	cell_set_preferred_alias:L6 CT Cpa6 ; original_label:L6 CT Cpa6 ; cell_set_label:RNAseq 076 ; cell_set_aligned_alias:'' ; cell_set_additional_aliases:L6 CT_2							
http://www.semanticweb.org/brain_data_standards/AllenDendClass_CS202002013_77	L6 CT Grp	L6 CT Grp|RNAseq 077	cell_set_preferred_alias:L6 CT Grp ; original_label:L6 CT Grp ; cell_set_label:RNAseq 077 ; cell_set_aligned_alias:'' ; cell_set_additional_aliases:''							
http://www.semanticweb.org/brain_data_standards/AllenDendClass_CS202002013_78	L6 CT Pou3f2	L6 CT Pou3f2|RNAseq 078	cell_set_preferred_alias:L6 CT Pou3f2 ; original_label:L6 CT Pou3f2 ; cell_set_label:RNAseq 078 ; cell_set_aligned_alias:'' ; cell_set_additional_aliases:''							
http://www.semanticweb.org/brain_data_standards/AllenDendClass_CS202002013_79	L6 CT Kit_1	L6 CT Kit_1|RNAseq 079	cell_set_preferred_alias:L6 CT Kit_1 ; original_label:L6 CT Kit_1 ; cell_set_label:RNAseq 079 ; cell_set_aligned_alias:'' ; cell_set_additional_aliases:''							
http://www.semanticweb.org/brain_data_standards/AllenDendClass_CS202002013_80	L6 CT Kit_2	L6 CT Kit_2|RNAseq 080	cell_set_preferred_alias:L6 CT Kit_2 ; original_label:L6 CT Kit_2 ; cell_set_label:RNAseq 080 ; cell_set_aligned_alias:'' ; cell_set_additional_aliases:''							
http://www.semanticweb.org/brain_data_standards/AllenDendClass_CS202002013_203	L6b	L6b|L6b subplate|L6b|RNAseq 081-085|n87	cell_set_preferred_alias:L6b ; original_label:n87 ; cell_set_label:RNAseq 081-085 ; cell_set_aligned_alias:L6b ; cell_set_additional_aliases:L6b|L6b subplate		CL:4023046		DOI:10.1101/2020.02.29.970558			
http://www.semanticweb.org/brain_data_standards/AllenDendClass_CS202002013_81	L6b Col6a1	RNAseq 081|L6b Col6a1	cell_set_preferred_alias:L6b Col6a1 ; original_label:L6b Col6a1 ; cell_set_label:RNAseq 081 ; cell_set_aligned_alias:'' ; cell_set_additional_aliases:''							
http://www.semanticweb.org/brain_data_standards/AllenDendClass_CS202002013_82	L6b Shisa6_1	L6b Shisa6_1|RNAseq 082	cell_set_preferred_alias:L6b Shisa6_1 ; original_label:L6b Shisa6_1 ; cell_set_label:RNAseq 082 ; cell_set_aligned_alias:'' ; cell_set_additional_aliases:''							
http://www.semanticweb.org/brain_data_standards/AllenDendClass_CS202002013_83	L6b Shisa6_2	RNAseq 083|L6b Shisa6_2	cell_set_preferred_alias:L6b Shisa6_2 ; original_label:L6b Shisa6_2 ; cell_set_label:RNAseq 083 ; cell_set_aligned_alias:'' ; cell_set_additional_aliases:''							
http://www.semanticweb.org/brain_data_standards/AllenDendClass_CS202002013_84	L6b Ror1	RNAseq 084|L6b Ror1	cell_set_preferred_alias:L6b Ror1 ; original_label:L6b Ror1 ; cell_set_label:RNAseq 084 ; cell_set_aligned_alias:'' ; cell_set_additional_aliases:''							
http://www.semanticweb.org/brain_data_standards/AllenDendClass_CS202002013_85	L6b Kcnip1	L6b Kcnip1|RNAseq 085	cell_set_preferred_alias:L6b Kcnip1 ; original_label:L6b Kcnip1 ; cell_set_label:RNAseq 085 ; cell_set_aligned_alias:'' ; cell_set_additional_aliases:''							
http://www.semanticweb.org/brain_data_standards/AllenDendClass_CS202002013_207	L5/6 NP	L5/6 NP|RNAseq 086-088|n91|L5/6 NP|Near-projecting	cell_set_preferred_alias:L5/6 NP ; original_label:n91 ; cell_set_label:RNAseq 086-088 ; cell_set_aligned_alias:L5/6 NP ; cell_set_additional_aliases:L5/6 NP|Near-projecting		CL:4023043		DOI:10.1101/2020.02.29.970558			
http://www.semanticweb.org/brain_data_standards/AllenDendClass_CS202002013_86	L5/6 NP_1	L5/6 NP_1|RNAseq 086	cell_set_preferred_alias:L5/6 NP_1 ; original_label:L5/6 NP_1 ; cell_set_label:RNAseq 086 ; cell_set_aligned_alias:'' ; cell_set_additional_aliases:''							
http://www.semanticweb.org/brain_data_standards/AllenDendClass_CS202002013_87	L5/6 NP_2	RNAseq 087|L5/6 NP_2	cell_set_preferred_alias:L5/6 NP_2 ; original_label:L5/6 NP_2 ; cell_set_label:RNAseq 087 ; cell_set_aligned_alias:'' ; cell_set_additional_aliases:''							
http://www.semanticweb.org/brain_data_standards/AllenDendClass_CS202002013_88	L5/6 NP_3	RNAseq 088|L5/6 NP_3	cell_set_preferred_alias:L5/6 NP_3 ; original_label:L5/6 NP_3 ; cell_set_label:RNAseq 088 ; cell_set_aligned_alias:'' ; cell_set_additional_aliases:''							
http://www.semanticweb.org/brain_data_standards/AllenDendClass_CS202002013_89	Meis2 (cluster)	RNAseq 089|Meis2 (cluster)|Meis2	cell_set_preferred_alias:Meis2 (cluster) ; original_label:Meis2 ; cell_set_label:RNAseq 089 ; cell_set_aligned_alias:'' ; cell_set_additional_aliases:''							
http://www.semanticweb.org/brain_data_standards/AllenDendClass_CS202002013_90	Meis2_Top2a	Meis2_Top2a|RNAseq 090	cell_set_preferred_alias:Meis2_Top2a ; original_label:Meis2_Top2a ; cell_set_label:RNAseq 090 ; cell_set_aligned_alias:'' ; cell_set_additional_aliases:''							
http://www.semanticweb.org/brain_data_standards/AllenDendClass_CS202002013_91	OPC Pdgfra	OPC Pdgfra|RNAseq 091|OPC	cell_set_preferred_alias:OPC Pdgfra ; original_label:OPC Pdgfra ; cell_set_label:RNAseq 091 ; cell_set_aligned_alias:OPC ; cell_set_additional_aliases:OPC		CL:0002453		DOI:10.1101/2020.02.29.970558			
http://www.semanticweb.org/brain_data_standards/AllenDendClass_CS202002013_92	Astro_Top2a	RNAseq 092|Astro_Top2a	cell_set_preferred_alias:Astro_Top2a ; original_label:Astro_Top2a ; cell_set_label:RNAseq 092 ; cell_set_aligned_alias:'' ; cell_set_additional_aliases:''							
http://www.semanticweb.org/brain_data_standards/AllenDendClass_CS202002013_211	Astro_C1	n95|Astro_1|Astro_C1|RNAseq 093-094	cell_set_preferred_alias:Astro_C1 ; original_label:n95 ; cell_set_label:RNAseq 093-094 ; cell_set_aligned_alias:'' ; cell_set_additional_aliases:Astro_1							
http://www.semanticweb.org/brain_data_standards/AllenDendClass_CS202002013_93	Astro Aqp4_Gfap	RNAseq 093|Astro Aqp4_Gfap	cell_set_preferred_alias:Astro Aqp4_Gfap ; original_label:Astro Aqp4_Gfap ; cell_set_label:RNAseq 093 ; cell_set_aligned_alias:'' ; cell_set_additional_aliases:''							
http://www.semanticweb.org/brain_data_standards/AllenDendClass_CS202002013_94	Astro Aqp4_Slc7a10	RNAseq 094|Astro Aqp4_Slc7a10	cell_set_preferred_alias:Astro Aqp4_Slc7a10 ; original_label:Astro Aqp4_Slc7a10 ; cell_set_label:RNAseq 094 ; cell_set_aligned_alias:'' ; cell_set_additional_aliases:''							
http://www.semanticweb.org/brain_data_standards/AllenDendClass_CS202002013_95	Oligo Enpp6_1	Oligo Enpp6_1|RNAseq 095	cell_set_preferred_alias:Oligo Enpp6_1 ; original_label:Oligo Enpp6_1 ; cell_set_label:RNAseq 095 ; cell_set_aligned_alias:'' ; cell_set_additional_aliases:''							
http://www.semanticweb.org/brain_data_standards/AllenDendClass_CS202002013_96	Oligo Enpp6_2	Oligo Enpp6_2|RNAseq 096	cell_set_preferred_alias:Oligo Enpp6_2 ; original_label:Oligo Enpp6_2 ; cell_set_label:RNAseq 096 ; cell_set_aligned_alias:'' ; cell_set_additional_aliases:''							
http://www.semanticweb.org/brain_data_standards/AllenDendClass_CS202002013_97	Oligo Enpp6_3	RNAseq 097|Oligo Enpp6_3	cell_set_preferred_alias:Oligo Enpp6_3 ; original_label:Oligo Enpp6_3 ; cell_set_label:RNAseq 097 ; cell_set_aligned_alias:'' ; cell_set_additional_aliases:''							
http://www.semanticweb.org/brain_data_standards/AllenDendClass_CS202002013_98	Oligo Enpp6_4	Oligo Enpp6_4|RNAseq 098	cell_set_preferred_alias:Oligo Enpp6_4 ; original_label:Oligo Enpp6_4 ; cell_set_label:RNAseq 098 ; cell_set_aligned_alias:'' ; cell_set_additional_aliases:''							
http://www.semanticweb.org/brain_data_standards/AllenDendClass_CS202002013_99	Oligo Opalin_1	RNAseq 099|Oligo_1|Oligo Opalin_1	cell_set_preferred_alias:Oligo Opalin_1 ; original_label:Oligo Opalin_1 ; cell_set_label:RNAseq 099 ; cell_set_aligned_alias:'' ; cell_set_additional_aliases:Oligo_1							
http://www.semanticweb.org/brain_data_standards/AllenDendClass_CS202002013_100	Oligo Opalin_2	RNAseq 100|Oligo Opalin_2	cell_set_preferred_alias:Oligo Opalin_2 ; original_label:Oligo Opalin_2 ; cell_set_label:RNAseq 100 ; cell_set_aligned_alias:'' ; cell_set_additional_aliases:''							
http://www.semanticweb.org/brain_data_standards/AllenDendClass_CS202002013_101	Oligo Opalin_3	RNAseq 101|Oligo Opalin_3	cell_set_preferred_alias:Oligo Opalin_3 ; original_label:Oligo Opalin_3 ; cell_set_label:RNAseq 101 ; cell_set_aligned_alias:'' ; cell_set_additional_aliases:''							
http://www.semanticweb.org/brain_data_standards/AllenDendClass_CS202002013_102	Oligo Opalin_4	RNAseq 102|Oligo Opalin_4	cell_set_preferred_alias:Oligo Opalin_4 ; original_label:Oligo Opalin_4 ; cell_set_label:RNAseq 102 ; cell_set_aligned_alias:'' ; cell_set_additional_aliases:''							
http://www.semanticweb.org/brain_data_standards/AllenDendClass_CS202002013_103	Endo	RNAseq 103|Endo|Endothelial	cell_set_preferred_alias:Endo ; original_label:Endo ; cell_set_label:RNAseq 103 ; cell_set_aligned_alias:Endothelial ; cell_set_additional_aliases:Endo		CL:1001602		DOI:10.1101/2020.02.29.970558			
http://www.semanticweb.org/brain_data_standards/AllenDendClass_CS202002013_104	VLMC_1	RNAseq 104|VLMC_1	cell_set_preferred_alias:VLMC_1 ; original_label:VLMC_1 ; cell_set_label:RNAseq 104 ; cell_set_aligned_alias:'' ; cell_set_additional_aliases:''							
http://www.semanticweb.org/brain_data_standards/AllenDendClass_CS202002013_105	VLMC_2	RNAseq 105|VLMC_2	cell_set_preferred_alias:VLMC_2 ; original_label:VLMC_2 ; cell_set_label:RNAseq 105 ; cell_set_aligned_alias:'' ; cell_set_additional_aliases:''							
http://www.semanticweb.org/brain_data_standards/AllenDendClass_CS202002013_106	VLMC_3	VLMC_3|RNAseq 106	cell_set_preferred_alias:VLMC_3 ; original_label:VLMC_3 ; cell_set_label:RNAseq 106 ; cell_set_aligned_alias:'' ; cell_set_additional_aliases:''							
http://www.semanticweb.org/brain_data_standards/AllenDendClass_CS202002013_107	VLMC_4	VLMC_4|RNAseq 107	cell_set_preferred_alias:VLMC_4 ; original_label:VLMC_4 ; cell_set_label:RNAseq 107 ; cell_set_aligned_alias:'' ; cell_set_additional_aliases:''							
http://www.semanticweb.org/brain_data_standards/AllenDendClass_CS202002013_108	VLMC_5	VLMC_5|RNAseq 108	cell_set_preferred_alias:VLMC_5 ; original_label:VLMC_5 ; cell_set_label:RNAseq 108 ; cell_set_aligned_alias:'' ; cell_set_additional_aliases:''							
http://www.semanticweb.org/brain_data_standards/AllenDendClass_CS202002013_109	VLMC_6	VLMC_6|RNAseq 109	cell_set_preferred_alias:VLMC_6 ; original_label:VLMC_6 ; cell_set_label:RNAseq 109 ; cell_set_aligned_alias:'' ; cell_set_additional_aliases:''							
http://www.semanticweb.org/brain_data_standards/AllenDendClass_CS202002013_110	VLMC_7	RNAseq 110|VLMC_7	cell_set_preferred_alias:VLMC_7 ; original_label:VLMC_7 ; cell_set_label:RNAseq 110 ; cell_set_aligned_alias:'' ; cell_set_additional_aliases:''							
http://www.semanticweb.org/brain_data_standards/AllenDendClass_CS202002013_111	SMC	RNAseq 111|SMC	cell_set_preferred_alias:SMC ; original_label:SMC ; cell_set_label:RNAseq 111 ; cell_set_aligned_alias:SMC ; cell_set_additional_aliases:''		CL:0002590 		DOI:10.1101/2020.02.29.970558			
http://www.semanticweb.org/brain_data_standards/AllenDendClass_CS202002013_112	Peri	Peri|RNAseq 112|Pericyte	cell_set_preferred_alias:Peri ; original_label:Peri ; cell_set_label:RNAseq 112 ; cell_set_aligned_alias:Pericyte ; cell_set_additional_aliases:''		CL:2000043		DOI:10.1101/2020.02.29.970558			
http://www.semanticweb.org/brain_data_standards/AllenDendClass_CS202002013_113	Micro	Microglia|Micro|RNAseq 113	cell_set_preferred_alias:Micro ; original_label:Micro ; cell_set_label:RNAseq 113 ; cell_set_aligned_alias:Microglia ; cell_set_additional_aliases:''		CL:0000129		DOI:10.1101/2020.02.29.970558			