ID	CLASS_TYPE	Evidence	Gross_cell_type	Brain_region	Marker1	Marker2	Marker3	Marker4	Marker5	Marker6	Marker7	Marker8	Marker9	Marker10	Marker11	Marker12	Marker13	Marker14	Marker15	Marker16	Marker17
ID	CLASS_TYPE	AI RO:0002558	C %	C 'has soma location' some %	C expresses some %	C expresses some %	C expresses some %	C expresses some %	C expresses some %	C expresses some %	C expresses some %	C expresses some %	C expresses some %	C expresses some %	C expresses some %	C expresses some %	C expresses some %	C expresses some %	C expresses some %	C expresses some %	C expresses some %
http://www.semanticweb.org/brain_data_standards/AllenDendClass_CS202002013_124	equivalent	http://www.semanticweb.org/brain_data_standards/AllenDend_CS202002013_124	CL:0011005	UBERON:0001384	ensembl:ENSMUSG00000010175	ensembl:ENSMUSG00000052551															
http://www.semanticweb.org/brain_data_standards/AllenDendClass_CS202002013_125	equivalent	http://www.semanticweb.org/brain_data_standards/AllenDend_CS202002013_125	CL:0011005	UBERON:0001384	ensembl:ENSMUSG00000010175	ensembl:ENSMUSG00000075270	ensembl:ENSMUSG00000052551	ensembl:ENSMUSG00000029819													
http://www.semanticweb.org/brain_data_standards/AllenDendClass_CS202002013_126	equivalent	http://www.semanticweb.org/brain_data_standards/AllenDend_CS202002013_126	CL:0011005	UBERON:0001384	ensembl:ENSMUSG00000010175	ensembl:ENSMUSG00000021508	ensembl:ENSMUSG00000042453	ensembl:ENSMUSG00000052551	ensembl:ENSMUSG00000075270	ensembl:ENSMUSG00000029819											
http://www.semanticweb.org/brain_data_standards/AllenDendClass_CS202002013_1	equivalent	http://www.semanticweb.org/brain_data_standards/AllenDend_CS202002013_1	CL:0011005	UBERON:0001384	ensembl:ENSMUSG00000010175	ensembl:ENSMUSG00000021508	ensembl:ENSMUSG00000027168	ensembl:ENSMUSG00000042453	ensembl:ENSMUSG00000052551	ensembl:ENSMUSG00000024867	ensembl:ENSMUSG00000075270	ensembl:ENSMUSG00000029819									
http://www.semanticweb.org/brain_data_standards/AllenDendClass_CS202002013_127	equivalent	http://www.semanticweb.org/brain_data_standards/AllenDend_CS202002013_127	CL:0011005	UBERON:0001384	ensembl:ENSMUSG00000010175	ensembl:ENSMUSG00000021508	ensembl:ENSMUSG00000042453	ensembl:ENSMUSG00000052551	ensembl:ENSMUSG00000075270	ensembl:ENSMUSG00000029819											
http://www.semanticweb.org/brain_data_standards/AllenDendClass_CS202002013_2	equivalent	http://www.semanticweb.org/brain_data_standards/AllenDend_CS202002013_2	CL:0011005	UBERON:0001384	ensembl:ENSMUSG00000010175	ensembl:ENSMUSG00000021508	ensembl:ENSMUSG00000030525	ensembl:ENSMUSG00000059187	ensembl:ENSMUSG00000042453	ensembl:ENSMUSG00000052551	ensembl:ENSMUSG00000075270	ensembl:ENSMUSG00000024598	ensembl:ENSMUSG00000029819								
http://www.semanticweb.org/brain_data_standards/AllenDendClass_CS202002013_128	equivalent	http://www.semanticweb.org/brain_data_standards/AllenDend_CS202002013_128	CL:0011005	UBERON:0001384	ensembl:ENSMUSG00000010175	ensembl:ENSMUSG00000021508	ensembl:ENSMUSG00000049001	ensembl:ENSMUSG00000042453	ensembl:ENSMUSG00000052551	ensembl:ENSMUSG00000075270	ensembl:ENSMUSG00000029819										
http://www.semanticweb.org/brain_data_standards/AllenDendClass_CS202002013_3	equivalent	http://www.semanticweb.org/brain_data_standards/AllenDend_CS202002013_3	CL:0011005	UBERON:0001384	ensembl:ENSMUSG00000010175	ensembl:ENSMUSG00000021508	ensembl:ENSMUSG00000092094	ensembl:ENSMUSG00000049001	ensembl:ENSMUSG00000042453	ensembl:ENSMUSG00000024074	ensembl:ENSMUSG00000052551	ensembl:ENSMUSG00000075270	ensembl:ENSMUSG00000029819								
http://www.semanticweb.org/brain_data_standards/AllenDendClass_CS202002013_4	equivalent	http://www.semanticweb.org/brain_data_standards/AllenDend_CS202002013_4	CL:0011005	UBERON:0001384	ensembl:ENSMUSG00000010175	ensembl:ENSMUSG00000021508	ensembl:ENSMUSG00000020902	ensembl:ENSMUSG00000049001	ensembl:ENSMUSG00000042453	ensembl:ENSMUSG00000052551	ensembl:ENSMUSG00000075270	ensembl:ENSMUSG00000029819									
http://www.semanticweb.org/brain_data_standards/AllenDendClass_CS202002013_129	equivalent	http://www.semanticweb.org/brain_data_standards/AllenDend_CS202002013_129	CL:0011005	UBERON:0001384	ensembl:ENSMUSG00000010175	ensembl:ENSMUSG00000051111	ensembl:ENSMUSG00000052551	ensembl:ENSMUSG00000075270	ensembl:ENSMUSG00000029819												
http://www.semanticweb.org/brain_data_standards/AllenDendClass_CS202002013_130	equivalent	http://www.semanticweb.org/brain_data_standards/AllenDend_CS202002013_130	CL:0011005	UBERON:0001384	ensembl:ENSMUSG00000010175	ensembl:ENSMUSG00000051111	ensembl:ENSMUSG00000052551	ensembl:ENSMUSG00000005672	ensembl:ENSMUSG00000075270	ensembl:ENSMUSG00000029819											
http://www.semanticweb.org/brain_data_standards/AllenDendClass_CS202002013_131	equivalent	http://www.semanticweb.org/brain_data_standards/AllenDend_CS202002013_131	CL:0011005	UBERON:0001384	ensembl:ENSMUSG00000010175	ensembl:ENSMUSG00000051111	ensembl:ENSMUSG00000049001	ensembl:ENSMUSG00000052551	ensembl:ENSMUSG00000005672	ensembl:ENSMUSG00000075270	ensembl:ENSMUSG00000029819										
http://www.semanticweb.org/brain_data_standards/AllenDendClass_CS202002013_5	equivalent	http://www.semanticweb.org/brain_data_standards/AllenDend_CS202002013_5	CL:0011005	UBERON:0001384	ensembl:ENSMUSG00000010175	ensembl:ENSMUSG00000027971	ensembl:ENSMUSG00000051111	ensembl:ENSMUSG00000049001	ensembl:ENSMUSG00000044447	ensembl:ENSMUSG00000052551	ensembl:ENSMUSG00000005672	ensembl:ENSMUSG00000075270	ensembl:ENSMUSG00000029819								
http://www.semanticweb.org/brain_data_standards/AllenDendClass_CS202002013_6	equivalent	http://www.semanticweb.org/brain_data_standards/AllenDend_CS202002013_6	CL:0011005	UBERON:0001384	ensembl:ENSMUSG00000010175	ensembl:ENSMUSG00000051111	ensembl:ENSMUSG00000049001	ensembl:ENSMUSG00000052551	ensembl:ENSMUSG00000005672	ensembl:ENSMUSG00000075270	ensembl:ENSMUSG00000029819										
http://www.semanticweb.org/brain_data_standards/AllenDendClass_CS202002013_7	equivalent	http://www.semanticweb.org/brain_data_standards/AllenDend_CS202002013_7	CL:0011005	UBERON:0001384	ensembl:ENSMUSG00000010175	ensembl:ENSMUSG00000051111	ensembl:ENSMUSG00000022231	ensembl:ENSMUSG00000055471	ensembl:ENSMUSG00000052551	ensembl:ENSMUSG00000005672	ensembl:ENSMUSG00000075270	ensembl:ENSMUSG00000029819									
http://www.semanticweb.org/brain_data_standards/AllenDendClass_CS202002013_8	equivalent	http://www.semanticweb.org/brain_data_standards/AllenDend_CS202002013_8	CL:0011005	UBERON:0001384	ensembl:ENSMUSG00000010175	ensembl:ENSMUSG00000051111	ensembl:ENSMUSG00000110002	ensembl:ENSMUSG00000052551	ensembl:ENSMUSG00000029361	ensembl:ENSMUSG00000075270	ensembl:ENSMUSG00000029819										
http://www.semanticweb.org/brain_data_standards/AllenDendClass_CS202002013_132	equivalent	http://www.semanticweb.org/brain_data_standards/AllenDend_CS202002013_132	CL:0011005	UBERON:0001384	ensembl:ENSMUSG00000010175	ensembl:ENSMUSG00000052551	ensembl:ENSMUSG00000019772														
http://www.semanticweb.org/brain_data_standards/AllenDendClass_CS202002013_133	equivalent	http://www.semanticweb.org/brain_data_standards/AllenDend_CS202002013_133	CL:0011005	UBERON:0001384	ensembl:ENSMUSG00000010175	ensembl:ENSMUSG00000052551	ensembl:ENSMUSG00000019772	ensembl:ENSMUSG00000058897	ensembl:ENSMUSG00000044288												
http://www.semanticweb.org/brain_data_standards/AllenDendClass_CS202002013_134	equivalent	http://www.semanticweb.org/brain_data_standards/AllenDend_CS202002013_134	CL:0011005	UBERON:0001384	ensembl:ENSMUSG00000010175	ensembl:ENSMUSG00000059049	ensembl:ENSMUSG00000048967	ensembl:ENSMUSG00000052551	ensembl:ENSMUSG00000019772	ensembl:ENSMUSG00000058897	ensembl:ENSMUSG00000044288										
http://www.semanticweb.org/brain_data_standards/AllenDendClass_CS202002013_9	equivalent	http://www.semanticweb.org/brain_data_standards/AllenDend_CS202002013_9	CL:0011005	UBERON:0001384	ensembl:ENSMUSG00000010175	ensembl:ENSMUSG00000039385	ensembl:ENSMUSG00000059049	ensembl:ENSMUSG00000048967	ensembl:ENSMUSG00000015766	ensembl:ENSMUSG00000052551	ensembl:ENSMUSG00000019772	ensembl:ENSMUSG00000058897	ensembl:ENSMUSG00000044288								
http://www.semanticweb.org/brain_data_standards/AllenDendClass_CS202002013_10	equivalent	http://www.semanticweb.org/brain_data_standards/AllenDend_CS202002013_10	CL:0011005	UBERON:0001384	ensembl:ENSMUSG00000010175	ensembl:ENSMUSG00000059049	ensembl:ENSMUSG00000019935	ensembl:ENSMUSG00000048967	ensembl:ENSMUSG00000052551	ensembl:ENSMUSG00000019772	ensembl:ENSMUSG00000058897	ensembl:ENSMUSG00000044288									
http://www.semanticweb.org/brain_data_standards/AllenDendClass_CS202002013_135	equivalent	http://www.semanticweb.org/brain_data_standards/AllenDend_CS202002013_135	CL:0011005	UBERON:0001384	ensembl:ENSMUSG00000010175	ensembl:ENSMUSG00000028004	ensembl:ENSMUSG00000058897	ensembl:ENSMUSG00000052551	ensembl:ENSMUSG00000019772	ensembl:ENSMUSG00000029101	ensembl:ENSMUSG00000044288										
http://www.semanticweb.org/brain_data_standards/AllenDendClass_CS202002013_136	equivalent	http://www.semanticweb.org/brain_data_standards/AllenDend_CS202002013_136	CL:0011005	UBERON:0001384	ensembl:ENSMUSG00000010175	ensembl:ENSMUSG00000019772	ensembl:ENSMUSG00000028004	ensembl:ENSMUSG00000029101	ensembl:ENSMUSG00000052551	ensembl:ENSMUSG00000028364	ensembl:ENSMUSG00000058897	ensembl:ENSMUSG00000044288									
http://www.semanticweb.org/brain_data_standards/AllenDendClass_CS202002013_11	equivalent	http://www.semanticweb.org/brain_data_standards/AllenDend_CS202002013_11	CL:0011005	UBERON:0001384	ensembl:ENSMUSG00000010175	ensembl:ENSMUSG00000042045	ensembl:ENSMUSG00000019772	ensembl:ENSMUSG00000028004	ensembl:ENSMUSG00000027849	ensembl:ENSMUSG00000058897	ensembl:ENSMUSG00000063661	ensembl:ENSMUSG00000052551	ensembl:ENSMUSG00000028364	ensembl:ENSMUSG00000029101	ensembl:ENSMUSG00000044288						
http://www.semanticweb.org/brain_data_standards/AllenDendClass_CS202002013_12	equivalent	http://www.semanticweb.org/brain_data_standards/AllenDend_CS202002013_12	CL:0011005	UBERON:0001384	ensembl:ENSMUSG00000028222	ensembl:ENSMUSG00000010175	ensembl:ENSMUSG00000019772	ensembl:ENSMUSG00000028004	ensembl:ENSMUSG00000027849	ensembl:ENSMUSG00000024376	ensembl:ENSMUSG00000058897	ensembl:ENSMUSG00000052551	ensembl:ENSMUSG00000028364	ensembl:ENSMUSG00000029101	ensembl:ENSMUSG00000044288						
http://www.semanticweb.org/brain_data_standards/AllenDendClass_CS202002013_137	equivalent	http://www.semanticweb.org/brain_data_standards/AllenDend_CS202002013_137	CL:0011005	UBERON:0001384	ensembl:ENSMUSG00000010175	ensembl:ENSMUSG00000028004	ensembl:ENSMUSG00000058897	ensembl:ENSMUSG00000052551	ensembl:ENSMUSG00000019772	ensembl:ENSMUSG00000029101	ensembl:ENSMUSG00000044288										
http://www.semanticweb.org/brain_data_standards/AllenDendClass_CS202002013_13	equivalent	http://www.semanticweb.org/brain_data_standards/AllenDend_CS202002013_13	CL:0011005	UBERON:0001384	ensembl:ENSMUSG00000010175	ensembl:ENSMUSG00000028004	ensembl:ENSMUSG00000058897	ensembl:ENSMUSG00000052551	ensembl:ENSMUSG00000019772	ensembl:ENSMUSG00000029101	ensembl:ENSMUSG00000044288										
http://www.semanticweb.org/brain_data_standards/AllenDendClass_CS202002013_14	equivalent	http://www.semanticweb.org/brain_data_standards/AllenDend_CS202002013_14	CL:0011005	UBERON:0001384	ensembl:ENSMUSG00000010175	ensembl:ENSMUSG00000028004	ensembl:ENSMUSG00000058897	ensembl:ENSMUSG00000022656	ensembl:ENSMUSG00000049796	ensembl:ENSMUSG00000052551	ensembl:ENSMUSG00000019772	ensembl:ENSMUSG00000029101	ensembl:ENSMUSG00000020099	ensembl:ENSMUSG00000044288							
http://www.semanticweb.org/brain_data_standards/AllenDendClass_CS202002013_138	equivalent	http://www.semanticweb.org/brain_data_standards/AllenDend_CS202002013_138	CL:0011005	UBERON:0001384	ensembl:ENSMUSG00000010175	ensembl:ENSMUSG00000052551	ensembl:ENSMUSG00000019772														
http://www.semanticweb.org/brain_data_standards/AllenDendClass_CS202002013_139	equivalent	http://www.semanticweb.org/brain_data_standards/AllenDend_CS202002013_139	CL:0011005	UBERON:0001384	ensembl:ENSMUSG00000010175	ensembl:ENSMUSG00000022425	ensembl:ENSMUSG00000022371	ensembl:ENSMUSG00000052551	ensembl:ENSMUSG00000038718	ensembl:ENSMUSG00000019772											
http://www.semanticweb.org/brain_data_standards/AllenDendClass_CS202002013_140	equivalent	http://www.semanticweb.org/brain_data_standards/AllenDend_CS202002013_140	CL:0011005	UBERON:0001384	ensembl:ENSMUSG00000010175	ensembl:ENSMUSG00000022425	ensembl:ENSMUSG00000069911	ensembl:ENSMUSG00000037362	ensembl:ENSMUSG00000022371	ensembl:ENSMUSG00000052551	ensembl:ENSMUSG00000038718	ensembl:ENSMUSG00000019772	ensembl:ENSMUSG00000084908								
http://www.semanticweb.org/brain_data_standards/AllenDendClass_CS202002013_15	equivalent	http://www.semanticweb.org/brain_data_standards/AllenDend_CS202002013_15	CL:0011005	UBERON:0001384	ensembl:ENSMUSG00000010175	ensembl:ENSMUSG00000022425	ensembl:ENSMUSG00000069911	ensembl:ENSMUSG00000026475	ensembl:ENSMUSG00000022371	ensembl:ENSMUSG00000027996	ensembl:ENSMUSG00000037362	ensembl:ENSMUSG00000052551	ensembl:ENSMUSG00000038718	ensembl:ENSMUSG00000019772	ensembl:ENSMUSG00000084908						
http://www.semanticweb.org/brain_data_standards/AllenDendClass_CS202002013_16	equivalent	http://www.semanticweb.org/brain_data_standards/AllenDend_CS202002013_16	CL:0011005	UBERON:0001384	ensembl:ENSMUSG00000010175	ensembl:ENSMUSG00000022425	ensembl:ENSMUSG00000037362	ensembl:ENSMUSG00000069911	ensembl:ENSMUSG00000022371	ensembl:ENSMUSG00000052551	ensembl:ENSMUSG00000038718	ensembl:ENSMUSG00000019772	ensembl:ENSMUSG00000084908								
http://www.semanticweb.org/brain_data_standards/AllenDendClass_CS202002013_17	equivalent	http://www.semanticweb.org/brain_data_standards/AllenDend_CS202002013_17	CL:0011005	UBERON:0001384	ensembl:ENSMUSG00000010175	ensembl:ENSMUSG00000022425	ensembl:ENSMUSG00000025813	ensembl:ENSMUSG00000037362	ensembl:ENSMUSG00000022371	ensembl:ENSMUSG00000052551	ensembl:ENSMUSG00000038718	ensembl:ENSMUSG00000019772	ensembl:ENSMUSG00000040624								
http://www.semanticweb.org/brain_data_standards/AllenDendClass_CS202002013_141	equivalent	http://www.semanticweb.org/brain_data_standards/AllenDend_CS202002013_141	CL:0011005	UBERON:0001384	ensembl:ENSMUSG00000010175	ensembl:ENSMUSG00000052551	ensembl:ENSMUSG00000019772														
http://www.semanticweb.org/brain_data_standards/AllenDendClass_CS202002013_142	equivalent	http://www.semanticweb.org/brain_data_standards/AllenDend_CS202002013_142	CL:0011005	UBERON:0001384	ensembl:ENSMUSG00000010175	ensembl:ENSMUSG00000052551	ensembl:ENSMUSG00000019772														
http://www.semanticweb.org/brain_data_standards/AllenDendClass_CS202002013_143	equivalent	http://www.semanticweb.org/brain_data_standards/AllenDend_CS202002013_143	CL:0011005	UBERON:0001384	ensembl:ENSMUSG00000000805	ensembl:ENSMUSG00000010175	ensembl:ENSMUSG00000049796	ensembl:ENSMUSG00000052551	ensembl:ENSMUSG00000019772												
http://www.semanticweb.org/brain_data_standards/AllenDendClass_CS202002013_18	equivalent	http://www.semanticweb.org/brain_data_standards/AllenDend_CS202002013_18	CL:0011005	UBERON:0001384	ensembl:ENSMUSG00000010175	ensembl:ENSMUSG00000045648	ensembl:ENSMUSG00000000805	ensembl:ENSMUSG00000037362	ensembl:ENSMUSG00000052551	ensembl:ENSMUSG00000049796	ensembl:ENSMUSG00000019772										
http://www.semanticweb.org/brain_data_standards/AllenDendClass_CS202002013_144	equivalent	http://www.semanticweb.org/brain_data_standards/AllenDend_CS202002013_144	CL:0011005	UBERON:0001384	ensembl:ENSMUSG00000021662	ensembl:ENSMUSG00000010175	ensembl:ENSMUSG00000000805	ensembl:ENSMUSG00000052551	ensembl:ENSMUSG00000049796	ensembl:ENSMUSG00000019772	ensembl:ENSMUSG00000028121										
http://www.semanticweb.org/brain_data_standards/AllenDendClass_CS202002013_19	equivalent	http://www.semanticweb.org/brain_data_standards/AllenDend_CS202002013_19	CL:0011005	UBERON:0001384	ensembl:ENSMUSG00000021662	ensembl:ENSMUSG00000010175	ensembl:ENSMUSG00000000805	ensembl:ENSMUSG00000041741	ensembl:ENSMUSG00000052551	ensembl:ENSMUSG00000038718	ensembl:ENSMUSG00000049796	ensembl:ENSMUSG00000019772	ensembl:ENSMUSG00000028121								
http://www.semanticweb.org/brain_data_standards/AllenDendClass_CS202002013_20	equivalent	http://www.semanticweb.org/brain_data_standards/AllenDend_CS202002013_20	CL:0011005	UBERON:0001384	ensembl:ENSMUSG00000021662	ensembl:ENSMUSG00000010175	ensembl:ENSMUSG00000000805	ensembl:ENSMUSG00000020042	ensembl:ENSMUSG00000049796	ensembl:ENSMUSG00000052551	ensembl:ENSMUSG00000031963	ensembl:ENSMUSG00000019772	ensembl:ENSMUSG00000028121								
http://www.semanticweb.org/brain_data_standards/AllenDendClass_CS202002013_145	equivalent	http://www.semanticweb.org/brain_data_standards/AllenDend_CS202002013_145	CL:0011005	UBERON:0001384	ensembl:ENSMUSG00000010175	ensembl:ENSMUSG00000052551	ensembl:ENSMUSG00000030170	ensembl:ENSMUSG00000019772													
http://www.semanticweb.org/brain_data_standards/AllenDendClass_CS202002013_21	equivalent	http://www.semanticweb.org/brain_data_standards/AllenDend_CS202002013_21	CL:0011005	UBERON:0001384	ensembl:ENSMUSG00000010175	ensembl:ENSMUSG00000032269	ensembl:ENSMUSG00000030170	ensembl:ENSMUSG00000052551	ensembl:ENSMUSG00000019772	ensembl:ENSMUSG00000112276											
http://www.semanticweb.org/brain_data_standards/AllenDendClass_CS202002013_146	equivalent	http://www.semanticweb.org/brain_data_standards/AllenDend_CS202002013_146	CL:0011005	UBERON:0001384	ensembl:ENSMUSG00000010175	ensembl:ENSMUSG00000030170	ensembl:ENSMUSG00000052551	ensembl:ENSMUSG00000019772	ensembl:ENSMUSG00000048776												
http://www.semanticweb.org/brain_data_standards/AllenDendClass_CS202002013_147	equivalent	http://www.semanticweb.org/brain_data_standards/AllenDend_CS202002013_147	CL:0011005	UBERON:0001384	ensembl:ENSMUSG00000010175	ensembl:ENSMUSG00000030170	ensembl:ENSMUSG00000023945	ensembl:ENSMUSG00000052551	ensembl:ENSMUSG00000019772	ensembl:ENSMUSG00000048776	ensembl:ENSMUSG00000021919										
http://www.semanticweb.org/brain_data_standards/AllenDendClass_CS202002013_22	equivalent	http://www.semanticweb.org/brain_data_standards/AllenDend_CS202002013_22	CL:0011005	UBERON:0001384	ensembl:ENSMUSG00000010175	ensembl:ENSMUSG00000003657	ensembl:ENSMUSG00000030170	ensembl:ENSMUSG00000023945	ensembl:ENSMUSG00000052551	ensembl:ENSMUSG00000019772	ensembl:ENSMUSG00000110281	ensembl:ENSMUSG00000048776	ensembl:ENSMUSG00000021919								
http://www.semanticweb.org/brain_data_standards/AllenDendClass_CS202002013_23	equivalent	http://www.semanticweb.org/brain_data_standards/AllenDend_CS202002013_23	CL:0011005	UBERON:0001384	ensembl:ENSMUSG00000010175	ensembl:ENSMUSG00000028004	ensembl:ENSMUSG00000030170	ensembl:ENSMUSG00000023945	ensembl:ENSMUSG00000052551	ensembl:ENSMUSG00000019772	ensembl:ENSMUSG00000048776	ensembl:ENSMUSG00000021919									
http://www.semanticweb.org/brain_data_standards/AllenDendClass_CS202002013_148	equivalent	http://www.semanticweb.org/brain_data_standards/AllenDend_CS202002013_148	CL:0011005	UBERON:0001384	ensembl:ENSMUSG00000010175	ensembl:ENSMUSG00000030170	ensembl:ENSMUSG00000024211	ensembl:ENSMUSG00000052551	ensembl:ENSMUSG00000057378	ensembl:ENSMUSG00000019772	ensembl:ENSMUSG00000048776										
http://www.semanticweb.org/brain_data_standards/AllenDendClass_CS202002013_24	equivalent	http://www.semanticweb.org/brain_data_standards/AllenDend_CS202002013_24	CL:0011005	UBERON:0001384	ensembl:ENSMUSG00000010175	ensembl:ENSMUSG00000060371	ensembl:ENSMUSG00000030170	ensembl:ENSMUSG00000024211	ensembl:ENSMUSG00000052551	ensembl:ENSMUSG00000057378	ensembl:ENSMUSG00000019772	ensembl:ENSMUSG00000048776									
http://www.semanticweb.org/brain_data_standards/AllenDendClass_CS202002013_25	equivalent	http://www.semanticweb.org/brain_data_standards/AllenDend_CS202002013_25	CL:0011005	UBERON:0001384	ensembl:ENSMUSG00000010175	ensembl:ENSMUSG00000026322	ensembl:ENSMUSG00000030170	ensembl:ENSMUSG00000024211	ensembl:ENSMUSG00000032017	ensembl:ENSMUSG00000052551	ensembl:ENSMUSG00000057378	ensembl:ENSMUSG00000019772	ensembl:ENSMUSG00000048776								
http://www.semanticweb.org/brain_data_standards/AllenDendClass_CS202002013_149	equivalent	http://www.semanticweb.org/brain_data_standards/AllenDend_CS202002013_149	CL:0011005	UBERON:0001384	ensembl:ENSMUSG00000010175	ensembl:ENSMUSG00000042581	ensembl:ENSMUSG00000110468	ensembl:ENSMUSG00000052551	ensembl:ENSMUSG00000019772												
http://www.semanticweb.org/brain_data_standards/AllenDendClass_CS202002013_26	equivalent	http://www.semanticweb.org/brain_data_standards/AllenDend_CS202002013_26	CL:0011005	UBERON:0001384	ensembl:ENSMUSG00000010175	ensembl:ENSMUSG00000042581	ensembl:ENSMUSG00000110468	ensembl:ENSMUSG00000052551	ensembl:ENSMUSG00000032625	ensembl:ENSMUSG00000019772											
http://www.semanticweb.org/brain_data_standards/AllenDendClass_CS202002013_27	equivalent	http://www.semanticweb.org/brain_data_standards/AllenDend_CS202002013_27	CL:0011005	UBERON:0001384	ensembl:ENSMUSG00000010175	ensembl:ENSMUSG00000042581	ensembl:ENSMUSG00000110468	ensembl:ENSMUSG00000049796	ensembl:ENSMUSG00000052551	ensembl:ENSMUSG00000019772											
http://www.semanticweb.org/brain_data_standards/AllenDendClass_CS202002013_150	equivalent	http://www.semanticweb.org/brain_data_standards/AllenDend_CS202002013_150	CL:0011005	UBERON:0001384	ensembl:ENSMUSG00000094083	ensembl:ENSMUSG00000046178															
http://www.semanticweb.org/brain_data_standards/AllenDendClass_CS202002013_28	equivalent	http://www.semanticweb.org/brain_data_standards/AllenDend_CS202002013_28	CL:0011005	UBERON:0001384	ensembl:ENSMUSG00000029361	ensembl:ENSMUSG00000022860	ensembl:ENSMUSG00000094083	ensembl:ENSMUSG00000046178													
http://www.semanticweb.org/brain_data_standards/AllenDendClass_CS202002013_151	equivalent	http://www.semanticweb.org/brain_data_standards/AllenDend_CS202002013_151	CL:0011005	UBERON:0001384	ensembl:ENSMUSG00000033063	ensembl:ENSMUSG00000094083	ensembl:ENSMUSG00000046178														
http://www.semanticweb.org/brain_data_standards/AllenDendClass_CS202002013_152	equivalent	http://www.semanticweb.org/brain_data_standards/AllenDend_CS202002013_152	CL:0011005	UBERON:0001384	ensembl:ENSMUSG00000004366	ensembl:ENSMUSG00000094083	ensembl:ENSMUSG00000046178	ensembl:ENSMUSG00000033063	ensembl:ENSMUSG00000048988												
http://www.semanticweb.org/brain_data_standards/AllenDendClass_CS202002013_153	equivalent	http://www.semanticweb.org/brain_data_standards/AllenDend_CS202002013_153	CL:0011005	UBERON:0001384	ensembl:ENSMUSG00000004366	ensembl:ENSMUSG00000094083	ensembl:ENSMUSG00000046178	ensembl:ENSMUSG00000033063	ensembl:ENSMUSG00000048988												
http://www.semanticweb.org/brain_data_standards/AllenDendClass_CS202002013_154	equivalent	http://www.semanticweb.org/brain_data_standards/AllenDend_CS202002013_154	CL:0011005	UBERON:0001384	ensembl:ENSMUSG00000004366	ensembl:ENSMUSG00000059203	ensembl:ENSMUSG00000094083	ensembl:ENSMUSG00000046178	ensembl:ENSMUSG00000062151	ensembl:ENSMUSG00000033063	ensembl:ENSMUSG00000048988										
http://www.semanticweb.org/brain_data_standards/AllenDendClass_CS202002013_155	equivalent	http://www.semanticweb.org/brain_data_standards/AllenDend_CS202002013_155	CL:0011005	UBERON:0001384	ensembl:ENSMUSG00000004366	ensembl:ENSMUSG00000094083	ensembl:ENSMUSG00000059203	ensembl:ENSMUSG00000033063	ensembl:ENSMUSG00000046178	ensembl:ENSMUSG00000062151	ensembl:ENSMUSG00000070366	ensembl:ENSMUSG00000048988									
http://www.semanticweb.org/brain_data_standards/AllenDendClass_CS202002013_29	equivalent	http://www.semanticweb.org/brain_data_standards/AllenDend_CS202002013_29	CL:0011005	UBERON:0001384	ensembl:ENSMUSG00000004366	ensembl:ENSMUSG00000021647	ensembl:ENSMUSG00000094083	ensembl:ENSMUSG00000059203	ensembl:ENSMUSG00000033063	ensembl:ENSMUSG00000046178	ensembl:ENSMUSG00000062151	ensembl:ENSMUSG00000070366	ensembl:ENSMUSG00000097462	ensembl:ENSMUSG00000048988							
http://www.semanticweb.org/brain_data_standards/AllenDendClass_CS202002013_30	equivalent	http://www.semanticweb.org/brain_data_standards/AllenDend_CS202002013_30	CL:0011005	UBERON:0001384	ensembl:ENSMUSG00000004366	ensembl:ENSMUSG00000059203	ensembl:ENSMUSG00000094083	ensembl:ENSMUSG00000042453	ensembl:ENSMUSG00000033063	ensembl:ENSMUSG00000046178	ensembl:ENSMUSG00000062151	ensembl:ENSMUSG00000070366	ensembl:ENSMUSG00000048988								
http://www.semanticweb.org/brain_data_standards/AllenDendClass_CS202002013_156	equivalent	http://www.semanticweb.org/brain_data_standards/AllenDend_CS202002013_156	CL:0011005	UBERON:0001384	ensembl:ENSMUSG00000004366	ensembl:ENSMUSG00000059203	ensembl:ENSMUSG00000094083	ensembl:ENSMUSG00000033063	ensembl:ENSMUSG00000046178	ensembl:ENSMUSG00000062151	ensembl:ENSMUSG00000027400	ensembl:ENSMUSG00000048988									
http://www.semanticweb.org/brain_data_standards/AllenDendClass_CS202002013_157	equivalent	http://www.semanticweb.org/brain_data_standards/AllenDend_CS202002013_157	CL:0011005	UBERON:0001384	ensembl:ENSMUSG00000039579	ensembl:ENSMUSG00000004366	ensembl:ENSMUSG00000094083	ensembl:ENSMUSG00000059203	ensembl:ENSMUSG00000033063	ensembl:ENSMUSG00000046178	ensembl:ENSMUSG00000062151	ensembl:ENSMUSG00000027400	ensembl:ENSMUSG00000048988	ensembl:ENSMUSG00000055214							
http://www.semanticweb.org/brain_data_standards/AllenDendClass_CS202002013_31	equivalent	http://www.semanticweb.org/brain_data_standards/AllenDend_CS202002013_31	CL:0011005	UBERON:0001384	ensembl:ENSMUSG00000039579	ensembl:ENSMUSG00000004366	ensembl:ENSMUSG00000051910	ensembl:ENSMUSG00000031841	ensembl:ENSMUSG00000094083	ensembl:ENSMUSG00000059203	ensembl:ENSMUSG00000033063	ensembl:ENSMUSG00000046178	ensembl:ENSMUSG00000062151	ensembl:ENSMUSG00000027400	ensembl:ENSMUSG00000048988	ensembl:ENSMUSG00000055214					
http://www.semanticweb.org/brain_data_standards/AllenDendClass_CS202002013_32	equivalent	http://www.semanticweb.org/brain_data_standards/AllenDend_CS202002013_32	CL:0011005	UBERON:0001384	ensembl:ENSMUSG00000039579	ensembl:ENSMUSG00000004366	ensembl:ENSMUSG00000094083	ensembl:ENSMUSG00000025370	ensembl:ENSMUSG00000059203	ensembl:ENSMUSG00000019828	ensembl:ENSMUSG00000033063	ensembl:ENSMUSG00000046178	ensembl:ENSMUSG00000062151	ensembl:ENSMUSG00000027400	ensembl:ENSMUSG00000048988	ensembl:ENSMUSG00000055214					
http://www.semanticweb.org/brain_data_standards/AllenDendClass_CS202002013_33	equivalent	http://www.semanticweb.org/brain_data_standards/AllenDend_CS202002013_33	CL:0011005	UBERON:0001384	ensembl:ENSMUSG00000004366	ensembl:ENSMUSG00000094083	ensembl:ENSMUSG00000059203	ensembl:ENSMUSG00000033063	ensembl:ENSMUSG00000105068	ensembl:ENSMUSG00000046178	ensembl:ENSMUSG00000062151	ensembl:ENSMUSG00000027400	ensembl:ENSMUSG00000048988								
http://www.semanticweb.org/brain_data_standards/AllenDendClass_CS202002013_158	equivalent	http://www.semanticweb.org/brain_data_standards/AllenDend_CS202002013_158	CL:0011005	UBERON:0001384	ensembl:ENSMUSG00000021680	ensembl:ENSMUSG00000004366	ensembl:ENSMUSG00000094083	ensembl:ENSMUSG00000046178	ensembl:ENSMUSG00000033063	ensembl:ENSMUSG00000048988											
http://www.semanticweb.org/brain_data_standards/AllenDendClass_CS202002013_159	equivalent	http://www.semanticweb.org/brain_data_standards/AllenDend_CS202002013_159	CL:0011005	UBERON:0001384	ensembl:ENSMUSG00000021680	ensembl:ENSMUSG00000004366	ensembl:ENSMUSG00000094083	ensembl:ENSMUSG00000038156	ensembl:ENSMUSG00000046178	ensembl:ENSMUSG00000033063	ensembl:ENSMUSG00000024598	ensembl:ENSMUSG00000031997	ensembl:ENSMUSG00000048988								
http://www.semanticweb.org/brain_data_standards/AllenDendClass_CS202002013_34	equivalent	http://www.semanticweb.org/brain_data_standards/AllenDend_CS202002013_34	CL:0011005	UBERON:0001384	ensembl:ENSMUSG00000021680	ensembl:ENSMUSG00000026141	ensembl:ENSMUSG00000004366	ensembl:ENSMUSG00000094083	ensembl:ENSMUSG00000038156	ensembl:ENSMUSG00000046178	ensembl:ENSMUSG00000033063	ensembl:ENSMUSG00000024598	ensembl:ENSMUSG00000031997	ensembl:ENSMUSG00000048988							
http://www.semanticweb.org/brain_data_standards/AllenDendClass_CS202002013_35	equivalent	http://www.semanticweb.org/brain_data_standards/AllenDend_CS202002013_35	CL:0011005	UBERON:0001384	ensembl:ENSMUSG00000021680	ensembl:ENSMUSG00000004366	ensembl:ENSMUSG00000094083	ensembl:ENSMUSG00000095105	ensembl:ENSMUSG00000039137	ensembl:ENSMUSG00000038156	ensembl:ENSMUSG00000046178	ensembl:ENSMUSG00000033063	ensembl:ENSMUSG00000024598	ensembl:ENSMUSG00000031997	ensembl:ENSMUSG00000048988						
http://www.semanticweb.org/brain_data_standards/AllenDendClass_CS202002013_160	equivalent	http://www.semanticweb.org/brain_data_standards/AllenDend_CS202002013_160	CL:0011005	UBERON:0001384	ensembl:ENSMUSG00000021680	ensembl:ENSMUSG00000004366	ensembl:ENSMUSG00000094083	ensembl:ENSMUSG00000046178	ensembl:ENSMUSG00000033063	ensembl:ENSMUSG00000048988											
http://www.semanticweb.org/brain_data_standards/AllenDendClass_CS202002013_161	equivalent	http://www.semanticweb.org/brain_data_standards/AllenDend_CS202002013_161	CL:0011005	UBERON:0001384	ensembl:ENSMUSG00000021680	ensembl:ENSMUSG00000004366	ensembl:ENSMUSG00000094083	ensembl:ENSMUSG00000024990	ensembl:ENSMUSG00000046178	ensembl:ENSMUSG00000033063	ensembl:ENSMUSG00000031997	ensembl:ENSMUSG00000068220	ensembl:ENSMUSG00000048988								
http://www.semanticweb.org/brain_data_standards/AllenDendClass_CS202002013_36	equivalent	http://www.semanticweb.org/brain_data_standards/AllenDend_CS202002013_36	CL:0011005	UBERON:0001384	ensembl:ENSMUSG00000021680	ensembl:ENSMUSG00000004366	ensembl:ENSMUSG00000094083	ensembl:ENSMUSG00000026393	ensembl:ENSMUSG00000010461	ensembl:ENSMUSG00000024990	ensembl:ENSMUSG00000046178	ensembl:ENSMUSG00000033063	ensembl:ENSMUSG00000031997	ensembl:ENSMUSG00000068220	ensembl:ENSMUSG00000048988						
http://www.semanticweb.org/brain_data_standards/AllenDendClass_CS202002013_37	equivalent	http://www.semanticweb.org/brain_data_standards/AllenDend_CS202002013_37	CL:0011005	UBERON:0001384	ensembl:ENSMUSG00000021680	ensembl:ENSMUSG00000004366	ensembl:ENSMUSG00000094083	ensembl:ENSMUSG00000024990	ensembl:ENSMUSG00000046178	ensembl:ENSMUSG00000033063	ensembl:ENSMUSG00000031997	ensembl:ENSMUSG00000026765	ensembl:ENSMUSG00000068220	ensembl:ENSMUSG00000048988							
http://www.semanticweb.org/brain_data_standards/AllenDendClass_CS202002013_162	equivalent	http://www.semanticweb.org/brain_data_standards/AllenDend_CS202002013_162	CL:0011005	UBERON:0001384	ensembl:ENSMUSG00000021680	ensembl:ENSMUSG00000004366	ensembl:ENSMUSG00000094083	ensembl:ENSMUSG00000055761	ensembl:ENSMUSG00000033063	ensembl:ENSMUSG00000046178	ensembl:ENSMUSG00000048988										
http://www.semanticweb.org/brain_data_standards/AllenDendClass_CS202002013_163	equivalent	http://www.semanticweb.org/brain_data_standards/AllenDend_CS202002013_163	CL:0011005	UBERON:0001384	ensembl:ENSMUSG00000021680	ensembl:ENSMUSG00000004366	ensembl:ENSMUSG00000094083	ensembl:ENSMUSG00000042453	ensembl:ENSMUSG00000003746	ensembl:ENSMUSG00000055761	ensembl:ENSMUSG00000033063	ensembl:ENSMUSG00000046178	ensembl:ENSMUSG00000048988								
http://www.semanticweb.org/brain_data_standards/AllenDendClass_CS202002013_38	equivalent	http://www.semanticweb.org/brain_data_standards/AllenDend_CS202002013_38	CL:0011005	UBERON:0001384	ensembl:ENSMUSG00000021680	ensembl:ENSMUSG00000004366	ensembl:ENSMUSG00000094083	ensembl:ENSMUSG00000042453	ensembl:ENSMUSG00000003746	ensembl:ENSMUSG00000030222	ensembl:ENSMUSG00000035273	ensembl:ENSMUSG00000055761	ensembl:ENSMUSG00000033063	ensembl:ENSMUSG00000046178	ensembl:ENSMUSG00000048988						
http://www.semanticweb.org/brain_data_standards/AllenDendClass_CS202002013_164	equivalent	http://www.semanticweb.org/brain_data_standards/AllenDend_CS202002013_164	CL:0011005	UBERON:0001384	ensembl:ENSMUSG00000021680	ensembl:ENSMUSG00000027965	ensembl:ENSMUSG00000004366	ensembl:ENSMUSG00000094083	ensembl:ENSMUSG00000042453	ensembl:ENSMUSG00000003746	ensembl:ENSMUSG00000055761	ensembl:ENSMUSG00000033063	ensembl:ENSMUSG00000046178	ensembl:ENSMUSG00000048988							
http://www.semanticweb.org/brain_data_standards/AllenDendClass_CS202002013_39	equivalent	http://www.semanticweb.org/brain_data_standards/AllenDend_CS202002013_39	CL:0011005	UBERON:0001384	ensembl:ENSMUSG00000021680	ensembl:ENSMUSG00000027965	ensembl:ENSMUSG00000004366	ensembl:ENSMUSG00000094083	ensembl:ENSMUSG00000042453	ensembl:ENSMUSG00000003746	ensembl:ENSMUSG00000055761	ensembl:ENSMUSG00000033063	ensembl:ENSMUSG00000046178	ensembl:ENSMUSG00000048988							
http://www.semanticweb.org/brain_data_standards/AllenDendClass_CS202002013_40	equivalent	http://www.semanticweb.org/brain_data_standards/AllenDend_CS202002013_40	CL:0011005	UBERON:0001384	ensembl:ENSMUSG00000021680	ensembl:ENSMUSG00000027965	ensembl:ENSMUSG00000004366	ensembl:ENSMUSG00000094083	ensembl:ENSMUSG00000116610	ensembl:ENSMUSG00000042453	ensembl:ENSMUSG00000003746	ensembl:ENSMUSG00000055761	ensembl:ENSMUSG00000033063	ensembl:ENSMUSG00000031997	ensembl:ENSMUSG00000046178	ensembl:ENSMUSG00000048988					
http://www.semanticweb.org/brain_data_standards/AllenDendClass_CS202002013_41	equivalent	http://www.semanticweb.org/brain_data_standards/AllenDend_CS202002013_41	CL:0011005	UBERON:0001384	ensembl:ENSMUSG00000021680	ensembl:ENSMUSG00000004366	ensembl:ENSMUSG00000094083	ensembl:ENSMUSG00000029334	ensembl:ENSMUSG00000020000	ensembl:ENSMUSG00000055761	ensembl:ENSMUSG00000033063	ensembl:ENSMUSG00000046178	ensembl:ENSMUSG00000048988								
http://www.semanticweb.org/brain_data_standards/AllenDendClass_CS202002013_165	equivalent	http://www.semanticweb.org/brain_data_standards/AllenDend_CS202002013_165	CL:0011005	UBERON:0001384	ensembl:ENSMUSG00000036019	ensembl:ENSMUSG00000004366	ensembl:ENSMUSG00000094083	ensembl:ENSMUSG00000031841	ensembl:ENSMUSG00000049796	ensembl:ENSMUSG00000046178	ensembl:ENSMUSG00000033063	ensembl:ENSMUSG00000048988									
http://www.semanticweb.org/brain_data_standards/AllenDendClass_CS202002013_166	equivalent	http://www.semanticweb.org/brain_data_standards/AllenDend_CS202002013_166	CL:0011005	UBERON:0001384	ensembl:ENSMUSG00000036019	ensembl:ENSMUSG00000004366	ensembl:ENSMUSG00000094083	ensembl:ENSMUSG00000114028	ensembl:ENSMUSG00000031841	ensembl:ENSMUSG00000049796	ensembl:ENSMUSG00000046178	ensembl:ENSMUSG00000033063	ensembl:ENSMUSG00000048988								
http://www.semanticweb.org/brain_data_standards/AllenDendClass_CS202002013_42	equivalent	http://www.semanticweb.org/brain_data_standards/AllenDend_CS202002013_42	CL:0011005	UBERON:0001384	ensembl:ENSMUSG00000036019	ensembl:ENSMUSG00000111950	ensembl:ENSMUSG00000004366	ensembl:ENSMUSG00000094083	ensembl:ENSMUSG00000031841	ensembl:ENSMUSG00000114028	ensembl:ENSMUSG00000049796	ensembl:ENSMUSG00000046178	ensembl:ENSMUSG00000033063	ensembl:ENSMUSG00000052062	ensembl:ENSMUSG00000048988						
http://www.semanticweb.org/brain_data_standards/AllenDendClass_CS202002013_43	equivalent	http://www.semanticweb.org/brain_data_standards/AllenDend_CS202002013_43	CL:0011005	UBERON:0001384	ensembl:ENSMUSG00000030074	ensembl:ENSMUSG00000036019	ensembl:ENSMUSG00000004366	ensembl:ENSMUSG00000049001	ensembl:ENSMUSG00000094083	ensembl:ENSMUSG00000031841	ensembl:ENSMUSG00000114028	ensembl:ENSMUSG00000035131	ensembl:ENSMUSG00000049796	ensembl:ENSMUSG00000046178	ensembl:ENSMUSG00000033063	ensembl:ENSMUSG00000048988					
http://www.semanticweb.org/brain_data_standards/AllenDendClass_CS202002013_167	equivalent	http://www.semanticweb.org/brain_data_standards/AllenDend_CS202002013_167	CL:0011005	UBERON:0001384	ensembl:ENSMUSG00000036019	ensembl:ENSMUSG00000004366	ensembl:ENSMUSG00000018417	ensembl:ENSMUSG00000094083	ensembl:ENSMUSG00000025400	ensembl:ENSMUSG00000031841	ensembl:ENSMUSG00000049796	ensembl:ENSMUSG00000046178	ensembl:ENSMUSG00000033063	ensembl:ENSMUSG00000048988							
http://www.semanticweb.org/brain_data_standards/AllenDendClass_CS202002013_44	equivalent	http://www.semanticweb.org/brain_data_standards/AllenDend_CS202002013_44	CL:0011005	UBERON:0001384	ensembl:ENSMUSG00000036019	ensembl:ENSMUSG00000004366	ensembl:ENSMUSG00000018417	ensembl:ENSMUSG00000094083	ensembl:ENSMUSG00000031841	ensembl:ENSMUSG00000025400	ensembl:ENSMUSG00000049796	ensembl:ENSMUSG00000046178	ensembl:ENSMUSG00000033063	ensembl:ENSMUSG00000048988							
http://www.semanticweb.org/brain_data_standards/AllenDendClass_CS202002013_45	equivalent	http://www.semanticweb.org/brain_data_standards/AllenDend_CS202002013_45	CL:0011005	UBERON:0001384	ensembl:ENSMUSG00000040710	ensembl:ENSMUSG00000039037	ensembl:ENSMUSG00000036019	ensembl:ENSMUSG00000004366	ensembl:ENSMUSG00000018417	ensembl:ENSMUSG00000094083	ensembl:ENSMUSG00000031841	ensembl:ENSMUSG00000022306	ensembl:ENSMUSG00000025400	ensembl:ENSMUSG00000049796	ensembl:ENSMUSG00000046178	ensembl:ENSMUSG00000033063	ensembl:ENSMUSG00000048988				
http://www.semanticweb.org/brain_data_standards/AllenDendClass_CS202002013_168	equivalent	http://www.semanticweb.org/brain_data_standards/AllenDend_CS202002013_168	CL:0011005	UBERON:0001384	ensembl:ENSMUSG00000094083	ensembl:ENSMUSG00000046178	ensembl:ENSMUSG00000087301	ensembl:ENSMUSG00000033063	ensembl:ENSMUSG00000005716												
http://www.semanticweb.org/brain_data_standards/AllenDendClass_CS202002013_169	equivalent	http://www.semanticweb.org/brain_data_standards/AllenDend_CS202002013_169	CL:0011005	UBERON:0001384	ensembl:ENSMUSG00000094083	ensembl:ENSMUSG00000091002	ensembl:ENSMUSG00000031558	ensembl:ENSMUSG00000046178	ensembl:ENSMUSG00000087301	ensembl:ENSMUSG00000033063	ensembl:ENSMUSG00000005716										
http://www.semanticweb.org/brain_data_standards/AllenDendClass_CS202002013_170	equivalent	http://www.semanticweb.org/brain_data_standards/AllenDend_CS202002013_170	CL:0011005	UBERON:0001384	ensembl:ENSMUSG00000000214	ensembl:ENSMUSG00000094083	ensembl:ENSMUSG00000028971	ensembl:ENSMUSG00000091002	ensembl:ENSMUSG00000031558	ensembl:ENSMUSG00000046178	ensembl:ENSMUSG00000087301	ensembl:ENSMUSG00000033063	ensembl:ENSMUSG00000005716								
http://www.semanticweb.org/brain_data_standards/AllenDendClass_CS202002013_46	equivalent	http://www.semanticweb.org/brain_data_standards/AllenDend_CS202002013_46	CL:0011005	UBERON:0001384	ensembl:ENSMUSG00000004366	ensembl:ENSMUSG00000045731	ensembl:ENSMUSG00000000214	ensembl:ENSMUSG00000094083	ensembl:ENSMUSG00000028971	ensembl:ENSMUSG00000091002	ensembl:ENSMUSG00000031558	ensembl:ENSMUSG00000046178	ensembl:ENSMUSG00000087301	ensembl:ENSMUSG00000033063	ensembl:ENSMUSG00000052062	ensembl:ENSMUSG00000005716					
http://www.semanticweb.org/brain_data_standards/AllenDendClass_CS202002013_47	equivalent	http://www.semanticweb.org/brain_data_standards/AllenDend_CS202002013_47	CL:0011005	UBERON:0001384	ensembl:ENSMUSG00000000214	ensembl:ENSMUSG00000094083	ensembl:ENSMUSG00000028971	ensembl:ENSMUSG00000091002	ensembl:ENSMUSG00000031558	ensembl:ENSMUSG00000046178	ensembl:ENSMUSG00000087301	ensembl:ENSMUSG00000033063	ensembl:ENSMUSG00000005716								
http://www.semanticweb.org/brain_data_standards/AllenDendClass_CS202002013_48	equivalent	http://www.semanticweb.org/brain_data_standards/AllenDend_CS202002013_48	CL:0011005	UBERON:0001384	ensembl:ENSMUSG00000000214	ensembl:ENSMUSG00000094083	ensembl:ENSMUSG00000091002	ensembl:ENSMUSG00000031558	ensembl:ENSMUSG00000001260	ensembl:ENSMUSG00000046178	ensembl:ENSMUSG00000087301	ensembl:ENSMUSG00000033063	ensembl:ENSMUSG00000005716								
http://www.semanticweb.org/brain_data_standards/AllenDendClass_CS202002013_171	equivalent	http://www.semanticweb.org/brain_data_standards/AllenDend_CS202002013_171	CL:0011005	UBERON:0001384	ensembl:ENSMUSG00000094083	ensembl:ENSMUSG00000010461	ensembl:ENSMUSG00000052353	ensembl:ENSMUSG00000046178	ensembl:ENSMUSG00000087301	ensembl:ENSMUSG00000033063	ensembl:ENSMUSG00000005716										
http://www.semanticweb.org/brain_data_standards/AllenDendClass_CS202002013_172	equivalent	http://www.semanticweb.org/brain_data_standards/AllenDend_CS202002013_172	CL:0011005	UBERON:0001384	ensembl:ENSMUSG00000094083	ensembl:ENSMUSG00000010461	ensembl:ENSMUSG00000052353	ensembl:ENSMUSG00000046178	ensembl:ENSMUSG00000087301	ensembl:ENSMUSG00000033063	ensembl:ENSMUSG00000005716										
http://www.semanticweb.org/brain_data_standards/AllenDendClass_CS202002013_49	equivalent	http://www.semanticweb.org/brain_data_standards/AllenDend_CS202002013_49	CL:0011005	UBERON:0001384	ensembl:ENSMUSG00000036834	ensembl:ENSMUSG00000094083	ensembl:ENSMUSG00000010461	ensembl:ENSMUSG00000005716	ensembl:ENSMUSG00000052353	ensembl:ENSMUSG00000046178	ensembl:ENSMUSG00000087301	ensembl:ENSMUSG00000033063	ensembl:ENSMUSG00000073154	ensembl:ENSMUSG00000061762							
http://www.semanticweb.org/brain_data_standards/AllenDendClass_CS202002013_173	equivalent	http://www.semanticweb.org/brain_data_standards/AllenDend_CS202002013_173	CL:0011005	UBERON:0001384	ensembl:ENSMUSG00000094083	ensembl:ENSMUSG00000010461	ensembl:ENSMUSG00000052353	ensembl:ENSMUSG00000046178	ensembl:ENSMUSG00000087301	ensembl:ENSMUSG00000033063	ensembl:ENSMUSG00000005716										
http://www.semanticweb.org/brain_data_standards/AllenDendClass_CS202002013_50	equivalent	http://www.semanticweb.org/brain_data_standards/AllenDend_CS202002013_50	CL:0011005	UBERON:0001384	ensembl:ENSMUSG00000022297	ensembl:ENSMUSG00000094083	ensembl:ENSMUSG00000010461	ensembl:ENSMUSG00000031558	ensembl:ENSMUSG00000052353	ensembl:ENSMUSG00000026452	ensembl:ENSMUSG00000087301	ensembl:ENSMUSG00000033063	ensembl:ENSMUSG00000046178	ensembl:ENSMUSG00000005716							
http://www.semanticweb.org/brain_data_standards/AllenDendClass_CS202002013_174	equivalent	http://www.semanticweb.org/brain_data_standards/AllenDend_CS202002013_174	CL:0011005	UBERON:0001384	ensembl:ENSMUSG00000094083	ensembl:ENSMUSG00000010461	ensembl:ENSMUSG00000052353	ensembl:ENSMUSG00000046178	ensembl:ENSMUSG00000087301	ensembl:ENSMUSG00000033063	ensembl:ENSMUSG00000005716										
http://www.semanticweb.org/brain_data_standards/AllenDendClass_CS202002013_175	equivalent	http://www.semanticweb.org/brain_data_standards/AllenDend_CS202002013_175	CL:0011005	UBERON:0001384	ensembl:ENSMUSG00000034324	ensembl:ENSMUSG00000094083	ensembl:ENSMUSG00000038048	ensembl:ENSMUSG00000010461	ensembl:ENSMUSG00000050830	ensembl:ENSMUSG00000052353	ensembl:ENSMUSG00000046178	ensembl:ENSMUSG00000087301	ensembl:ENSMUSG00000033063	ensembl:ENSMUSG00000005716							
http://www.semanticweb.org/brain_data_standards/AllenDendClass_CS202002013_51	equivalent	http://www.semanticweb.org/brain_data_standards/AllenDend_CS202002013_51	CL:0011005	UBERON:0001384	ensembl:ENSMUSG00000034310	ensembl:ENSMUSG00000063531	ensembl:ENSMUSG00000034324	ensembl:ENSMUSG00000094083	ensembl:ENSMUSG00000087301	ensembl:ENSMUSG00000038048	ensembl:ENSMUSG00000010461	ensembl:ENSMUSG00000050830	ensembl:ENSMUSG00000052353	ensembl:ENSMUSG00000026452	ensembl:ENSMUSG00000010066	ensembl:ENSMUSG00000033063	ensembl:ENSMUSG00000046178	ensembl:ENSMUSG00000005716			
http://www.semanticweb.org/brain_data_standards/AllenDendClass_CS202002013_176	equivalent	http://www.semanticweb.org/brain_data_standards/AllenDend_CS202002013_176	CL:0011005	UBERON:0001384	ensembl:ENSMUSG00000034324	ensembl:ENSMUSG00000028971	ensembl:ENSMUSG00000061762	ensembl:ENSMUSG00000094083	ensembl:ENSMUSG00000038048	ensembl:ENSMUSG00000010461	ensembl:ENSMUSG00000050830	ensembl:ENSMUSG00000052353	ensembl:ENSMUSG00000046178	ensembl:ENSMUSG00000087301	ensembl:ENSMUSG00000033063	ensembl:ENSMUSG00000005716					
http://www.semanticweb.org/brain_data_standards/AllenDendClass_CS202002013_52	equivalent	http://www.semanticweb.org/brain_data_standards/AllenDend_CS202002013_52	CL:0011005	UBERON:0001384	ensembl:ENSMUSG00000100650	ensembl:ENSMUSG00000034324	ensembl:ENSMUSG00000069132	ensembl:ENSMUSG00000028971	ensembl:ENSMUSG00000094083	ensembl:ENSMUSG00000061762	ensembl:ENSMUSG00000038048	ensembl:ENSMUSG00000010461	ensembl:ENSMUSG00000050830	ensembl:ENSMUSG00000052353	ensembl:ENSMUSG00000046178	ensembl:ENSMUSG00000087301	ensembl:ENSMUSG00000033063	ensembl:ENSMUSG00000005716			
http://www.semanticweb.org/brain_data_standards/AllenDendClass_CS202002013_53	equivalent	http://www.semanticweb.org/brain_data_standards/AllenDend_CS202002013_53	CL:0011005	UBERON:0001384	ensembl:ENSMUSG00000034324	ensembl:ENSMUSG00000094083	ensembl:ENSMUSG00000061762	ensembl:ENSMUSG00000038048	ensembl:ENSMUSG00000028971	ensembl:ENSMUSG00000010461	ensembl:ENSMUSG00000050830	ensembl:ENSMUSG00000052353	ensembl:ENSMUSG00000046178	ensembl:ENSMUSG00000087301	ensembl:ENSMUSG00000033063	ensembl:ENSMUSG00000005716					
http://www.semanticweb.org/brain_data_standards/AllenDendClass_CS202002013_177	equivalent	http://www.semanticweb.org/brain_data_standards/AllenDend_CS202002013_177	CL:0011005	UBERON:0001384	ensembl:ENSMUSG00000094083	ensembl:ENSMUSG00000010461	ensembl:ENSMUSG00000052353	ensembl:ENSMUSG00000046178	ensembl:ENSMUSG00000087301	ensembl:ENSMUSG00000033063	ensembl:ENSMUSG00000005716										
http://www.semanticweb.org/brain_data_standards/AllenDendClass_CS202002013_54	equivalent	http://www.semanticweb.org/brain_data_standards/AllenDend_CS202002013_54	CL:0011005	UBERON:0001384	ensembl:ENSMUSG00000094083	ensembl:ENSMUSG00000010461	ensembl:ENSMUSG00000111061	ensembl:ENSMUSG00000052353	ensembl:ENSMUSG00000031772	ensembl:ENSMUSG00000046178	ensembl:ENSMUSG00000087301	ensembl:ENSMUSG00000033063	ensembl:ENSMUSG00000005716								
http://www.semanticweb.org/brain_data_standards/AllenDendClass_CS202002013_55	equivalent	http://www.semanticweb.org/brain_data_standards/AllenDend_CS202002013_55	CL:0011005	UBERON:0001384	ensembl:ENSMUSG00000059203	ensembl:ENSMUSG00000094083	ensembl:ENSMUSG00000010461	ensembl:ENSMUSG00000052353	ensembl:ENSMUSG00000046178	ensembl:ENSMUSG00000087301	ensembl:ENSMUSG00000033063	ensembl:ENSMUSG00000005716									
http://www.semanticweb.org/brain_data_standards/AllenDendClass_CS202002013_178	equivalent	http://www.semanticweb.org/brain_data_standards/AllenDend_CS202002013_178	CL:0011005	UBERON:0001384	ensembl:ENSMUSG00000067028	ensembl:ENSMUSG00000094083	ensembl:ENSMUSG00000010461	ensembl:ENSMUSG00000052353	ensembl:ENSMUSG00000046178	ensembl:ENSMUSG00000087301	ensembl:ENSMUSG00000033063	ensembl:ENSMUSG00000020099	ensembl:ENSMUSG00000005716								
http://www.semanticweb.org/brain_data_standards/AllenDendClass_CS202002013_56	equivalent	http://www.semanticweb.org/brain_data_standards/AllenDend_CS202002013_56	CL:0011005	UBERON:0001384	ensembl:ENSMUSG00000001496	ensembl:ENSMUSG00000067028	ensembl:ENSMUSG00000094083	ensembl:ENSMUSG00000002900	ensembl:ENSMUSG00000010461	ensembl:ENSMUSG00000052353	ensembl:ENSMUSG00000046178	ensembl:ENSMUSG00000087301	ensembl:ENSMUSG00000033063	ensembl:ENSMUSG00000020099	ensembl:ENSMUSG00000005716						
http://www.semanticweb.org/brain_data_standards/AllenDendClass_CS202002013_57	equivalent	http://www.semanticweb.org/brain_data_standards/AllenDend_CS202002013_57	CL:0011005	UBERON:0001384	ensembl:ENSMUSG00000067028	ensembl:ENSMUSG00000094083	ensembl:ENSMUSG00000010461	ensembl:ENSMUSG00000052353	ensembl:ENSMUSG00000046178	ensembl:ENSMUSG00000087301	ensembl:ENSMUSG00000033063	ensembl:ENSMUSG00000020099	ensembl:ENSMUSG00000005716								
http://www.semanticweb.org/brain_data_standards/AllenDendClass_CS202002013_180	equivalent	http://www.semanticweb.org/brain_data_standards/AllenDend_CS202002013_180	CL:0000679	UBERON:0001384	ensembl:ENSMUSG00000059173	ensembl:ENSMUSG00000100851															
http://www.semanticweb.org/brain_data_standards/AllenDendClass_CS202002013_181	equivalent	http://www.semanticweb.org/brain_data_standards/AllenDend_CS202002013_181	CL:0000679	UBERON:0001384	ensembl:ENSMUSG00000063626	ensembl:ENSMUSG00000100851	ensembl:ENSMUSG00000038331	ensembl:ENSMUSG00000059173	ensembl:ENSMUSG00000036264												
http://www.semanticweb.org/brain_data_standards/AllenDendClass_CS202002013_182	equivalent	http://www.semanticweb.org/brain_data_standards/AllenDend_CS202002013_182	CL:0000679	UBERON:0001384	ensembl:ENSMUSG00000063626	ensembl:ENSMUSG00000100851	ensembl:ENSMUSG00000038331	ensembl:ENSMUSG00000059173	ensembl:ENSMUSG00000036264												
http://www.semanticweb.org/brain_data_standards/AllenDendClass_CS202002013_183	equivalent	http://www.semanticweb.org/brain_data_standards/AllenDend_CS202002013_183	CL:0000679	UBERON:0001384	ensembl:ENSMUSG00000028222	ensembl:ENSMUSG00000063626	ensembl:ENSMUSG00000021708	ensembl:ENSMUSG00000100851	ensembl:ENSMUSG00000038331	ensembl:ENSMUSG00000059173	ensembl:ENSMUSG00000036264										
http://www.semanticweb.org/brain_data_standards/AllenDendClass_CS202002013_184	equivalent	http://www.semanticweb.org/brain_data_standards/AllenDend_CS202002013_184	CL:0000679	UBERON:0001384	ensembl:ENSMUSG00000028222	ensembl:ENSMUSG00000059187	ensembl:ENSMUSG00000063626	ensembl:ENSMUSG00000100851	ensembl:ENSMUSG00000021708	ensembl:ENSMUSG00000038331	ensembl:ENSMUSG00000098097	ensembl:ENSMUSG00000022790	ensembl:ENSMUSG00000033308	ensembl:ENSMUSG00000059173	ensembl:ENSMUSG00000036264						
http://www.semanticweb.org/brain_data_standards/AllenDendClass_CS202002013_58	equivalent	http://www.semanticweb.org/brain_data_standards/AllenDend_CS202002013_58	CL:0000679	UBERON:0001384	ensembl:ENSMUSG00000028222	ensembl:ENSMUSG00000009376	ensembl:ENSMUSG00000063626	ensembl:ENSMUSG00000059187	ensembl:ENSMUSG00000100851	ensembl:ENSMUSG00000021708	ensembl:ENSMUSG00000038331	ensembl:ENSMUSG00000098097	ensembl:ENSMUSG00000036545	ensembl:ENSMUSG00000033308	ensembl:ENSMUSG00000022790	ensembl:ENSMUSG00000059173	ensembl:ENSMUSG00000036264				
http://www.semanticweb.org/brain_data_standards/AllenDendClass_CS202002013_59	equivalent	http://www.semanticweb.org/brain_data_standards/AllenDend_CS202002013_59	CL:0000679	UBERON:0001384	ensembl:ENSMUSG00000028222	ensembl:ENSMUSG00000063626	ensembl:ENSMUSG00000059187	ensembl:ENSMUSG00000062372	ensembl:ENSMUSG00000100851	ensembl:ENSMUSG00000021708	ensembl:ENSMUSG00000038331	ensembl:ENSMUSG00000098097	ensembl:ENSMUSG00000022790	ensembl:ENSMUSG00000029705	ensembl:ENSMUSG00000033308	ensembl:ENSMUSG00000027210	ensembl:ENSMUSG00000059173	ensembl:ENSMUSG00000036264	ensembl:ENSMUSG00000026676		
http://www.semanticweb.org/brain_data_standards/AllenDendClass_CS202002013_60	equivalent	http://www.semanticweb.org/brain_data_standards/AllenDend_CS202002013_60	CL:0000679	UBERON:0001384	ensembl:ENSMUSG00000028222	ensembl:ENSMUSG00000042589	ensembl:ENSMUSG00000063626	ensembl:ENSMUSG00000100851	ensembl:ENSMUSG00000021708	ensembl:ENSMUSG00000038331	ensembl:ENSMUSG00000031216	ensembl:ENSMUSG00000059173	ensembl:ENSMUSG00000036264	ensembl:ENSMUSG00000056427							
http://www.semanticweb.org/brain_data_standards/AllenDendClass_CS202002013_185	equivalent	http://www.semanticweb.org/brain_data_standards/AllenDend_CS202002013_185	CL:0000679	UBERON:0001384	ensembl:ENSMUSG00000063626	ensembl:ENSMUSG00000059203	ensembl:ENSMUSG00000100851	ensembl:ENSMUSG00000038331	ensembl:ENSMUSG00000059173	ensembl:ENSMUSG00000036264											
http://www.semanticweb.org/brain_data_standards/AllenDendClass_CS202002013_186	equivalent	http://www.semanticweb.org/brain_data_standards/AllenDend_CS202002013_186	CL:0000679	UBERON:0001384	ensembl:ENSMUSG00000063626	ensembl:ENSMUSG00000059203	ensembl:ENSMUSG00000100851	ensembl:ENSMUSG00000038331	ensembl:ENSMUSG00000059173	ensembl:ENSMUSG00000036264											
http://www.semanticweb.org/brain_data_standards/AllenDendClass_CS202002013_187	equivalent	http://www.semanticweb.org/brain_data_standards/AllenDend_CS202002013_187	CL:0000679	UBERON:0001384	ensembl:ENSMUSG00000063626	ensembl:ENSMUSG00000059203	ensembl:ENSMUSG00000100851	ensembl:ENSMUSG00000038331	ensembl:ENSMUSG00000036192	ensembl:ENSMUSG00000059173	ensembl:ENSMUSG00000036264	ensembl:ENSMUSG00000034687									
http://www.semanticweb.org/brain_data_standards/AllenDendClass_CS202002013_188	equivalent	http://www.semanticweb.org/brain_data_standards/AllenDend_CS202002013_188	CL:0000679	UBERON:0001384	ensembl:ENSMUSG00000034402	ensembl:ENSMUSG00000034687	ensembl:ENSMUSG00000063626	ensembl:ENSMUSG00000059203	ensembl:ENSMUSG00000100851	ensembl:ENSMUSG00000038331	ensembl:ENSMUSG00000036192	ensembl:ENSMUSG00000059173	ensembl:ENSMUSG00000036264	ensembl:ENSMUSG00000084890							
http://www.semanticweb.org/brain_data_standards/AllenDendClass_CS202002013_61	equivalent	http://www.semanticweb.org/brain_data_standards/AllenDend_CS202002013_61	CL:0000679	UBERON:0001384	ensembl:ENSMUSG00000034402	ensembl:ENSMUSG00000034687	ensembl:ENSMUSG00000063626	ensembl:ENSMUSG00000059203	ensembl:ENSMUSG00000100851	ensembl:ENSMUSG00000036264	ensembl:ENSMUSG00000038331	ensembl:ENSMUSG00000036192	ensembl:ENSMUSG00000059173	ensembl:ENSMUSG00000017978	ensembl:ENSMUSG00000073565	ensembl:ENSMUSG00000084890					
http://www.semanticweb.org/brain_data_standards/AllenDendClass_CS202002013_62	equivalent	http://www.semanticweb.org/brain_data_standards/AllenDend_CS202002013_62	CL:0000679	UBERON:0001384	ensembl:ENSMUSG00000034402	ensembl:ENSMUSG00000034687	ensembl:ENSMUSG00000063626	ensembl:ENSMUSG00000059203	ensembl:ENSMUSG00000100851	ensembl:ENSMUSG00000032564	ensembl:ENSMUSG00000038331	ensembl:ENSMUSG00000036192	ensembl:ENSMUSG00000059173	ensembl:ENSMUSG00000036264	ensembl:ENSMUSG00000084890	ensembl:ENSMUSG00000004415					
http://www.semanticweb.org/brain_data_standards/AllenDendClass_CS202002013_189	equivalent	http://www.semanticweb.org/brain_data_standards/AllenDend_CS202002013_189	CL:0000679	UBERON:0001384	ensembl:ENSMUSG00000039037	ensembl:ENSMUSG00000040452	ensembl:ENSMUSG00000063626	ensembl:ENSMUSG00000059203	ensembl:ENSMUSG00000100851	ensembl:ENSMUSG00000038331	ensembl:ENSMUSG00000035357	ensembl:ENSMUSG00000036192	ensembl:ENSMUSG00000059173	ensembl:ENSMUSG00000036264	ensembl:ENSMUSG00000034687						
http://www.semanticweb.org/brain_data_standards/AllenDendClass_CS202002013_190	equivalent	http://www.semanticweb.org/brain_data_standards/AllenDend_CS202002013_190	CL:0000679	UBERON:0001384	ensembl:ENSMUSG00000022419	ensembl:ENSMUSG00000039037	ensembl:ENSMUSG00000040452	ensembl:ENSMUSG00000063626	ensembl:ENSMUSG00000059203	ensembl:ENSMUSG00000100851	ensembl:ENSMUSG00000038331	ensembl:ENSMUSG00000035357	ensembl:ENSMUSG00000036192	ensembl:ENSMUSG00000059173	ensembl:ENSMUSG00000036264	ensembl:ENSMUSG00000034687					
http://www.semanticweb.org/brain_data_standards/AllenDendClass_CS202002013_64	equivalent	http://www.semanticweb.org/brain_data_standards/AllenDend_CS202002013_64	CL:0000679	UBERON:0001384	ensembl:ENSMUSG00000022419	ensembl:ENSMUSG00000039037	ensembl:ENSMUSG00000063626	ensembl:ENSMUSG00000040452	ensembl:ENSMUSG00000059203	ensembl:ENSMUSG00000116610	ensembl:ENSMUSG00000100851	ensembl:ENSMUSG00000038331	ensembl:ENSMUSG00000053399	ensembl:ENSMUSG00000003746	ensembl:ENSMUSG00000036192	ensembl:ENSMUSG00000035357	ensembl:ENSMUSG00000059173	ensembl:ENSMUSG00000036264	ensembl:ENSMUSG00000034687		
http://www.semanticweb.org/brain_data_standards/AllenDendClass_CS202002013_191	equivalent	http://www.semanticweb.org/brain_data_standards/AllenDend_CS202002013_191	CL:0000679	UBERON:0001384	ensembl:ENSMUSG00000045613	ensembl:ENSMUSG00000039037	ensembl:ENSMUSG00000040452	ensembl:ENSMUSG00000063626	ensembl:ENSMUSG00000059203	ensembl:ENSMUSG00000100851	ensembl:ENSMUSG00000034009	ensembl:ENSMUSG00000038331	ensembl:ENSMUSG00000035357	ensembl:ENSMUSG00000036192	ensembl:ENSMUSG00000059173	ensembl:ENSMUSG00000036264	ensembl:ENSMUSG00000034687	ensembl:ENSMUSG00000055214			
http://www.semanticweb.org/brain_data_standards/AllenDendClass_CS202002013_65	equivalent	http://www.semanticweb.org/brain_data_standards/AllenDend_CS202002013_65	CL:0000679	UBERON:0001384	ensembl:ENSMUSG00000045613	ensembl:ENSMUSG00000039037	ensembl:ENSMUSG00000022425	ensembl:ENSMUSG00000063626	ensembl:ENSMUSG00000040452	ensembl:ENSMUSG00000059203	ensembl:ENSMUSG00000100851	ensembl:ENSMUSG00000034009	ensembl:ENSMUSG00000038331	ensembl:ENSMUSG00000055214	ensembl:ENSMUSG00000036192	ensembl:ENSMUSG00000035357	ensembl:ENSMUSG00000059173	ensembl:ENSMUSG00000017978	ensembl:ENSMUSG00000036264	ensembl:ENSMUSG00000034687	ensembl:ENSMUSG00000019889
http://www.semanticweb.org/brain_data_standards/AllenDendClass_CS202002013_66	equivalent	http://www.semanticweb.org/brain_data_standards/AllenDend_CS202002013_66	CL:0000679	UBERON:0001384	ensembl:ENSMUSG00000045613	ensembl:ENSMUSG00000029154	ensembl:ENSMUSG00000039037	ensembl:ENSMUSG00000063626	ensembl:ENSMUSG00000040452	ensembl:ENSMUSG00000059203	ensembl:ENSMUSG00000100851	ensembl:ENSMUSG00000038331	ensembl:ENSMUSG00000034009	ensembl:ENSMUSG00000036192	ensembl:ENSMUSG00000035357	ensembl:ENSMUSG00000059173	ensembl:ENSMUSG00000036264	ensembl:ENSMUSG00000034687	ensembl:ENSMUSG00000055214		
http://www.semanticweb.org/brain_data_standards/AllenDendClass_CS202002013_192	equivalent	http://www.semanticweb.org/brain_data_standards/AllenDend_CS202002013_192	CL:0000679	UBERON:0001384	ensembl:ENSMUSG00000016918	ensembl:ENSMUSG00000063626	ensembl:ENSMUSG00000059203	ensembl:ENSMUSG00000100851	ensembl:ENSMUSG00000038331	ensembl:ENSMUSG00000059173	ensembl:ENSMUSG00000052430	ensembl:ENSMUSG00000036264									
http://www.semanticweb.org/brain_data_standards/AllenDendClass_CS202002013_67	equivalent	http://www.semanticweb.org/brain_data_standards/AllenDend_CS202002013_67	CL:0000679	UBERON:0001384	ensembl:ENSMUSG00000063626	ensembl:ENSMUSG00000016918	ensembl:ENSMUSG00000059203	ensembl:ENSMUSG00000100851	ensembl:ENSMUSG00000038331	ensembl:ENSMUSG00000021765	ensembl:ENSMUSG00000059857	ensembl:ENSMUSG00000059173	ensembl:ENSMUSG00000052430	ensembl:ENSMUSG00000036264							
http://www.semanticweb.org/brain_data_standards/AllenDendClass_CS202002013_68	equivalent	http://www.semanticweb.org/brain_data_standards/AllenDend_CS202002013_68	CL:0000679	UBERON:0001384	ensembl:ENSMUSG00000049630	ensembl:ENSMUSG00000063626	ensembl:ENSMUSG00000016918	ensembl:ENSMUSG00000059203	ensembl:ENSMUSG00000100851	ensembl:ENSMUSG00000028909	ensembl:ENSMUSG00000038331	ensembl:ENSMUSG00000059173	ensembl:ENSMUSG00000052430	ensembl:ENSMUSG00000036264							
http://www.semanticweb.org/brain_data_standards/AllenDendClass_CS202002013_69	equivalent	http://www.semanticweb.org/brain_data_standards/AllenDend_CS202002013_69	CL:0000679	UBERON:0001384	ensembl:ENSMUSG00000026826	ensembl:ENSMUSG00000042596	ensembl:ENSMUSG00000063626	ensembl:ENSMUSG00000059203	ensembl:ENSMUSG00000100851	ensembl:ENSMUSG00000038331	ensembl:ENSMUSG00000059173	ensembl:ENSMUSG00000036264									
http://www.semanticweb.org/brain_data_standards/AllenDendClass_CS202002013_193	equivalent	http://www.semanticweb.org/brain_data_standards/AllenDend_CS202002013_193	CL:0000679	UBERON:0001384	ensembl:ENSMUSG00000022206	ensembl:ENSMUSG00000063626	ensembl:ENSMUSG00000100851	ensembl:ENSMUSG00000098760	ensembl:ENSMUSG00000038331	ensembl:ENSMUSG00000059173	ensembl:ENSMUSG00000036264										
http://www.semanticweb.org/brain_data_standards/AllenDendClass_CS202002013_70	equivalent	http://www.semanticweb.org/brain_data_standards/AllenDend_CS202002013_70	CL:0000679	UBERON:0001384	ensembl:ENSMUSG00000030905	ensembl:ENSMUSG00000022206	ensembl:ENSMUSG00000063626	ensembl:ENSMUSG00000100851	ensembl:ENSMUSG00000098760	ensembl:ENSMUSG00000038331	ensembl:ENSMUSG00000059173	ensembl:ENSMUSG00000036264									
http://www.semanticweb.org/brain_data_standards/AllenDendClass_CS202002013_194	equivalent	http://www.semanticweb.org/brain_data_standards/AllenDend_CS202002013_194	CL:0000679	UBERON:0001384	ensembl:ENSMUSG00000022206	ensembl:ENSMUSG00000063626	ensembl:ENSMUSG00000021541	ensembl:ENSMUSG00000100851	ensembl:ENSMUSG00000038331	ensembl:ENSMUSG00000098760	ensembl:ENSMUSG00000068196	ensembl:ENSMUSG00000090125	ensembl:ENSMUSG00000059173	ensembl:ENSMUSG00000036264							
http://www.semanticweb.org/brain_data_standards/AllenDendClass_CS202002013_195	equivalent	http://www.semanticweb.org/brain_data_standards/AllenDend_CS202002013_195	CL:0000679	UBERON:0001384	ensembl:ENSMUSG00000020140	ensembl:ENSMUSG00000022206	ensembl:ENSMUSG00000063626	ensembl:ENSMUSG00000021541	ensembl:ENSMUSG00000100851	ensembl:ENSMUSG00000098760	ensembl:ENSMUSG00000038331	ensembl:ENSMUSG00000068196	ensembl:ENSMUSG00000090125	ensembl:ENSMUSG00000059173	ensembl:ENSMUSG00000022112	ensembl:ENSMUSG00000036264					
http://www.semanticweb.org/brain_data_standards/AllenDendClass_CS202002013_71	equivalent	http://www.semanticweb.org/brain_data_standards/AllenDend_CS202002013_71	CL:0000679	UBERON:0001384	ensembl:ENSMUSG00000020140	ensembl:ENSMUSG00000022206	ensembl:ENSMUSG00000063626	ensembl:ENSMUSG00000021541	ensembl:ENSMUSG00000100851	ensembl:ENSMUSG00000098760	ensembl:ENSMUSG00000038331	ensembl:ENSMUSG00000068196	ensembl:ENSMUSG00000090125	ensembl:ENSMUSG00000040732	ensembl:ENSMUSG00000059173	ensembl:ENSMUSG00000022112	ensembl:ENSMUSG00000036264				
http://www.semanticweb.org/brain_data_standards/AllenDendClass_CS202002013_72	equivalent	http://www.semanticweb.org/brain_data_standards/AllenDend_CS202002013_72	CL:0000679	UBERON:0001384	ensembl:ENSMUSG00000039620	ensembl:ENSMUSG00000020140	ensembl:ENSMUSG00000022206	ensembl:ENSMUSG00000063626	ensembl:ENSMUSG00000021541	ensembl:ENSMUSG00000100851	ensembl:ENSMUSG00000042453	ensembl:ENSMUSG00000098760	ensembl:ENSMUSG00000038331	ensembl:ENSMUSG00000068196	ensembl:ENSMUSG00000090125	ensembl:ENSMUSG00000059173	ensembl:ENSMUSG00000022112	ensembl:ENSMUSG00000036264			
http://www.semanticweb.org/brain_data_standards/AllenDendClass_CS202002013_73	equivalent	http://www.semanticweb.org/brain_data_standards/AllenDend_CS202002013_73	CL:0000679	UBERON:0001384	ensembl:ENSMUSG00000022206	ensembl:ENSMUSG00000063626	ensembl:ENSMUSG00000021541	ensembl:ENSMUSG00000100851	ensembl:ENSMUSG00000098760	ensembl:ENSMUSG00000038331	ensembl:ENSMUSG00000068196	ensembl:ENSMUSG00000043659	ensembl:ENSMUSG00000090125	ensembl:ENSMUSG00000059173	ensembl:ENSMUSG00000036264						
http://www.semanticweb.org/brain_data_standards/AllenDendClass_CS202002013_196	equivalent	http://www.semanticweb.org/brain_data_standards/AllenDend_CS202002013_196	CL:0000679	UBERON:0001384	ensembl:ENSMUSG00000059173	ensembl:ENSMUSG00000078591	ensembl:ENSMUSG00000027849	ensembl:ENSMUSG00000100851													
http://www.semanticweb.org/brain_data_standards/AllenDendClass_CS202002013_197	equivalent	http://www.semanticweb.org/brain_data_standards/AllenDend_CS202002013_197	CL:0000679	UBERON:0001384	ensembl:ENSMUSG00000078591	ensembl:ENSMUSG00000029563	ensembl:ENSMUSG00000027849	ensembl:ENSMUSG00000100851	ensembl:ENSMUSG00000059173												
http://www.semanticweb.org/brain_data_standards/AllenDendClass_CS202002013_74	equivalent	http://www.semanticweb.org/brain_data_standards/AllenDend_CS202002013_74	CL:0000679	UBERON:0001384	ensembl:ENSMUSG00000078591	ensembl:ENSMUSG00000029563	ensembl:ENSMUSG00000027849	ensembl:ENSMUSG00000100851	ensembl:ENSMUSG00000034009	ensembl:ENSMUSG00000024517	ensembl:ENSMUSG00000059173	ensembl:ENSMUSG00000047907									
http://www.semanticweb.org/brain_data_standards/AllenDendClass_CS202002013_198	equivalent	http://www.semanticweb.org/brain_data_standards/AllenDend_CS202002013_198	CL:0000679	UBERON:0001384	ensembl:ENSMUSG00000078591	ensembl:ENSMUSG00000029563	ensembl:ENSMUSG00000027849	ensembl:ENSMUSG00000100851	ensembl:ENSMUSG00000059173												
http://www.semanticweb.org/brain_data_standards/AllenDendClass_CS202002013_199	equivalent	http://www.semanticweb.org/brain_data_standards/AllenDend_CS202002013_199	CL:0000679	UBERON:0001384	ensembl:ENSMUSG00000078591	ensembl:ENSMUSG00000029563	ensembl:ENSMUSG00000027849	ensembl:ENSMUSG00000100851	ensembl:ENSMUSG00000059173												
http://www.semanticweb.org/brain_data_standards/AllenDendClass_CS202002013_75	equivalent	http://www.semanticweb.org/brain_data_standards/AllenDend_CS202002013_75	CL:0000679	UBERON:0001384	ensembl:ENSMUSG00000078591	ensembl:ENSMUSG00000066197	ensembl:ENSMUSG00000029563	ensembl:ENSMUSG00000010651	ensembl:ENSMUSG00000027849	ensembl:ENSMUSG00000100851	ensembl:ENSMUSG00000059173	ensembl:ENSMUSG00000063564									
http://www.semanticweb.org/brain_data_standards/AllenDendClass_CS202002013_200	equivalent	http://www.semanticweb.org/brain_data_standards/AllenDend_CS202002013_200	CL:0000679	UBERON:0001384	ensembl:ENSMUSG00000078591	ensembl:ENSMUSG00000029563	ensembl:ENSMUSG00000027849	ensembl:ENSMUSG00000100851	ensembl:ENSMUSG00000059173												
http://www.semanticweb.org/brain_data_standards/AllenDendClass_CS202002013_76	equivalent	http://www.semanticweb.org/brain_data_standards/AllenDend_CS202002013_76	CL:0000679	UBERON:0001384	ensembl:ENSMUSG00000078591	ensembl:ENSMUSG00000029563	ensembl:ENSMUSG00000027849	ensembl:ENSMUSG00000100851	ensembl:ENSMUSG00000022306	ensembl:ENSMUSG00000059173											
http://www.semanticweb.org/brain_data_standards/AllenDendClass_CS202002013_201	equivalent	http://www.semanticweb.org/brain_data_standards/AllenDend_CS202002013_201	CL:0000679	UBERON:0001384	ensembl:ENSMUSG00000078591	ensembl:ENSMUSG00000111765	ensembl:ENSMUSG00000039706	ensembl:ENSMUSG00000029563	ensembl:ENSMUSG00000022231	ensembl:ENSMUSG00000027849	ensembl:ENSMUSG00000100851	ensembl:ENSMUSG00000059173									
http://www.semanticweb.org/brain_data_standards/AllenDendClass_CS202002013_77	equivalent	http://www.semanticweb.org/brain_data_standards/AllenDend_CS202002013_77	CL:0000679	UBERON:0001384	ensembl:ENSMUSG00000049148	ensembl:ENSMUSG00000078591	ensembl:ENSMUSG00000111765	ensembl:ENSMUSG00000039706	ensembl:ENSMUSG00000029563	ensembl:ENSMUSG00000036218	ensembl:ENSMUSG00000022231	ensembl:ENSMUSG00000027849	ensembl:ENSMUSG00000100851	ensembl:ENSMUSG00000024517	ensembl:ENSMUSG00000027210	ensembl:ENSMUSG00000059173					
http://www.semanticweb.org/brain_data_standards/AllenDendClass_CS202002013_78	equivalent	http://www.semanticweb.org/brain_data_standards/AllenDend_CS202002013_78	CL:0000679	UBERON:0001384	ensembl:ENSMUSG00000078591	ensembl:ENSMUSG00000111765	ensembl:ENSMUSG00000039706	ensembl:ENSMUSG00000029563	ensembl:ENSMUSG00000022231	ensembl:ENSMUSG00000027849	ensembl:ENSMUSG00000100851	ensembl:ENSMUSG00000038331	ensembl:ENSMUSG00000040420	ensembl:ENSMUSG00000059173							
http://www.semanticweb.org/brain_data_standards/AllenDendClass_CS202002013_202	equivalent	http://www.semanticweb.org/brain_data_standards/AllenDend_CS202002013_202	CL:0000679	UBERON:0001384	ensembl:ENSMUSG00000078591	ensembl:ENSMUSG00000025997	ensembl:ENSMUSG00000111765	ensembl:ENSMUSG00000029563	ensembl:ENSMUSG00000027849	ensembl:ENSMUSG00000100851	ensembl:ENSMUSG00000059173										
http://www.semanticweb.org/brain_data_standards/AllenDendClass_CS202002013_79	equivalent	http://www.semanticweb.org/brain_data_standards/AllenDend_CS202002013_79	CL:0000679	UBERON:0001384	ensembl:ENSMUSG00000078591	ensembl:ENSMUSG00000025997	ensembl:ENSMUSG00000111765	ensembl:ENSMUSG00000029563	ensembl:ENSMUSG00000027849	ensembl:ENSMUSG00000100851	ensembl:ENSMUSG00000059173										
http://www.semanticweb.org/brain_data_standards/AllenDendClass_CS202002013_80	equivalent	http://www.semanticweb.org/brain_data_standards/AllenDend_CS202002013_80	CL:0000679	UBERON:0001384	ensembl:ENSMUSG00000026826	ensembl:ENSMUSG00000078591	ensembl:ENSMUSG00000111765	ensembl:ENSMUSG00000025997	ensembl:ENSMUSG00000029563	ensembl:ENSMUSG00000027849	ensembl:ENSMUSG00000100851	ensembl:ENSMUSG00000034009	ensembl:ENSMUSG00000096972	ensembl:ENSMUSG00000059173	ensembl:ENSMUSG00000047907						
http://www.semanticweb.org/brain_data_standards/AllenDendClass_CS202002013_203	equivalent	http://www.semanticweb.org/brain_data_standards/AllenDend_CS202002013_203	CL:0000679	UBERON:0001384	ensembl:ENSMUSG00000078591	ensembl:ENSMUSG00000027849	ensembl:ENSMUSG00000100851	ensembl:ENSMUSG00000059173	ensembl:ENSMUSG00000019997	ensembl:ENSMUSG00000039714											
http://www.semanticweb.org/brain_data_standards/AllenDendClass_CS202002013_204	equivalent	http://www.semanticweb.org/brain_data_standards/AllenDend_CS202002013_204	CL:0000679	UBERON:0001384	ensembl:ENSMUSG00000078591	ensembl:ENSMUSG00000027849	ensembl:ENSMUSG00000100851	ensembl:ENSMUSG00000116029	ensembl:ENSMUSG00000059173	ensembl:ENSMUSG00000019997	ensembl:ENSMUSG00000039714										
http://www.semanticweb.org/brain_data_standards/AllenDendClass_CS202002013_81	equivalent	http://www.semanticweb.org/brain_data_standards/AllenDend_CS202002013_81	CL:0000679	UBERON:0001384	ensembl:ENSMUSG00000078591	ensembl:ENSMUSG00000027849	ensembl:ENSMUSG00000100851	ensembl:ENSMUSG00000116029	ensembl:ENSMUSG00000046321	ensembl:ENSMUSG00000059173	ensembl:ENSMUSG00000052430	ensembl:ENSMUSG00000019997	ensembl:ENSMUSG00000039714								
http://www.semanticweb.org/brain_data_standards/AllenDendClass_CS202002013_205	equivalent	http://www.semanticweb.org/brain_data_standards/AllenDend_CS202002013_205	CL:0000679	UBERON:0001384	ensembl:ENSMUSG00000078591	ensembl:ENSMUSG00000027849	ensembl:ENSMUSG00000100851	ensembl:ENSMUSG00000116029	ensembl:ENSMUSG00000059173	ensembl:ENSMUSG00000019997	ensembl:ENSMUSG00000039714										
http://www.semanticweb.org/brain_data_standards/AllenDendClass_CS202002013_206	equivalent	http://www.semanticweb.org/brain_data_standards/AllenDend_CS202002013_206	CL:0000679	UBERON:0001384	ensembl:ENSMUSG00000078591	ensembl:ENSMUSG00000027849	ensembl:ENSMUSG00000100851	ensembl:ENSMUSG00000116029	ensembl:ENSMUSG00000059173	ensembl:ENSMUSG00000019997	ensembl:ENSMUSG00000110281	ensembl:ENSMUSG00000039714									
http://www.semanticweb.org/brain_data_standards/AllenDendClass_CS202002013_82	equivalent	http://www.semanticweb.org/brain_data_standards/AllenDend_CS202002013_82	CL:0000679	UBERON:0001384	ensembl:ENSMUSG00000078591	ensembl:ENSMUSG00000024236	ensembl:ENSMUSG00000027849	ensembl:ENSMUSG00000116029	ensembl:ENSMUSG00000100851	ensembl:ENSMUSG00000013766	ensembl:ENSMUSG00000059173	ensembl:ENSMUSG00000019997	ensembl:ENSMUSG00000110281	ensembl:ENSMUSG00000039714							
http://www.semanticweb.org/brain_data_standards/AllenDendClass_CS202002013_83	equivalent	http://www.semanticweb.org/brain_data_standards/AllenDend_CS202002013_83	CL:0000679	UBERON:0001384	ensembl:ENSMUSG00000026826	ensembl:ENSMUSG00000078591	ensembl:ENSMUSG00000027849	ensembl:ENSMUSG00000116029	ensembl:ENSMUSG00000100851	ensembl:ENSMUSG00000020000	ensembl:ENSMUSG00000059173	ensembl:ENSMUSG00000019997	ensembl:ENSMUSG00000110281	ensembl:ENSMUSG00000039714							
http://www.semanticweb.org/brain_data_standards/AllenDendClass_CS202002013_84	equivalent	http://www.semanticweb.org/brain_data_standards/AllenDend_CS202002013_84	CL:0000679	UBERON:0001384	ensembl:ENSMUSG00000043556	ensembl:ENSMUSG00000078591	ensembl:ENSMUSG00000027849	ensembl:ENSMUSG00000100851	ensembl:ENSMUSG00000116029	ensembl:ENSMUSG00000059173	ensembl:ENSMUSG00000019997	ensembl:ENSMUSG00000039714									
http://www.semanticweb.org/brain_data_standards/AllenDendClass_CS202002013_85	equivalent	http://www.semanticweb.org/brain_data_standards/AllenDend_CS202002013_85	CL:0000679	UBERON:0001384	ensembl:ENSMUSG00000078591	ensembl:ENSMUSG00000051611	ensembl:ENSMUSG00000027849	ensembl:ENSMUSG00000100851	ensembl:ENSMUSG00000053368	ensembl:ENSMUSG00000059173	ensembl:ENSMUSG00000107384	ensembl:ENSMUSG00000019997	ensembl:ENSMUSG00000039714								
http://www.semanticweb.org/brain_data_standards/AllenDendClass_CS202002013_207	equivalent	http://www.semanticweb.org/brain_data_standards/AllenDend_CS202002013_207	CL:0000679	UBERON:0001384	ensembl:ENSMUSG00000004151	ensembl:ENSMUSG00000047907															
http://www.semanticweb.org/brain_data_standards/AllenDendClass_CS202002013_208	equivalent	http://www.semanticweb.org/brain_data_standards/AllenDend_CS202002013_208	CL:0000679	UBERON:0001384	ensembl:ENSMUSG00000004151	ensembl:ENSMUSG00000019935	ensembl:ENSMUSG00000047907	ensembl:ENSMUSG00000028031													
http://www.semanticweb.org/brain_data_standards/AllenDendClass_CS202002013_86	equivalent	http://www.semanticweb.org/brain_data_standards/AllenDend_CS202002013_86	CL:0000679	UBERON:0001384	ensembl:ENSMUSG00000045648	ensembl:ENSMUSG00000039519	ensembl:ENSMUSG00000019935	ensembl:ENSMUSG00000028031	ensembl:ENSMUSG00000004151	ensembl:ENSMUSG00000047907											
http://www.semanticweb.org/brain_data_standards/AllenDendClass_CS202002013_87	equivalent	http://www.semanticweb.org/brain_data_standards/AllenDend_CS202002013_87	CL:0000679	UBERON:0001384	ensembl:ENSMUSG00000019935	ensembl:ENSMUSG00000028031	ensembl:ENSMUSG00000004151	ensembl:ENSMUSG00000047907	ensembl:ENSMUSG00000035258												
http://www.semanticweb.org/brain_data_standards/AllenDendClass_CS202002013_88	equivalent	http://www.semanticweb.org/brain_data_standards/AllenDend_CS202002013_88	CL:0000679	UBERON:0001384	ensembl:ENSMUSG00000004151	ensembl:ENSMUSG00000026344	ensembl:ENSMUSG00000047907														
http://www.semanticweb.org/brain_data_standards/AllenDendClass_CS202002013_89	equivalent	http://www.semanticweb.org/brain_data_standards/AllenDend_CS202002013_89	CL:4023065	UBERON:0001384	ensembl:ENSMUSG00000023800	ensembl:ENSMUSG00000027210															
http://www.semanticweb.org/brain_data_standards/AllenDendClass_CS202002013_90	equivalent	http://www.semanticweb.org/brain_data_standards/AllenDend_CS202002013_90	CL:4023065	UBERON:0001384	ensembl:ENSMUSG00000098087	ensembl:ENSMUSG00000035551	ensembl:ENSMUSG00000100832														
http://www.semanticweb.org/brain_data_standards/AllenDendClass_CS202002013_91	equivalent	http://www.semanticweb.org/brain_data_standards/AllenDend_CS202002013_91	CL:0002453	UBERON:0001384																	
http://www.semanticweb.org/brain_data_standards/AllenDendClass_CS202002013_92	equivalent	http://www.semanticweb.org/brain_data_standards/AllenDend_CS202002013_92	CL:0000127	UBERON:0001384	ensembl:ENSMUSG00000042489	ensembl:ENSMUSG00000098318															
http://www.semanticweb.org/brain_data_standards/AllenDendClass_CS202002013_211	equivalent	http://www.semanticweb.org/brain_data_standards/AllenDend_CS202002013_211	CL:0000127	UBERON:0001384	ensembl:ENSMUSG00000036949	ensembl:ENSMUSG00000021318															
http://www.semanticweb.org/brain_data_standards/AllenDendClass_CS202002013_93	equivalent	http://www.semanticweb.org/brain_data_standards/AllenDend_CS202002013_93	CL:0000127	UBERON:0001384	ensembl:ENSMUSG00000036949	ensembl:ENSMUSG00000021318	ensembl:ENSMUSG00000026697														
http://www.semanticweb.org/brain_data_standards/AllenDendClass_CS202002013_94	equivalent	http://www.semanticweb.org/brain_data_standards/AllenDend_CS202002013_94	CL:0000127	UBERON:0001384	ensembl:ENSMUSG00000021318	ensembl:ENSMUSG00000030235	ensembl:ENSMUSG00000036949	ensembl:ENSMUSG00000025537													
http://www.semanticweb.org/brain_data_standards/AllenDendClass_CS202002013_213	equivalent	http://www.semanticweb.org/brain_data_standards/AllenDend_CS202002013_213	CL:0000128	UBERON:0001384	ensembl:ENSMUSG00000020422	ensembl:ENSMUSG00000115529															
http://www.semanticweb.org/brain_data_standards/AllenDendClass_CS202002013_214	equivalent	http://www.semanticweb.org/brain_data_standards/AllenDend_CS202002013_214	CL:0000128	UBERON:0001384	ensembl:ENSMUSG00000020422	ensembl:ENSMUSG00000115529	ensembl:ENSMUSG00000013523														
http://www.semanticweb.org/brain_data_standards/AllenDendClass_CS202002013_95	equivalent	http://www.semanticweb.org/brain_data_standards/AllenDend_CS202002013_95	CL:0000128	UBERON:0001384	ensembl:ENSMUSG00000024985	ensembl:ENSMUSG00000020422	ensembl:ENSMUSG00000115529	ensembl:ENSMUSG00000013523													
http://www.semanticweb.org/brain_data_standards/AllenDendClass_CS202002013_96	equivalent	http://www.semanticweb.org/brain_data_standards/AllenDend_CS202002013_96	CL:0000128	UBERON:0001384	ensembl:ENSMUSG00000020422	ensembl:ENSMUSG00000021835	ensembl:ENSMUSG00000115529	ensembl:ENSMUSG00000013523													
http://www.semanticweb.org/brain_data_standards/AllenDendClass_CS202002013_215	equivalent	http://www.semanticweb.org/brain_data_standards/AllenDend_CS202002013_215	CL:0000128	UBERON:0001384	ensembl:ENSMUSG00000015202	ensembl:ENSMUSG00000020422	ensembl:ENSMUSG00000115529														
http://www.semanticweb.org/brain_data_standards/AllenDendClass_CS202002013_97	equivalent	http://www.semanticweb.org/brain_data_standards/AllenDend_CS202002013_97	CL:0000128	UBERON:0001384	ensembl:ENSMUSG00000026566	ensembl:ENSMUSG00000020422	ensembl:ENSMUSG00000115529	ensembl:ENSMUSG00000026347	ensembl:ENSMUSG00000015202	ensembl:ENSMUSG00000049690											
http://www.semanticweb.org/brain_data_standards/AllenDendClass_CS202002013_98	equivalent	http://www.semanticweb.org/brain_data_standards/AllenDend_CS202002013_98	CL:0000128	UBERON:0001384	ensembl:ENSMUSG00000015202	ensembl:ENSMUSG00000020422	ensembl:ENSMUSG00000115529														
http://www.semanticweb.org/brain_data_standards/AllenDendClass_CS202002013_216	equivalent	http://www.semanticweb.org/brain_data_standards/AllenDend_CS202002013_216	CL:0000128	UBERON:0001384	ensembl:ENSMUSG00000032841	ensembl:ENSMUSG00000032517															
http://www.semanticweb.org/brain_data_standards/AllenDendClass_CS202002013_217	equivalent	http://www.semanticweb.org/brain_data_standards/AllenDend_CS202002013_217	CL:0000128	UBERON:0001384	ensembl:ENSMUSG00000032841	ensembl:ENSMUSG00000032517															
http://www.semanticweb.org/brain_data_standards/AllenDendClass_CS202002013_99	equivalent	http://www.semanticweb.org/brain_data_standards/AllenDend_CS202002013_99	CL:0000128	UBERON:0001384	ensembl:ENSMUSG00000036777	ensembl:ENSMUSG00000032841	ensembl:ENSMUSG00000039316	ensembl:ENSMUSG00000111994	ensembl:ENSMUSG00000032517												
http://www.semanticweb.org/brain_data_standards/AllenDendClass_CS202002013_100	equivalent	http://www.semanticweb.org/brain_data_standards/AllenDend_CS202002013_100	CL:0000128	UBERON:0001384	ensembl:ENSMUSG00000032841	ensembl:ENSMUSG00000032517	ensembl:ENSMUSG00000024810														
http://www.semanticweb.org/brain_data_standards/AllenDendClass_CS202002013_218	equivalent	http://www.semanticweb.org/brain_data_standards/AllenDend_CS202002013_218	CL:0000128	UBERON:0001384	ensembl:ENSMUSG00000032841	ensembl:ENSMUSG00000032517	ensembl:ENSMUSG00000032702														
http://www.semanticweb.org/brain_data_standards/AllenDendClass_CS202002013_101	equivalent	http://www.semanticweb.org/brain_data_standards/AllenDend_CS202002013_101	CL:0000128	UBERON:0001384	ensembl:ENSMUSG00000041460	ensembl:ENSMUSG00000032702	ensembl:ENSMUSG00000032841	ensembl:ENSMUSG00000032517	ensembl:ENSMUSG00000049690												
http://www.semanticweb.org/brain_data_standards/AllenDendClass_CS202002013_102	equivalent	http://www.semanticweb.org/brain_data_standards/AllenDend_CS202002013_102	CL:0000128	UBERON:0001384	ensembl:ENSMUSG00000029086	ensembl:ENSMUSG00000032702	ensembl:ENSMUSG00000032841	ensembl:ENSMUSG00000030616	ensembl:ENSMUSG00000032517												
http://www.semanticweb.org/brain_data_standards/AllenDendClass_CS202002013_103	equivalent	http://www.semanticweb.org/brain_data_standards/AllenDend_CS202002013_103	CL:0000115	UBERON:0001384																	
http://www.semanticweb.org/brain_data_standards/AllenDendClass_CS202002013_223	equivalent	http://www.semanticweb.org/brain_data_standards/AllenDend_CS202002013_223	CL:4023051	UBERON:0001384	ensembl:ENSMUSG00000030108	ensembl:ENSMUSG00000032796															
http://www.semanticweb.org/brain_data_standards/AllenDendClass_CS202002013_224	equivalent	http://www.semanticweb.org/brain_data_standards/AllenDend_CS202002013_224	CL:4023051	UBERON:0001384	ensembl:ENSMUSG00000030108	ensembl:ENSMUSG00000064294	ensembl:ENSMUSG00000032796														
http://www.semanticweb.org/brain_data_standards/AllenDendClass_CS202002013_104	equivalent	http://www.semanticweb.org/brain_data_standards/AllenDend_CS202002013_104	CL:4023051	UBERON:0001384	ensembl:ENSMUSG00000030108	ensembl:ENSMUSG00000031273	ensembl:ENSMUSG00000112430	ensembl:ENSMUSG00000032796	ensembl:ENSMUSG00000064294	ensembl:ENSMUSG00000025780											
http://www.semanticweb.org/brain_data_standards/AllenDendClass_CS202002013_105	equivalent	http://www.semanticweb.org/brain_data_standards/AllenDend_CS202002013_105	CL:4023051	UBERON:0001384	ensembl:ENSMUSG00000030108	ensembl:ENSMUSG00000064294	ensembl:ENSMUSG00000032796														
http://www.semanticweb.org/brain_data_standards/AllenDendClass_CS202002013_225	equivalent	http://www.semanticweb.org/brain_data_standards/AllenDend_CS202002013_225	CL:4023051	UBERON:0001384	ensembl:ENSMUSG00000030108	ensembl:ENSMUSG00000048424	ensembl:ENSMUSG00000069378	ensembl:ENSMUSG00000032796													
http://www.semanticweb.org/brain_data_standards/AllenDendClass_CS202002013_106	equivalent	http://www.semanticweb.org/brain_data_standards/AllenDend_CS202002013_106	CL:4023051	UBERON:0001384	ensembl:ENSMUSG00000043760	ensembl:ENSMUSG00000069378	ensembl:ENSMUSG00000030108	ensembl:ENSMUSG00000032796	ensembl:ENSMUSG00000048424												
http://www.semanticweb.org/brain_data_standards/AllenDendClass_CS202002013_107	equivalent	http://www.semanticweb.org/brain_data_standards/AllenDend_CS202002013_107	CL:4023051	UBERON:0001384	ensembl:ENSMUSG00000036814	ensembl:ENSMUSG00000069378	ensembl:ENSMUSG00000030108	ensembl:ENSMUSG00000032796	ensembl:ENSMUSG00000048424												
http://www.semanticweb.org/brain_data_standards/AllenDendClass_CS202002013_226	equivalent	http://www.semanticweb.org/brain_data_standards/AllenDend_CS202002013_226	CL:4023051	UBERON:0001384	ensembl:ENSMUSG00000028487	ensembl:ENSMUSG00000010122															
http://www.semanticweb.org/brain_data_standards/AllenDendClass_CS202002013_227	equivalent	http://www.semanticweb.org/brain_data_standards/AllenDend_CS202002013_227	CL:4023051	UBERON:0001384	ensembl:ENSMUSG00000028487	ensembl:ENSMUSG00000010122															
http://www.semanticweb.org/brain_data_standards/AllenDendClass_CS202002013_108	equivalent	http://www.semanticweb.org/brain_data_standards/AllenDend_CS202002013_108	CL:4023051	UBERON:0001384	ensembl:ENSMUSG00000028487	ensembl:ENSMUSG00000010122															
http://www.semanticweb.org/brain_data_standards/AllenDendClass_CS202002013_109	equivalent	http://www.semanticweb.org/brain_data_standards/AllenDend_CS202002013_109	CL:4023051	UBERON:0001384	ensembl:ENSMUSG00000006014	ensembl:ENSMUSG00000010122	ensembl:ENSMUSG00000026989	ensembl:ENSMUSG00000028487	ensembl:ENSMUSG00000040569												
http://www.semanticweb.org/brain_data_standards/AllenDendClass_CS202002013_110	equivalent	http://www.semanticweb.org/brain_data_standards/AllenDend_CS202002013_110	CL:4023051	UBERON:0001384	ensembl:ENSMUSG00000026989	ensembl:ENSMUSG00000034127	ensembl:ENSMUSG00000028487	ensembl:ENSMUSG00000010122													
http://www.semanticweb.org/brain_data_standards/AllenDendClass_CS202002013_111	equivalent	http://www.semanticweb.org/brain_data_standards/AllenDend_CS202002013_111	CL:0000359	UBERON:0001384																	
http://www.semanticweb.org/brain_data_standards/AllenDendClass_CS202002013_112	equivalent	http://www.semanticweb.org/brain_data_standards/AllenDend_CS202002013_112	CL:0000669	UBERON:0001384																	
http://www.semanticweb.org/brain_data_standards/AllenDendClass_CS202002013_113	equivalent	http://www.semanticweb.org/brain_data_standards/AllenDend_CS202002013_113	CL:0000129	UBERON:0001384																	
