ID	Label	PrefLabel	Entity Type	TYPE	Property Assertions	Synonyms	Function	cell_set_preferred_alias	original_label	cell_set_label	cell_set_aligned_alias	cell_set_additional_aliases	cell_set_alias_assignee	cell_set_alias_citation	Metadata
ID	LABEL	A skos:prefLabel	TI %	TYPE	I BDSHELP:subcluster_of SPLIT='|'	A oboInOwl:hasExactSynonym	TI capable_of some %	A n2o:cell_set_preferred_alias	A n2o:original_label	A n2o:cell_set_label	A n2o:cell_set_aligned_alias	A n2o:cell_set_additional_aliases	A n2o:cell_set_alias_assignee	A n2o:cell_set_alias_citation	A n2o:node_metadata
AllenDend:CS201908211_44	All cells - CS201908211_44	 - CS201908211_44	BDSHELP:Cluster	owl:NamedIndividual		n1			n1	All cells			Trygve Bakken	10.1038/s41586-019-1506-7	"{""members"": 43, ""midpoint"": 36.0947, ""height"": 1.1803, ""label"": """", ""nodePar.pch"": 19, ""nodePar.cex"": 1, ""cell_set_accession"": ""CS201908211_44"", ""original_label"": ""n1"", ""cell_set_label"": ""All cells"", ""cell_set_alias"": """", ""cell_set_alt_alias"": """", ""cell_set_preferred_alias"": """", ""cell_set_aligned_alias"": """", ""cell_set_additional_aliases"": """", ""cell_set_structure"": ""neocortex"", ""cell_set_ontology_tag"": ""UBERON_0001950"", ""cell_set_alias_assignee"": ""Trygve Bakken"", ""cell_set_alias_citation"": ""10.1038/s41586-019-1506-7"", ""taxonomy_id"": ""CCN201908211"", ""_row"": ""n1""}"
AllenDend:CS201908211_45	HM 001-038 - CS201908211_45	 - CS201908211_45	BDSHELP:Cluster	owl:NamedIndividual	AllenDend:CS201908211_44	n2			n2	HM 001-038			Trygve Bakken	10.1038/s41586-019-1506-7	"{""members"": 38, ""midpoint"": 33.127, ""height"": 0.8934, ""label"": """", ""nodePar.pch"": 19, ""nodePar.cex"": 1, ""cell_set_accession"": ""CS201908211_45"", ""original_label"": ""n2"", ""cell_set_label"": ""HM 001-038"", ""cell_set_alias"": """", ""cell_set_alt_alias"": """", ""cell_set_preferred_alias"": """", ""cell_set_aligned_alias"": """", ""cell_set_additional_aliases"": """", ""cell_set_structure"": ""neocortex"", ""cell_set_ontology_tag"": ""UBERON_0001950"", ""cell_set_alias_assignee"": ""Trygve Bakken"", ""cell_set_alias_citation"": ""10.1038/s41586-019-1506-7"", ""taxonomy_id"": ""CCN201908211"", ""_row"": ""n2""}"
AllenDend:CS201908211_46	HM 001-035 - CS201908211_46	Neuron - CS201908211_46	BDSHELP:Cluster	owl:NamedIndividual	AllenDend:CS201908211_45	n3|Neuron		Neuron	n3	HM 001-035		Neuron	Trygve Bakken	10.1038/s41586-019-1506-7	"{""members"": 35, ""midpoint"": 30.0039, ""height"": 0.5797, ""label"": ""Neuron"", ""nodePar.pch"": 19, ""nodePar.cex"": 1, ""cell_set_accession"": ""CS201908211_46"", ""original_label"": ""n3"", ""cell_set_label"": ""HM 001-035"", ""cell_set_alias"": ""Neuron"", ""cell_set_alt_alias"": ""Neuron"", ""cell_set_preferred_alias"": ""Neuron"", ""cell_set_aligned_alias"": """", ""cell_set_additional_aliases"": ""Neuron"", ""cell_set_structure"": ""neocortex"", ""cell_set_ontology_tag"": ""UBERON_0001950"", ""cell_set_alias_assignee"": ""Trygve Bakken"", ""cell_set_alias_citation"": ""10.1038/s41586-019-1506-7"", ""taxonomy_id"": ""CCN201908211"", ""_row"": ""n3""}"
AllenDend:CS201908211_47	HM 001-034 - CS201908211_47	 - CS201908211_47	BDSHELP:Cluster	owl:NamedIndividual	AllenDend:CS201908211_46	n4			n4	HM 001-034			Trygve Bakken	10.1038/s41586-019-1506-7	"{""members"": 34, ""midpoint"": 26.0078, ""height"": 0.5455, ""label"": """", ""nodePar.pch"": 19, ""nodePar.cex"": 1, ""cell_set_accession"": ""CS201908211_47"", ""original_label"": ""n4"", ""cell_set_label"": ""HM 001-034"", ""cell_set_alias"": """", ""cell_set_alt_alias"": """", ""cell_set_preferred_alias"": """", ""cell_set_aligned_alias"": """", ""cell_set_additional_aliases"": """", ""cell_set_structure"": ""neocortex"", ""cell_set_ontology_tag"": ""UBERON_0001950"", ""cell_set_alias_assignee"": ""Trygve Bakken"", ""cell_set_alias_citation"": ""10.1038/s41586-019-1506-7"", ""taxonomy_id"": ""CCN201908211"", ""_row"": ""n4""}"
AllenDend:CS201908211_48	HM 001-033 - CS201908211_48	 - CS201908211_48	BDSHELP:Cluster	owl:NamedIndividual	AllenDend:CS201908211_47	n5			n5	HM 001-033			Trygve Bakken	10.1038/s41586-019-1506-7	"{""members"": 33, ""midpoint"": 19.0156, ""height"": 0.4376, ""label"": """", ""nodePar.pch"": 19, ""nodePar.cex"": 1, ""cell_set_accession"": ""CS201908211_48"", ""original_label"": ""n5"", ""cell_set_label"": ""HM 001-033"", ""cell_set_alias"": """", ""cell_set_alt_alias"": """", ""cell_set_preferred_alias"": """", ""cell_set_aligned_alias"": """", ""cell_set_additional_aliases"": """", ""cell_set_structure"": ""neocortex"", ""cell_set_ontology_tag"": ""UBERON_0001950"", ""cell_set_alias_assignee"": ""Trygve Bakken"", ""cell_set_alias_citation"": ""10.1038/s41586-019-1506-7"", ""taxonomy_id"": ""CCN201908211"", ""_row"": ""n5""}"
AllenDend:CS201908211_49	HM 001-020 - CS201908211_49	GABAergic - CS201908211_49	BDSHELP:Cluster	owl:NamedIndividual	AllenDend:CS201908211_48	n6|GABAergic		GABAergic	n6	HM 001-020	GABAergic		Trygve Bakken	10.1038/s41586-019-1506-7	"{""members"": 20, ""midpoint"": 8.7188, ""height"": 0.331, ""label"": ""GABAergic"", ""nodePar.pch"": 19, ""nodePar.cex"": 1, ""cell_set_accession"": ""CS201908211_49"", ""original_label"": ""n6"", ""cell_set_label"": ""HM 001-020"", ""cell_set_alias"": ""GABAergic"", ""cell_set_alt_alias"": ""GABAergic"", ""cell_set_preferred_alias"": ""GABAergic"", ""cell_set_aligned_alias"": ""GABAergic"", ""cell_set_additional_aliases"": """", ""cell_set_structure"": ""neocortex"", ""cell_set_ontology_tag"": ""UBERON_0001950"", ""cell_set_alias_assignee"": ""Trygve Bakken"", ""cell_set_alias_citation"": ""10.1038/s41586-019-1506-7"", ""taxonomy_id"": ""CCN201908211"", ""_row"": ""n6""}"
AllenDend:CS201908211_50	HM 001-011 - CS201908211_50	CGE - CS201908211_50	BDSHELP:Cluster	owl:NamedIndividual	AllenDend:CS201908211_49	n7|CGE		CGE	n7	HM 001-011	CGE		Trygve Bakken	10.1038/s41586-019-1506-7	"{""members"": 11, ""midpoint"": 3.6875, ""height"": 0.2829, ""label"": ""CGE"", ""nodePar.pch"": 19, ""nodePar.cex"": 1, ""cell_set_accession"": ""CS201908211_50"", ""original_label"": ""n7"", ""cell_set_label"": ""HM 001-011"", ""cell_set_alias"": ""ADARB2 (CGE)"", ""cell_set_alt_alias"": ""ADARB2 (CGE)"", ""cell_set_preferred_alias"": ""CGE"", ""cell_set_aligned_alias"": ""CGE"", ""cell_set_additional_aliases"": """", ""cell_set_structure"": ""neocortex"", ""cell_set_ontology_tag"": ""UBERON_0001950"", ""cell_set_alias_assignee"": ""Trygve Bakken"", ""cell_set_alias_citation"": ""10.1038/s41586-019-1506-7"", ""taxonomy_id"": ""CCN201908211"", ""_row"": ""n7""}"
AllenDend:CS201908211_51	HM 001-003 - CS201908211_51	Lamp5 - CS201908211_51	BDSHELP:Cluster	owl:NamedIndividual	AllenDend:CS201908211_50	n8|Lamp5		Lamp5	n8	HM 001-003	Lamp5		Trygve Bakken	10.1038/s41586-019-1506-7	"{""members"": 3, ""midpoint"": 1.25, ""height"": 0.1235, ""label"": ""Lamp5"", ""nodePar.pch"": 19, ""nodePar.cex"": 1, ""cell_set_accession"": ""CS201908211_51"", ""original_label"": ""n8"", ""cell_set_label"": ""HM 001-003"", ""cell_set_alias"": ""Lamp5"", ""cell_set_alt_alias"": ""Lamp5"", ""cell_set_preferred_alias"": ""Lamp5"", ""cell_set_aligned_alias"": ""Lamp5"", ""cell_set_additional_aliases"": """", ""cell_set_structure"": ""neocortex"", ""cell_set_ontology_tag"": ""UBERON_0001950"", ""cell_set_alias_assignee"": ""Trygve Bakken"", ""cell_set_alias_citation"": ""10.1038/s41586-019-1506-7"", ""taxonomy_id"": ""CCN201908211"", ""_row"": ""n8""}"
AllenDend:CS201908211_52	HM 001-002 - CS201908211_52	 - CS201908211_52	BDSHELP:Cluster	owl:NamedIndividual	AllenDend:CS201908211_51	n9			n9	HM 001-002			Trygve Bakken	10.1038/s41586-019-1506-7	"{""members"": 2, ""midpoint"": 0.5, ""height"": 0.0885, ""label"": """", ""nodePar.pch"": 19, ""nodePar.cex"": 1, ""cell_set_accession"": ""CS201908211_52"", ""original_label"": ""n9"", ""cell_set_label"": ""HM 001-002"", ""cell_set_alias"": """", ""cell_set_alt_alias"": """", ""cell_set_preferred_alias"": """", ""cell_set_aligned_alias"": """", ""cell_set_additional_aliases"": """", ""cell_set_structure"": ""neocortex"", ""cell_set_ontology_tag"": ""UBERON_0001950"", ""cell_set_alias_assignee"": ""Trygve Bakken"", ""cell_set_alias_citation"": ""10.1038/s41586-019-1506-7"", ""taxonomy_id"": ""CCN201908211"", ""_row"": ""n9""}"
AllenDend:CS201908211_1	HM 001 - CS201908211_1	Lamp5 1 - CS201908211_1	BDSHELP:Cluster	owl:NamedIndividual	AllenDend:CS201908211_52	Lamp5 1		Lamp5 1	Lamp5 1	HM 001			Trygve Bakken	10.1038/s41586-019-1506-7	"{""label"": ""Lamp5 1"", ""members"": 1, ""height"": 0, ""leaf"": true, ""nodePar.pch"": 19, ""nodePar.cex"": 2, ""nodePar.lab.col"": ""#E67B73"", ""nodePar.col"": ""#E67B73"", ""cell_set_accession"": ""CS201908211_1"", ""original_label"": ""Lamp5 1"", ""cell_set_label"": ""HM 001"", ""cell_set_alias"": ""Lamp5 1"", ""cell_set_alt_alias"": """", ""cell_set_preferred_alias"": ""Lamp5 1"", ""cell_set_aligned_alias"": """", ""cell_set_additional_aliases"": """", ""cell_set_structure"": ""neocortex"", ""cell_set_ontology_tag"": ""UBERON_0001950"", ""cell_set_alias_assignee"": ""Trygve Bakken"", ""cell_set_alias_citation"": ""10.1038/s41586-019-1506-7"", ""taxonomy_id"": ""CCN201908211"", ""_row"": ""Lamp5 1"", ""is_leaf"": true}"
AllenDend:CS201908211_2	HM 002 - CS201908211_2	Lamp5 Rosehip - CS201908211_2	BDSHELP:Cluster	owl:NamedIndividual	AllenDend:CS201908211_52	Lamp5 Rosehip|Lamp5 Rosehip		Lamp5 Rosehip	Lamp5 Rosehip	HM 002		Lamp5 Rosehip	Trygve Bakken	10.1038/s41586-019-1506-7	"{""label"": ""Lamp5 Rosehip"", ""members"": 1, ""height"": 0, ""leaf"": true, ""nodePar.pch"": 19, ""nodePar.cex"": 2, ""nodePar.lab.col"": ""#FFA388"", ""nodePar.col"": ""#FFA388"", ""cell_set_accession"": ""CS201908211_2"", ""original_label"": ""Lamp5 Rosehip"", ""cell_set_label"": ""HM 002"", ""cell_set_alias"": ""Lamp5 Rosehip"", ""cell_set_alt_alias"": ""Lamp5 Rosehip"", ""cell_set_preferred_alias"": ""Lamp5 Rosehip"", ""cell_set_aligned_alias"": """", ""cell_set_additional_aliases"": ""Lamp5 Rosehip"", ""cell_set_structure"": ""neocortex"", ""cell_set_ontology_tag"": ""UBERON_0001950"", ""cell_set_alias_assignee"": ""Trygve Bakken"", ""cell_set_alias_citation"": ""10.1038/s41586-019-1506-7"", ""taxonomy_id"": ""CCN201908211"", ""_row"": ""Lamp5 Rosehip"", ""is_leaf"": true}"
AllenDend:CS201908211_3	HM 003 - CS201908211_3	Lamp5 Lhx6 - CS201908211_3	BDSHELP:Cluster	owl:NamedIndividual	AllenDend:CS201908211_51	Lamp5 Lhx6|Lamp5 Lhx6		Lamp5 Lhx6	Lamp5 Lhx6	HM 003	Lamp5 Lhx6		Trygve Bakken	10.1038/s41586-019-1506-7	"{""members"": 1, ""height"": 0, ""label"": ""Lamp5 Lhx6"", ""leaf"": true, ""nodePar.pch"": 19, ""nodePar.cex"": 2, ""nodePar.lab.col"": ""#C77963"", ""nodePar.col"": ""#C77963"", ""cell_set_accession"": ""CS201908211_3"", ""original_label"": ""Lamp5 Lhx6"", ""cell_set_label"": ""HM 003"", ""cell_set_alias"": ""Lamp5 Lhx6"", ""cell_set_alt_alias"": ""Lamp5 Lhx6"", ""cell_set_preferred_alias"": ""Lamp5 Lhx6"", ""cell_set_aligned_alias"": ""Lamp5 Lhx6"", ""cell_set_additional_aliases"": """", ""cell_set_structure"": ""neocortex"", ""cell_set_ontology_tag"": ""UBERON_0001950"", ""cell_set_alias_assignee"": ""Trygve Bakken"", ""cell_set_alias_citation"": ""10.1038/s41586-019-1506-7"", ""taxonomy_id"": ""CCN201908211"", ""_row"": ""Lamp5 Lhx6"", ""is_leaf"": true}"
AllenDend:CS201908211_53	HM 004-011 - CS201908211_53	Vip - CS201908211_53	BDSHELP:Cluster	owl:NamedIndividual	AllenDend:CS201908211_50	n10|Vip		Vip	n10	HM 004-011	Vip		Trygve Bakken	10.1038/s41586-019-1506-7	"{""members"": 8, ""midpoint"": 3.125, ""height"": 0.2111, ""label"": ""Vip"", ""nodePar.pch"": 19, ""nodePar.cex"": 1, ""cell_set_accession"": ""CS201908211_53"", ""original_label"": ""n10"", ""cell_set_label"": ""HM 004-011"", ""cell_set_alias"": ""Vip"", ""cell_set_alt_alias"": ""Vip"", ""cell_set_preferred_alias"": ""Vip"", ""cell_set_aligned_alias"": ""Vip"", ""cell_set_additional_aliases"": """", ""cell_set_structure"": ""neocortex"", ""cell_set_ontology_tag"": ""UBERON_0001950"", ""cell_set_alias_assignee"": ""Trygve Bakken"", ""cell_set_alias_citation"": ""10.1038/s41586-019-1506-7"", ""taxonomy_id"": ""CCN201908211"", ""_row"": ""n10""}"
AllenDend:CS201908211_54	HM 004-007 - CS201908211_54	 - CS201908211_54	BDSHELP:Cluster	owl:NamedIndividual	AllenDend:CS201908211_53	n11			n11	HM 004-007			Trygve Bakken	10.1038/s41586-019-1506-7	"{""members"": 4, ""midpoint"": 1.125, ""height"": 0.1921, ""label"": """", ""nodePar.pch"": 19, ""nodePar.cex"": 1, ""cell_set_accession"": ""CS201908211_54"", ""original_label"": ""n11"", ""cell_set_label"": ""HM 004-007"", ""cell_set_alias"": """", ""cell_set_alt_alias"": """", ""cell_set_preferred_alias"": """", ""cell_set_aligned_alias"": """", ""cell_set_additional_aliases"": """", ""cell_set_structure"": ""neocortex"", ""cell_set_ontology_tag"": ""UBERON_0001950"", ""cell_set_alias_assignee"": ""Trygve Bakken"", ""cell_set_alias_citation"": ""10.1038/s41586-019-1506-7"", ""taxonomy_id"": ""CCN201908211"", ""_row"": ""n11""}"
AllenDend:CS201908211_4	HM 004 - CS201908211_4	Pax6 - CS201908211_4	BDSHELP:Cluster	owl:NamedIndividual	AllenDend:CS201908211_54	Pax6|Pax6		Pax6	Pax6	HM 004		Pax6	Trygve Bakken	10.1038/s41586-019-1506-7	"{""members"": 1, ""height"": 0, ""label"": ""Pax6"", ""leaf"": true, ""nodePar.pch"": 19, ""nodePar.cex"": 2, ""nodePar.lab.col"": ""#DDACC9"", ""nodePar.col"": ""#DDACC9"", ""cell_set_accession"": ""CS201908211_4"", ""original_label"": ""Pax6"", ""cell_set_label"": ""HM 004"", ""cell_set_alias"": ""Pax6"", ""cell_set_alt_alias"": ""Pax6"", ""cell_set_preferred_alias"": ""Pax6"", ""cell_set_aligned_alias"": """", ""cell_set_additional_aliases"": ""Pax6"", ""cell_set_structure"": ""neocortex"", ""cell_set_ontology_tag"": ""UBERON_0001950"", ""cell_set_alias_assignee"": ""Trygve Bakken"", ""cell_set_alias_citation"": ""10.1038/s41586-019-1506-7"", ""taxonomy_id"": ""CCN201908211"", ""_row"": ""Pax6"", ""is_leaf"": true}"
AllenDend:CS201908211_55	HM 005-007 - CS201908211_55	 - CS201908211_55	BDSHELP:Cluster	owl:NamedIndividual	AllenDend:CS201908211_54	n12			n12	HM 005-007			Trygve Bakken	10.1038/s41586-019-1506-7	"{""members"": 3, ""midpoint"": 1.25, ""height"": 0.1682, ""label"": """", ""nodePar.pch"": 19, ""nodePar.cex"": 1, ""cell_set_accession"": ""CS201908211_55"", ""original_label"": ""n12"", ""cell_set_label"": ""HM 005-007"", ""cell_set_alias"": """", ""cell_set_alt_alias"": """", ""cell_set_preferred_alias"": """", ""cell_set_aligned_alias"": """", ""cell_set_additional_aliases"": """", ""cell_set_structure"": ""neocortex"", ""cell_set_ontology_tag"": ""UBERON_0001950"", ""cell_set_alias_assignee"": ""Trygve Bakken"", ""cell_set_alias_citation"": ""10.1038/s41586-019-1506-7"", ""taxonomy_id"": ""CCN201908211"", ""_row"": ""n12""}"
AllenDend:CS201908211_56	HM 005-006 - CS201908211_56	 - CS201908211_56	BDSHELP:Cluster	owl:NamedIndividual	AllenDend:CS201908211_55	n13			n13	HM 005-006			Trygve Bakken	10.1038/s41586-019-1506-7	"{""members"": 2, ""midpoint"": 0.5, ""height"": 0.1301, ""label"": """", ""nodePar.pch"": 19, ""nodePar.cex"": 1, ""cell_set_accession"": ""CS201908211_56"", ""original_label"": ""n13"", ""cell_set_label"": ""HM 005-006"", ""cell_set_alias"": """", ""cell_set_alt_alias"": """", ""cell_set_preferred_alias"": """", ""cell_set_aligned_alias"": """", ""cell_set_additional_aliases"": """", ""cell_set_structure"": ""neocortex"", ""cell_set_ontology_tag"": ""UBERON_0001950"", ""cell_set_alias_assignee"": ""Trygve Bakken"", ""cell_set_alias_citation"": ""10.1038/s41586-019-1506-7"", ""taxonomy_id"": ""CCN201908211"", ""_row"": ""n13""}"
AllenDend:CS201908211_5	HM 005 - CS201908211_5	Lamp5 2 - CS201908211_5	BDSHELP:Cluster	owl:NamedIndividual	AllenDend:CS201908211_56	Lamp5 2		Lamp5 2	Lamp5 2	HM 005			Trygve Bakken	10.1038/s41586-019-1506-7	"{""label"": ""Lamp5 2"", ""members"": 1, ""height"": 0, ""leaf"": true, ""nodePar.pch"": 19, ""nodePar.cex"": 2, ""nodePar.lab.col"": ""#DD6091"", ""nodePar.col"": ""#DD6091"", ""cell_set_accession"": ""CS201908211_5"", ""original_label"": ""Lamp5 2"", ""cell_set_label"": ""HM 005"", ""cell_set_alias"": ""Lamp5 2"", ""cell_set_alt_alias"": """", ""cell_set_preferred_alias"": ""Lamp5 2"", ""cell_set_aligned_alias"": """", ""cell_set_additional_aliases"": """", ""cell_set_structure"": ""neocortex"", ""cell_set_ontology_tag"": ""UBERON_0001950"", ""cell_set_alias_assignee"": ""Trygve Bakken"", ""cell_set_alias_citation"": ""10.1038/s41586-019-1506-7"", ""taxonomy_id"": ""CCN201908211"", ""_row"": ""Lamp5 2"", ""is_leaf"": true}"
AllenDend:CS201908211_6	HM 006 - CS201908211_6	Vip Sncg - CS201908211_6	BDSHELP:Cluster	owl:NamedIndividual	AllenDend:CS201908211_56	Vip Sncg|Sncg		Vip Sncg	Vip Sncg	HM 006	Sncg		Trygve Bakken	10.1038/s41586-019-1506-7	"{""label"": ""Vip Sncg"", ""members"": 1, ""height"": 0, ""leaf"": true, ""nodePar.pch"": 19, ""nodePar.cex"": 2, ""nodePar.lab.col"": ""#6C00BF"", ""nodePar.col"": ""#6C00BF"", ""cell_set_accession"": ""CS201908211_6"", ""original_label"": ""Vip Sncg"", ""cell_set_label"": ""HM 006"", ""cell_set_alias"": ""Vip Sncg"", ""cell_set_alt_alias"": """", ""cell_set_preferred_alias"": ""Vip Sncg"", ""cell_set_aligned_alias"": ""Sncg"", ""cell_set_additional_aliases"": """", ""cell_set_structure"": ""neocortex"", ""cell_set_ontology_tag"": ""UBERON_0001950"", ""cell_set_alias_assignee"": ""Trygve Bakken"", ""cell_set_alias_citation"": ""10.1038/s41586-019-1506-7"", ""taxonomy_id"": ""CCN201908211"", ""_row"": ""Vip Sncg"", ""is_leaf"": true}"
AllenDend:CS201908211_7	HM 007 - CS201908211_7	Vip 1 - CS201908211_7	BDSHELP:Cluster	owl:NamedIndividual	AllenDend:CS201908211_55	Vip 1		Vip 1	Vip 1	HM 007			Trygve Bakken	10.1038/s41586-019-1506-7	"{""members"": 1, ""height"": 0, ""label"": ""Vip 1"", ""leaf"": true, ""nodePar.pch"": 19, ""nodePar.cex"": 2, ""nodePar.lab.col"": ""#9440F3"", ""nodePar.col"": ""#9440F3"", ""cell_set_accession"": ""CS201908211_7"", ""original_label"": ""Vip 1"", ""cell_set_label"": ""HM 007"", ""cell_set_alias"": ""Vip 1"", ""cell_set_alt_alias"": """", ""cell_set_preferred_alias"": ""Vip 1"", ""cell_set_aligned_alias"": """", ""cell_set_additional_aliases"": """", ""cell_set_structure"": ""neocortex"", ""cell_set_ontology_tag"": ""UBERON_0001950"", ""cell_set_alias_assignee"": ""Trygve Bakken"", ""cell_set_alias_citation"": ""10.1038/s41586-019-1506-7"", ""taxonomy_id"": ""CCN201908211"", ""_row"": ""Vip 1"", ""is_leaf"": true}"
AllenDend:CS201908211_57	HM 008-011 - CS201908211_57	 - CS201908211_57	BDSHELP:Cluster	owl:NamedIndividual	AllenDend:CS201908211_53	n14			n14	HM 008-011			Trygve Bakken	10.1038/s41586-019-1506-7	"{""members"": 4, ""midpoint"": 1.125, ""height"": 0.1352, ""label"": """", ""nodePar.pch"": 19, ""nodePar.cex"": 1, ""cell_set_accession"": ""CS201908211_57"", ""original_label"": ""n14"", ""cell_set_label"": ""HM 008-011"", ""cell_set_alias"": """", ""cell_set_alt_alias"": """", ""cell_set_preferred_alias"": """", ""cell_set_aligned_alias"": """", ""cell_set_additional_aliases"": """", ""cell_set_structure"": ""neocortex"", ""cell_set_ontology_tag"": ""UBERON_0001950"", ""cell_set_alias_assignee"": ""Trygve Bakken"", ""cell_set_alias_citation"": ""10.1038/s41586-019-1506-7"", ""taxonomy_id"": ""CCN201908211"", ""_row"": ""n14""}"
AllenDend:CS201908211_8	HM 008 - CS201908211_8	Vip 2 - CS201908211_8	BDSHELP:Cluster	owl:NamedIndividual	AllenDend:CS201908211_57	Vip 2		Vip 2	Vip 2	HM 008			Trygve Bakken	10.1038/s41586-019-1506-7	"{""members"": 1, ""height"": 0, ""label"": ""Vip 2"", ""leaf"": true, ""nodePar.pch"": 19, ""nodePar.cex"": 2, ""nodePar.lab.col"": ""#A700FF"", ""nodePar.col"": ""#A700FF"", ""cell_set_accession"": ""CS201908211_8"", ""original_label"": ""Vip 2"", ""cell_set_label"": ""HM 008"", ""cell_set_alias"": ""Vip 2"", ""cell_set_alt_alias"": """", ""cell_set_preferred_alias"": ""Vip 2"", ""cell_set_aligned_alias"": """", ""cell_set_additional_aliases"": """", ""cell_set_structure"": ""neocortex"", ""cell_set_ontology_tag"": ""UBERON_0001950"", ""cell_set_alias_assignee"": ""Trygve Bakken"", ""cell_set_alias_citation"": ""10.1038/s41586-019-1506-7"", ""taxonomy_id"": ""CCN201908211"", ""_row"": ""Vip 2"", ""is_leaf"": true}"
AllenDend:CS201908211_58	HM 009-011 - CS201908211_58	 - CS201908211_58	BDSHELP:Cluster	owl:NamedIndividual	AllenDend:CS201908211_57	n15			n15	HM 009-011			Trygve Bakken	10.1038/s41586-019-1506-7	"{""members"": 3, ""midpoint"": 1.25, ""height"": 0.1192, ""label"": """", ""nodePar.pch"": 19, ""nodePar.cex"": 1, ""cell_set_accession"": ""CS201908211_58"", ""original_label"": ""n15"", ""cell_set_label"": ""HM 009-011"", ""cell_set_alias"": """", ""cell_set_alt_alias"": """", ""cell_set_preferred_alias"": """", ""cell_set_aligned_alias"": """", ""cell_set_additional_aliases"": """", ""cell_set_structure"": ""neocortex"", ""cell_set_ontology_tag"": ""UBERON_0001950"", ""cell_set_alias_assignee"": ""Trygve Bakken"", ""cell_set_alias_citation"": ""10.1038/s41586-019-1506-7"", ""taxonomy_id"": ""CCN201908211"", ""_row"": ""n15""}"
AllenDend:CS201908211_59	HM 009-010 - CS201908211_59	 - CS201908211_59	BDSHELP:Cluster	owl:NamedIndividual	AllenDend:CS201908211_58	n16			n16	HM 009-010			Trygve Bakken	10.1038/s41586-019-1506-7	"{""members"": 2, ""midpoint"": 0.5, ""height"": 0.1073, ""label"": """", ""nodePar.pch"": 19, ""nodePar.cex"": 1, ""cell_set_accession"": ""CS201908211_59"", ""original_label"": ""n16"", ""cell_set_label"": ""HM 009-010"", ""cell_set_alias"": """", ""cell_set_alt_alias"": """", ""cell_set_preferred_alias"": """", ""cell_set_aligned_alias"": """", ""cell_set_additional_aliases"": """", ""cell_set_structure"": ""neocortex"", ""cell_set_ontology_tag"": ""UBERON_0001950"", ""cell_set_alias_assignee"": ""Trygve Bakken"", ""cell_set_alias_citation"": ""10.1038/s41586-019-1506-7"", ""taxonomy_id"": ""CCN201908211"", ""_row"": ""n16""}"
AllenDend:CS201908211_9	HM 009 - CS201908211_9	Vip 3 - CS201908211_9	BDSHELP:Cluster	owl:NamedIndividual	AllenDend:CS201908211_59	Vip 3		Vip 3	Vip 3	HM 009			Trygve Bakken	10.1038/s41586-019-1506-7	"{""label"": ""Vip 3"", ""members"": 1, ""height"": 0, ""leaf"": true, ""nodePar.pch"": 19, ""nodePar.cex"": 2, ""nodePar.lab.col"": ""#BD3D9A"", ""nodePar.col"": ""#BD3D9A"", ""cell_set_accession"": ""CS201908211_9"", ""original_label"": ""Vip 3"", ""cell_set_label"": ""HM 009"", ""cell_set_alias"": ""Vip 3"", ""cell_set_alt_alias"": """", ""cell_set_preferred_alias"": ""Vip 3"", ""cell_set_aligned_alias"": """", ""cell_set_additional_aliases"": """", ""cell_set_structure"": ""neocortex"", ""cell_set_ontology_tag"": ""UBERON_0001950"", ""cell_set_alias_assignee"": ""Trygve Bakken"", ""cell_set_alias_citation"": ""10.1038/s41586-019-1506-7"", ""taxonomy_id"": ""CCN201908211"", ""_row"": ""Vip 3"", ""is_leaf"": true}"
AllenDend:CS201908211_10	HM 010 - CS201908211_10	Vip 4 - CS201908211_10	BDSHELP:Cluster	owl:NamedIndividual	AllenDend:CS201908211_59	Vip 4		Vip 4	Vip 4	HM 010			Trygve Bakken	10.1038/s41586-019-1506-7	"{""label"": ""Vip 4"", ""members"": 1, ""height"": 0, ""leaf"": true, ""nodePar.pch"": 19, ""nodePar.cex"": 2, ""nodePar.lab.col"": ""#FF00B3"", ""nodePar.col"": ""#FF00B3"", ""cell_set_accession"": ""CS201908211_10"", ""original_label"": ""Vip 4"", ""cell_set_label"": ""HM 010"", ""cell_set_alias"": ""Vip 4"", ""cell_set_alt_alias"": """", ""cell_set_preferred_alias"": ""Vip 4"", ""cell_set_aligned_alias"": """", ""cell_set_additional_aliases"": """", ""cell_set_structure"": ""neocortex"", ""cell_set_ontology_tag"": ""UBERON_0001950"", ""cell_set_alias_assignee"": ""Trygve Bakken"", ""cell_set_alias_citation"": ""10.1038/s41586-019-1506-7"", ""taxonomy_id"": ""CCN201908211"", ""_row"": ""Vip 4"", ""is_leaf"": true}"
AllenDend:CS201908211_11	HM 011 - CS201908211_11	Vip 5 - CS201908211_11	BDSHELP:Cluster	owl:NamedIndividual	AllenDend:CS201908211_58	Vip 5		Vip 5	Vip 5	HM 011			Trygve Bakken	10.1038/s41586-019-1506-7	"{""members"": 1, ""height"": 0, ""label"": ""Vip 5"", ""leaf"": true, ""nodePar.pch"": 19, ""nodePar.cex"": 2, ""nodePar.lab.col"": ""#AF00E6"", ""nodePar.col"": ""#AF00E6"", ""cell_set_accession"": ""CS201908211_11"", ""original_label"": ""Vip 5"", ""cell_set_label"": ""HM 011"", ""cell_set_alias"": ""Vip 5"", ""cell_set_alt_alias"": """", ""cell_set_preferred_alias"": ""Vip 5"", ""cell_set_aligned_alias"": """", ""cell_set_additional_aliases"": """", ""cell_set_structure"": ""neocortex"", ""cell_set_ontology_tag"": ""UBERON_0001950"", ""cell_set_alias_assignee"": ""Trygve Bakken"", ""cell_set_alias_citation"": ""10.1038/s41586-019-1506-7"", ""taxonomy_id"": ""CCN201908211"", ""_row"": ""Vip 5"", ""is_leaf"": true}"
AllenDend:CS201908211_60	HM 012-020 - CS201908211_60	MGE - CS201908211_60	BDSHELP:Cluster	owl:NamedIndividual	AllenDend:CS201908211_49	n17|MGE		MGE	n17	HM 012-020	MGE		Trygve Bakken	10.1038/s41586-019-1506-7	"{""members"": 9, ""midpoint"": 2.75, ""height"": 0.294, ""label"": ""MGE"", ""nodePar.pch"": 19, ""nodePar.cex"": 1, ""cell_set_accession"": ""CS201908211_60"", ""original_label"": ""n17"", ""cell_set_label"": ""HM 012-020"", ""cell_set_alias"": ""LHX6 (MGE)"", ""cell_set_alt_alias"": ""LHX6 (MGE)"", ""cell_set_preferred_alias"": ""MGE"", ""cell_set_aligned_alias"": ""MGE"", ""cell_set_additional_aliases"": """", ""cell_set_structure"": ""neocortex"", ""cell_set_ontology_tag"": ""UBERON_0001950"", ""cell_set_alias_assignee"": ""Trygve Bakken"", ""cell_set_alias_citation"": ""10.1038/s41586-019-1506-7"", ""taxonomy_id"": ""CCN201908211"", ""_row"": ""n17""}"
AllenDend:CS201908211_12	HM 012 - CS201908211_12	Sst Chodl - CS201908211_12	BDSHELP:Cluster	owl:NamedIndividual	AllenDend:CS201908211_60	Sst Chodl|Sst Chodl		Sst Chodl	Sst Chodl	HM 012	Sst Chodl		Trygve Bakken	10.1038/s41586-019-1506-7	"{""members"": 1, ""height"": 0, ""label"": ""Sst Chodl"", ""leaf"": true, ""nodePar.pch"": 19, ""nodePar.cex"": 2, ""nodePar.lab.col"": ""#FFDA50"", ""nodePar.col"": ""#FFDA50"", ""cell_set_accession"": ""CS201908211_12"", ""original_label"": ""Sst Chodl"", ""cell_set_label"": ""HM 012"", ""cell_set_alias"": ""Sst Chodl"", ""cell_set_alt_alias"": ""Sst Chodl"", ""cell_set_preferred_alias"": ""Sst Chodl"", ""cell_set_aligned_alias"": ""Sst Chodl"", ""cell_set_additional_aliases"": """", ""cell_set_structure"": ""neocortex"", ""cell_set_ontology_tag"": ""UBERON_0001950"", ""cell_set_alias_assignee"": ""Trygve Bakken"", ""cell_set_alias_citation"": ""10.1038/s41586-019-1506-7"", ""taxonomy_id"": ""CCN201908211"", ""_row"": ""Sst Chodl"", ""is_leaf"": true}"
AllenDend:CS201908211_61	HM 013-020 - CS201908211_61	 - CS201908211_61	BDSHELP:Cluster	owl:NamedIndividual	AllenDend:CS201908211_60	n18			n18	HM 013-020			Trygve Bakken	10.1038/s41586-019-1506-7	"{""members"": 8, ""midpoint"": 4.5, ""height"": 0.2294, ""label"": """", ""nodePar.pch"": 19, ""nodePar.cex"": 1, ""cell_set_accession"": ""CS201908211_61"", ""original_label"": ""n18"", ""cell_set_label"": ""HM 013-020"", ""cell_set_alias"": """", ""cell_set_alt_alias"": """", ""cell_set_preferred_alias"": """", ""cell_set_aligned_alias"": """", ""cell_set_additional_aliases"": """", ""cell_set_structure"": ""neocortex"", ""cell_set_ontology_tag"": ""UBERON_0001950"", ""cell_set_alias_assignee"": ""Trygve Bakken"", ""cell_set_alias_citation"": ""10.1038/s41586-019-1506-7"", ""taxonomy_id"": ""CCN201908211"", ""_row"": ""n18""}"
AllenDend:CS201908211_62	HM 013-017 - CS201908211_62	Sst - CS201908211_62	BDSHELP:Cluster	owl:NamedIndividual	AllenDend:CS201908211_61	n19|Sst		Sst	n19	HM 013-017	Sst		Trygve Bakken	10.1038/s41586-019-1506-7	"{""members"": 5, ""midpoint"": 2.75, ""height"": 0.1409, ""label"": ""Sst"", ""nodePar.pch"": 19, ""nodePar.cex"": 1, ""cell_set_accession"": ""CS201908211_62"", ""original_label"": ""n19"", ""cell_set_label"": ""HM 013-017"", ""cell_set_alias"": ""Sst"", ""cell_set_alt_alias"": ""Sst"", ""cell_set_preferred_alias"": ""Sst"", ""cell_set_aligned_alias"": ""Sst"", ""cell_set_additional_aliases"": """", ""cell_set_structure"": ""neocortex"", ""cell_set_ontology_tag"": ""UBERON_0001950"", ""cell_set_alias_assignee"": ""Trygve Bakken"", ""cell_set_alias_citation"": ""10.1038/s41586-019-1506-7"", ""taxonomy_id"": ""CCN201908211"", ""_row"": ""n19""}"
AllenDend:CS201908211_63	HM 013-016 - CS201908211_63	 - CS201908211_63	BDSHELP:Cluster	owl:NamedIndividual	AllenDend:CS201908211_62	n20			n20	HM 013-016			Trygve Bakken	10.1038/s41586-019-1506-7	"{""members"": 4, ""midpoint"": 1.5, ""height"": 0.1096, ""label"": """", ""nodePar.pch"": 19, ""nodePar.cex"": 1, ""cell_set_accession"": ""CS201908211_63"", ""original_label"": ""n20"", ""cell_set_label"": ""HM 013-016"", ""cell_set_alias"": """", ""cell_set_alt_alias"": """", ""cell_set_preferred_alias"": """", ""cell_set_aligned_alias"": """", ""cell_set_additional_aliases"": """", ""cell_set_structure"": ""neocortex"", ""cell_set_ontology_tag"": ""UBERON_0001950"", ""cell_set_alias_assignee"": ""Trygve Bakken"", ""cell_set_alias_citation"": ""10.1038/s41586-019-1506-7"", ""taxonomy_id"": ""CCN201908211"", ""_row"": ""n20""}"
AllenDend:CS201908211_64	HM 013-014 - CS201908211_64	 - CS201908211_64	BDSHELP:Cluster	owl:NamedIndividual	AllenDend:CS201908211_63	n21			n21	HM 013-014			Trygve Bakken	10.1038/s41586-019-1506-7	"{""members"": 2, ""midpoint"": 0.5, ""height"": 0.1034, ""label"": """", ""nodePar.pch"": 19, ""nodePar.cex"": 1, ""cell_set_accession"": ""CS201908211_64"", ""original_label"": ""n21"", ""cell_set_label"": ""HM 013-014"", ""cell_set_alias"": """", ""cell_set_alt_alias"": """", ""cell_set_preferred_alias"": """", ""cell_set_aligned_alias"": """", ""cell_set_additional_aliases"": """", ""cell_set_structure"": ""neocortex"", ""cell_set_ontology_tag"": ""UBERON_0001950"", ""cell_set_alias_assignee"": ""Trygve Bakken"", ""cell_set_alias_citation"": ""10.1038/s41586-019-1506-7"", ""taxonomy_id"": ""CCN201908211"", ""_row"": ""n21""}"
AllenDend:CS201908211_13	HM 013 - CS201908211_13	Sst 2 - CS201908211_13	BDSHELP:Cluster	owl:NamedIndividual	AllenDend:CS201908211_64	Sst 2		Sst 2	Sst 2	HM 013			Trygve Bakken	10.1038/s41586-019-1506-7	"{""label"": ""Sst 2"", ""members"": 1, ""height"": 0, ""leaf"": true, ""nodePar.pch"": 19, ""nodePar.cex"": 2, ""nodePar.lab.col"": ""#C11331"", ""nodePar.col"": ""#C11331"", ""cell_set_accession"": ""CS201908211_13"", ""original_label"": ""Sst 2"", ""cell_set_label"": ""HM 013"", ""cell_set_alias"": ""Sst 2"", ""cell_set_alt_alias"": """", ""cell_set_preferred_alias"": ""Sst 2"", ""cell_set_aligned_alias"": """", ""cell_set_additional_aliases"": """", ""cell_set_structure"": ""neocortex"", ""cell_set_ontology_tag"": ""UBERON_0001950"", ""cell_set_alias_assignee"": ""Trygve Bakken"", ""cell_set_alias_citation"": ""10.1038/s41586-019-1506-7"", ""taxonomy_id"": ""CCN201908211"", ""_row"": ""Sst 2"", ""is_leaf"": true}"
AllenDend:CS201908211_14	HM 014 - CS201908211_14	Sst 3 - CS201908211_14	BDSHELP:Cluster	owl:NamedIndividual	AllenDend:CS201908211_64	Sst 3		Sst 3	Sst 3	HM 014			Trygve Bakken	10.1038/s41586-019-1506-7	"{""label"": ""Sst 3"", ""members"": 1, ""height"": 0, ""leaf"": true, ""nodePar.pch"": 19, ""nodePar.cex"": 2, ""nodePar.lab.col"": ""#802600"", ""nodePar.col"": ""#802600"", ""cell_set_accession"": ""CS201908211_14"", ""original_label"": ""Sst 3"", ""cell_set_label"": ""HM 014"", ""cell_set_alias"": ""Sst 3"", ""cell_set_alt_alias"": """", ""cell_set_preferred_alias"": ""Sst 3"", ""cell_set_aligned_alias"": """", ""cell_set_additional_aliases"": """", ""cell_set_structure"": ""neocortex"", ""cell_set_ontology_tag"": ""UBERON_0001950"", ""cell_set_alias_assignee"": ""Trygve Bakken"", ""cell_set_alias_citation"": ""10.1038/s41586-019-1506-7"", ""taxonomy_id"": ""CCN201908211"", ""_row"": ""Sst 3"", ""is_leaf"": true}"
AllenDend:CS201908211_65	HM 015-016 - CS201908211_65	 - CS201908211_65	BDSHELP:Cluster	owl:NamedIndividual	AllenDend:CS201908211_63	n22			n22	HM 015-016			Trygve Bakken	10.1038/s41586-019-1506-7	"{""members"": 2, ""midpoint"": 0.5, ""height"": 0.0993, ""label"": """", ""nodePar.pch"": 19, ""nodePar.cex"": 1, ""cell_set_accession"": ""CS201908211_65"", ""original_label"": ""n22"", ""cell_set_label"": ""HM 015-016"", ""cell_set_alias"": """", ""cell_set_alt_alias"": """", ""cell_set_preferred_alias"": """", ""cell_set_aligned_alias"": """", ""cell_set_additional_aliases"": """", ""cell_set_structure"": ""neocortex"", ""cell_set_ontology_tag"": ""UBERON_0001950"", ""cell_set_alias_assignee"": ""Trygve Bakken"", ""cell_set_alias_citation"": ""10.1038/s41586-019-1506-7"", ""taxonomy_id"": ""CCN201908211"", ""_row"": ""n22""}"
AllenDend:CS201908211_15	HM 015 - CS201908211_15	Sst 1 - CS201908211_15	BDSHELP:Cluster	owl:NamedIndividual	AllenDend:CS201908211_65	Sst 1		Sst 1	Sst 1	HM 015			Trygve Bakken	10.1038/s41586-019-1506-7	"{""label"": ""Sst 1"", ""members"": 1, ""height"": 0, ""leaf"": true, ""nodePar.pch"": 19, ""nodePar.cex"": 2, ""nodePar.lab.col"": ""#D9C566"", ""nodePar.col"": ""#D9C566"", ""cell_set_accession"": ""CS201908211_15"", ""original_label"": ""Sst 1"", ""cell_set_label"": ""HM 015"", ""cell_set_alias"": ""Sst 1"", ""cell_set_alt_alias"": """", ""cell_set_preferred_alias"": ""Sst 1"", ""cell_set_aligned_alias"": """", ""cell_set_additional_aliases"": """", ""cell_set_structure"": ""neocortex"", ""cell_set_ontology_tag"": ""UBERON_0001950"", ""cell_set_alias_assignee"": ""Trygve Bakken"", ""cell_set_alias_citation"": ""10.1038/s41586-019-1506-7"", ""taxonomy_id"": ""CCN201908211"", ""_row"": ""Sst 1"", ""is_leaf"": true}"
AllenDend:CS201908211_16	HM 016 - CS201908211_16	Sst 4 - CS201908211_16	BDSHELP:Cluster	owl:NamedIndividual	AllenDend:CS201908211_65	Sst 4		Sst 4	Sst 4	HM 016			Trygve Bakken	10.1038/s41586-019-1506-7	"{""label"": ""Sst 4"", ""members"": 1, ""height"": 0, ""leaf"": true, ""nodePar.pch"": 19, ""nodePar.cex"": 2, ""nodePar.lab.col"": ""#804811"", ""nodePar.col"": ""#804811"", ""cell_set_accession"": ""CS201908211_16"", ""original_label"": ""Sst 4"", ""cell_set_label"": ""HM 016"", ""cell_set_alias"": ""Sst 4"", ""cell_set_alt_alias"": """", ""cell_set_preferred_alias"": ""Sst 4"", ""cell_set_aligned_alias"": """", ""cell_set_additional_aliases"": """", ""cell_set_structure"": ""neocortex"", ""cell_set_ontology_tag"": ""UBERON_0001950"", ""cell_set_alias_assignee"": ""Trygve Bakken"", ""cell_set_alias_citation"": ""10.1038/s41586-019-1506-7"", ""taxonomy_id"": ""CCN201908211"", ""_row"": ""Sst 4"", ""is_leaf"": true}"
AllenDend:CS201908211_17	HM 017 - CS201908211_17	Sst 5 - CS201908211_17	BDSHELP:Cluster	owl:NamedIndividual	AllenDend:CS201908211_62	Sst 5		Sst 5	Sst 5	HM 017			Trygve Bakken	10.1038/s41586-019-1506-7	"{""members"": 1, ""height"": 0, ""label"": ""Sst 5"", ""leaf"": true, ""nodePar.pch"": 19, ""nodePar.cex"": 2, ""nodePar.lab.col"": ""#BF480D"", ""nodePar.col"": ""#BF480D"", ""cell_set_accession"": ""CS201908211_17"", ""original_label"": ""Sst 5"", ""cell_set_label"": ""HM 017"", ""cell_set_alias"": ""Sst 5"", ""cell_set_alt_alias"": """", ""cell_set_preferred_alias"": ""Sst 5"", ""cell_set_aligned_alias"": """", ""cell_set_additional_aliases"": """", ""cell_set_structure"": ""neocortex"", ""cell_set_ontology_tag"": ""UBERON_0001950"", ""cell_set_alias_assignee"": ""Trygve Bakken"", ""cell_set_alias_citation"": ""10.1038/s41586-019-1506-7"", ""taxonomy_id"": ""CCN201908211"", ""_row"": ""Sst 5"", ""is_leaf"": true}"
AllenDend:CS201908211_66	HM 018-020 - CS201908211_66	Pvalb - CS201908211_66	BDSHELP:Cluster	owl:NamedIndividual	AllenDend:CS201908211_61	n23|Pvalb		Pvalb	n23	HM 018-020	Pvalb		Trygve Bakken	10.1038/s41586-019-1506-7	"{""members"": 3, ""midpoint"": 1.25, ""height"": 0.1936, ""label"": ""Pvalb"", ""nodePar.pch"": 19, ""nodePar.cex"": 1, ""cell_set_accession"": ""CS201908211_66"", ""original_label"": ""n23"", ""cell_set_label"": ""HM 018-020"", ""cell_set_alias"": ""Pvalb"", ""cell_set_alt_alias"": ""Pvalb"", ""cell_set_preferred_alias"": ""Pvalb"", ""cell_set_aligned_alias"": ""Pvalb"", ""cell_set_additional_aliases"": """", ""cell_set_structure"": ""neocortex"", ""cell_set_ontology_tag"": ""UBERON_0001950"", ""cell_set_alias_assignee"": ""Trygve Bakken"", ""cell_set_alias_citation"": ""10.1038/s41586-019-1506-7"", ""taxonomy_id"": ""CCN201908211"", ""_row"": ""n23""}"
AllenDend:CS201908211_67	HM 018-019 - CS201908211_67	 - CS201908211_67	BDSHELP:Cluster	owl:NamedIndividual	AllenDend:CS201908211_66	n24			n24	HM 018-019			Trygve Bakken	10.1038/s41586-019-1506-7	"{""members"": 2, ""midpoint"": 0.5, ""height"": 0.0711, ""label"": """", ""nodePar.pch"": 19, ""nodePar.cex"": 1, ""cell_set_accession"": ""CS201908211_67"", ""original_label"": ""n24"", ""cell_set_label"": ""HM 018-019"", ""cell_set_alias"": """", ""cell_set_alt_alias"": """", ""cell_set_preferred_alias"": """", ""cell_set_aligned_alias"": """", ""cell_set_additional_aliases"": """", ""cell_set_structure"": ""neocortex"", ""cell_set_ontology_tag"": ""UBERON_0001950"", ""cell_set_alias_assignee"": ""Trygve Bakken"", ""cell_set_alias_citation"": ""10.1038/s41586-019-1506-7"", ""taxonomy_id"": ""CCN201908211"", ""_row"": ""n24""}"
AllenDend:CS201908211_18	HM 018 - CS201908211_18	Pvalb 1 - CS201908211_18	BDSHELP:Cluster	owl:NamedIndividual	AllenDend:CS201908211_67	Pvalb 1		Pvalb 1	Pvalb 1	HM 018			Trygve Bakken	10.1038/s41586-019-1506-7	"{""label"": ""Pvalb 1"", ""members"": 1, ""height"": 0, ""leaf"": true, ""nodePar.pch"": 19, ""nodePar.cex"": 2, ""nodePar.lab.col"": ""#994C00"", ""nodePar.col"": ""#994C00"", ""cell_set_accession"": ""CS201908211_18"", ""original_label"": ""Pvalb 1"", ""cell_set_label"": ""HM 018"", ""cell_set_alias"": ""Pvalb 1"", ""cell_set_alt_alias"": """", ""cell_set_preferred_alias"": ""Pvalb 1"", ""cell_set_aligned_alias"": """", ""cell_set_additional_aliases"": """", ""cell_set_structure"": ""neocortex"", ""cell_set_ontology_tag"": ""UBERON_0001950"", ""cell_set_alias_assignee"": ""Trygve Bakken"", ""cell_set_alias_citation"": ""10.1038/s41586-019-1506-7"", ""taxonomy_id"": ""CCN201908211"", ""_row"": ""Pvalb 1"", ""is_leaf"": true}"
AllenDend:CS201908211_19	HM 019 - CS201908211_19	Pvalb 2 - CS201908211_19	BDSHELP:Cluster	owl:NamedIndividual	AllenDend:CS201908211_67	Pvalb 2		Pvalb 2	Pvalb 2	HM 019			Trygve Bakken	10.1038/s41586-019-1506-7	"{""label"": ""Pvalb 2"", ""members"": 1, ""height"": 0, ""leaf"": true, ""nodePar.pch"": 19, ""nodePar.cex"": 2, ""nodePar.lab.col"": ""#BC2B11"", ""nodePar.col"": ""#BC2B11"", ""cell_set_accession"": ""CS201908211_19"", ""original_label"": ""Pvalb 2"", ""cell_set_label"": ""HM 019"", ""cell_set_alias"": ""Pvalb 2"", ""cell_set_alt_alias"": """", ""cell_set_preferred_alias"": ""Pvalb 2"", ""cell_set_aligned_alias"": """", ""cell_set_additional_aliases"": """", ""cell_set_structure"": ""neocortex"", ""cell_set_ontology_tag"": ""UBERON_0001950"", ""cell_set_alias_assignee"": ""Trygve Bakken"", ""cell_set_alias_citation"": ""10.1038/s41586-019-1506-7"", ""taxonomy_id"": ""CCN201908211"", ""_row"": ""Pvalb 2"", ""is_leaf"": true}"
AllenDend:CS201908211_20	HM 020 - CS201908211_20	Chandelier - CS201908211_20	BDSHELP:Cluster	owl:NamedIndividual	AllenDend:CS201908211_66	Chandelier|Chandelier		Chandelier	Chandelier	HM 020	Chandelier		Trygve Bakken	10.1038/s41586-019-1506-7	"{""members"": 1, ""height"": 0, ""label"": ""Chandelier"", ""leaf"": true, ""nodePar.pch"": 19, ""nodePar.cex"": 2, ""nodePar.lab.col"": ""#FF197F"", ""nodePar.col"": ""#FF197F"", ""cell_set_accession"": ""CS201908211_20"", ""original_label"": ""Chandelier"", ""cell_set_label"": ""HM 020"", ""cell_set_alias"": ""Chandelier"", ""cell_set_alt_alias"": ""Chandelier"", ""cell_set_preferred_alias"": ""Chandelier"", ""cell_set_aligned_alias"": ""Chandelier"", ""cell_set_additional_aliases"": """", ""cell_set_structure"": ""neocortex"", ""cell_set_ontology_tag"": ""UBERON_0001950"", ""cell_set_alias_assignee"": ""Trygve Bakken"", ""cell_set_alias_citation"": ""10.1038/s41586-019-1506-7"", ""taxonomy_id"": ""CCN201908211"", ""_row"": ""Chandelier"", ""is_leaf"": true}"
AllenDend:CS201908211_68	HM 021-033 - CS201908211_68	Glutamatergic - CS201908211_68	BDSHELP:Cluster	owl:NamedIndividual	AllenDend:CS201908211_48	n25|Glutamatergic		Glutamatergic	n25	HM 021-033	Glutamatergic		Trygve Bakken	10.1038/s41586-019-1506-7	"{""members"": 13, ""midpoint"": 9.3125, ""height"": 0.2807, ""label"": ""Glutamatergic"", ""nodePar.pch"": 19, ""nodePar.cex"": 1, ""cell_set_accession"": ""CS201908211_68"", ""original_label"": ""n25"", ""cell_set_label"": ""HM 021-033"", ""cell_set_alias"": """", ""cell_set_alt_alias"": """", ""cell_set_preferred_alias"": ""Glutamatergic"", ""cell_set_aligned_alias"": ""Glutamatergic"", ""cell_set_additional_aliases"": """", ""cell_set_structure"": ""neocortex"", ""cell_set_ontology_tag"": ""UBERON_0001950"", ""cell_set_alias_assignee"": ""Trygve Bakken"", ""cell_set_alias_citation"": ""10.1038/s41586-019-1506-7"", ""taxonomy_id"": ""CCN201908211"", ""_row"": ""n25""}"
AllenDend:CS201908211_69	HM 021-032 - CS201908211_69	 - CS201908211_69	BDSHELP:Cluster	owl:NamedIndividual	AllenDend:CS201908211_68	n26			n26	HM 021-032			Trygve Bakken	10.1038/s41586-019-1506-7	"{""members"": 12, ""midpoint"": 6.625, ""height"": 0.2169, ""label"": """", ""nodePar.pch"": 19, ""nodePar.cex"": 1, ""cell_set_accession"": ""CS201908211_69"", ""original_label"": ""n26"", ""cell_set_label"": ""HM 021-032"", ""cell_set_alias"": """", ""cell_set_alt_alias"": """", ""cell_set_preferred_alias"": """", ""cell_set_aligned_alias"": """", ""cell_set_additional_aliases"": """", ""cell_set_structure"": ""neocortex"", ""cell_set_ontology_tag"": ""UBERON_0001950"", ""cell_set_alias_assignee"": ""Trygve Bakken"", ""cell_set_alias_citation"": ""10.1038/s41586-019-1506-7"", ""taxonomy_id"": ""CCN201908211"", ""_row"": ""n26""}"
AllenDend:CS201908211_70	HM 021-028 - CS201908211_70	IT - CS201908211_70	BDSHELP:Cluster	owl:NamedIndividual	AllenDend:CS201908211_69	n27|IT		IT	n27	HM 021-028	IT		Trygve Bakken	10.1038/s41586-019-1506-7	"{""members"": 8, ""midpoint"": 3.75, ""height"": 0.1837, ""label"": ""IT"", ""nodePar.pch"": 19, ""nodePar.cex"": 1, ""cell_set_accession"": ""CS201908211_70"", ""original_label"": ""n27"", ""cell_set_label"": ""HM 021-028"", ""cell_set_alias"": ""IT"", ""cell_set_alt_alias"": ""IT"", ""cell_set_preferred_alias"": ""IT"", ""cell_set_aligned_alias"": ""IT"", ""cell_set_additional_aliases"": """", ""cell_set_structure"": ""neocortex"", ""cell_set_ontology_tag"": ""UBERON_0001950"", ""cell_set_alias_assignee"": ""Trygve Bakken"", ""cell_set_alias_citation"": ""10.1038/s41586-019-1506-7"", ""taxonomy_id"": ""CCN201908211"", ""_row"": ""n27""}"
AllenDend:CS201908211_71	HM 021-025 - CS201908211_71	L4-6 IT - CS201908211_71	BDSHELP:Cluster	owl:NamedIndividual	AllenDend:CS201908211_70	n28|L4-6 IT		L4-6 IT	n28	HM 021-025		L4-6 IT	Trygve Bakken	10.1038/s41586-019-1506-7	"{""members"": 5, ""midpoint"": 1.25, ""height"": 0.1588, ""label"": ""L4-6 IT"", ""nodePar.pch"": 19, ""nodePar.cex"": 1, ""cell_set_accession"": ""CS201908211_71"", ""original_label"": ""n28"", ""cell_set_label"": ""HM 021-025"", ""cell_set_alias"": ""L4-6 IT"", ""cell_set_alt_alias"": ""L4-6 IT"", ""cell_set_preferred_alias"": ""L4-6 IT"", ""cell_set_aligned_alias"": """", ""cell_set_additional_aliases"": ""L4-6 IT"", ""cell_set_structure"": ""neocortex"", ""cell_set_ontology_tag"": ""UBERON_0001950"", ""cell_set_alias_assignee"": ""Trygve Bakken"", ""cell_set_alias_citation"": ""10.1038/s41586-019-1506-7"", ""taxonomy_id"": ""CCN201908211"", ""_row"": ""n28""}"
AllenDend:CS201908211_21	HM 021 - CS201908211_21	Exc L5/6 IT 1 - CS201908211_21	BDSHELP:Cluster	owl:NamedIndividual	AllenDend:CS201908211_71	Exc L5/6 IT 1		Exc L5/6 IT 1	Exc L5/6 IT 1	HM 021			Trygve Bakken	10.1038/s41586-019-1506-7	"{""members"": 1, ""height"": 0, ""label"": ""Exc L5/6 IT 1"", ""leaf"": true, ""nodePar.pch"": 19, ""nodePar.cex"": 2, ""nodePar.lab.col"": ""#00A79D"", ""nodePar.col"": ""#00A79D"", ""cell_set_accession"": ""CS201908211_21"", ""original_label"": ""Exc L5/6 IT 1"", ""cell_set_label"": ""HM 021"", ""cell_set_alias"": ""Exc L5/6 IT 1"", ""cell_set_alt_alias"": """", ""cell_set_preferred_alias"": ""Exc L5/6 IT 1"", ""cell_set_aligned_alias"": """", ""cell_set_additional_aliases"": """", ""cell_set_structure"": ""neocortex"", ""cell_set_ontology_tag"": ""UBERON_0001950"", ""cell_set_alias_assignee"": ""Trygve Bakken"", ""cell_set_alias_citation"": ""10.1038/s41586-019-1506-7"", ""taxonomy_id"": ""CCN201908211"", ""_row"": ""Exc L5/6 IT 1"", ""is_leaf"": true}"
AllenDend:CS201908211_72	HM 022-025 - CS201908211_72	 - CS201908211_72	BDSHELP:Cluster	owl:NamedIndividual	AllenDend:CS201908211_71	n29			n29	HM 022-025			Trygve Bakken	10.1038/s41586-019-1506-7	"{""members"": 4, ""midpoint"": 1.5, ""height"": 0.1182, ""label"": """", ""nodePar.pch"": 19, ""nodePar.cex"": 1, ""cell_set_accession"": ""CS201908211_72"", ""original_label"": ""n29"", ""cell_set_label"": ""HM 022-025"", ""cell_set_alias"": """", ""cell_set_alt_alias"": """", ""cell_set_preferred_alias"": """", ""cell_set_aligned_alias"": """", ""cell_set_additional_aliases"": """", ""cell_set_structure"": ""neocortex"", ""cell_set_ontology_tag"": ""UBERON_0001950"", ""cell_set_alias_assignee"": ""Trygve Bakken"", ""cell_set_alias_citation"": ""10.1038/s41586-019-1506-7"", ""taxonomy_id"": ""CCN201908211"", ""_row"": ""n29""}"
AllenDend:CS201908211_73	HM 022-023 - CS201908211_73	 - CS201908211_73	BDSHELP:Cluster	owl:NamedIndividual	AllenDend:CS201908211_72	n30			n30	HM 022-023			Trygve Bakken	10.1038/s41586-019-1506-7	"{""members"": 2, ""midpoint"": 0.5, ""height"": 0.0895, ""label"": """", ""nodePar.pch"": 19, ""nodePar.cex"": 1, ""cell_set_accession"": ""CS201908211_73"", ""original_label"": ""n30"", ""cell_set_label"": ""HM 022-023"", ""cell_set_alias"": """", ""cell_set_alt_alias"": """", ""cell_set_preferred_alias"": """", ""cell_set_aligned_alias"": """", ""cell_set_additional_aliases"": """", ""cell_set_structure"": ""neocortex"", ""cell_set_ontology_tag"": ""UBERON_0001950"", ""cell_set_alias_assignee"": ""Trygve Bakken"", ""cell_set_alias_citation"": ""10.1038/s41586-019-1506-7"", ""taxonomy_id"": ""CCN201908211"", ""_row"": ""n30""}"
AllenDend:CS201908211_22	HM 022 - CS201908211_22	Exc L4/5 IT - CS201908211_22	BDSHELP:Cluster	owl:NamedIndividual	AllenDend:CS201908211_73	Exc L4/5 IT		Exc L4/5 IT	Exc L4/5 IT	HM 022			Trygve Bakken	10.1038/s41586-019-1506-7	"{""label"": ""Exc L4/5 IT"", ""members"": 1, ""height"": 0, ""leaf"": true, ""nodePar.pch"": 19, ""nodePar.cex"": 2, ""nodePar.lab.col"": ""#00DDC5"", ""nodePar.col"": ""#00DDC5"", ""cell_set_accession"": ""CS201908211_22"", ""original_label"": ""Exc L4/5 IT"", ""cell_set_label"": ""HM 022"", ""cell_set_alias"": ""Exc L4/5 IT"", ""cell_set_alt_alias"": """", ""cell_set_preferred_alias"": ""Exc L4/5 IT"", ""cell_set_aligned_alias"": """", ""cell_set_additional_aliases"": """", ""cell_set_structure"": ""neocortex"", ""cell_set_ontology_tag"": ""UBERON_0001950"", ""cell_set_alias_assignee"": ""Trygve Bakken"", ""cell_set_alias_citation"": ""10.1038/s41586-019-1506-7"", ""taxonomy_id"": ""CCN201908211"", ""_row"": ""Exc L4/5 IT"", ""is_leaf"": true}"
AllenDend:CS201908211_23	HM 023 - CS201908211_23	Exc L3/5 IT - CS201908211_23	BDSHELP:Cluster	owl:NamedIndividual	AllenDend:CS201908211_73	Exc L3/5 IT		Exc L3/5 IT	Exc L3/5 IT	HM 023			Trygve Bakken	10.1038/s41586-019-1506-7	"{""label"": ""Exc L3/5 IT"", ""members"": 1, ""height"": 0, ""leaf"": true, ""nodePar.pch"": 19, ""nodePar.cex"": 2, ""nodePar.lab.col"": ""#00979D"", ""nodePar.col"": ""#00979D"", ""cell_set_accession"": ""CS201908211_23"", ""original_label"": ""Exc L3/5 IT"", ""cell_set_label"": ""HM 023"", ""cell_set_alias"": ""Exc L3/5 IT"", ""cell_set_alt_alias"": """", ""cell_set_preferred_alias"": ""Exc L3/5 IT"", ""cell_set_aligned_alias"": """", ""cell_set_additional_aliases"": """", ""cell_set_structure"": ""neocortex"", ""cell_set_ontology_tag"": ""UBERON_0001950"", ""cell_set_alias_assignee"": ""Trygve Bakken"", ""cell_set_alias_citation"": ""10.1038/s41586-019-1506-7"", ""taxonomy_id"": ""CCN201908211"", ""_row"": ""Exc L3/5 IT"", ""is_leaf"": true}"
AllenDend:CS201908211_74	HM 024-025 - CS201908211_74	 - CS201908211_74	BDSHELP:Cluster	owl:NamedIndividual	AllenDend:CS201908211_72	n31			n31	HM 024-025			Trygve Bakken	10.1038/s41586-019-1506-7	"{""members"": 2, ""midpoint"": 0.5, ""height"": 0.0857, ""label"": """", ""nodePar.pch"": 19, ""nodePar.cex"": 1, ""cell_set_accession"": ""CS201908211_74"", ""original_label"": ""n31"", ""cell_set_label"": ""HM 024-025"", ""cell_set_alias"": """", ""cell_set_alt_alias"": """", ""cell_set_preferred_alias"": """", ""cell_set_aligned_alias"": """", ""cell_set_additional_aliases"": """", ""cell_set_structure"": ""neocortex"", ""cell_set_ontology_tag"": ""UBERON_0001950"", ""cell_set_alias_assignee"": ""Trygve Bakken"", ""cell_set_alias_citation"": ""10.1038/s41586-019-1506-7"", ""taxonomy_id"": ""CCN201908211"", ""_row"": ""n31""}"
AllenDend:CS201908211_24	HM 024 - CS201908211_24	Exc L5/6 IT 2 - CS201908211_24	BDSHELP:Cluster	owl:NamedIndividual	AllenDend:CS201908211_74	Exc L5/6 IT 2		Exc L5/6 IT 2	Exc L5/6 IT 2	HM 024			Trygve Bakken	10.1038/s41586-019-1506-7	"{""label"": ""Exc L5/6 IT 2"", ""members"": 1, ""height"": 0, ""leaf"": true, ""nodePar.pch"": 19, ""nodePar.cex"": 2, ""nodePar.lab.col"": ""#00FF00"", ""nodePar.col"": ""#00FF00"", ""cell_set_accession"": ""CS201908211_24"", ""original_label"": ""Exc L5/6 IT 2"", ""cell_set_label"": ""HM 024"", ""cell_set_alias"": ""Exc L5/6 IT 2"", ""cell_set_alt_alias"": """", ""cell_set_preferred_alias"": ""Exc L5/6 IT 2"", ""cell_set_aligned_alias"": """", ""cell_set_additional_aliases"": """", ""cell_set_structure"": ""neocortex"", ""cell_set_ontology_tag"": ""UBERON_0001950"", ""cell_set_alias_assignee"": ""Trygve Bakken"", ""cell_set_alias_citation"": ""10.1038/s41586-019-1506-7"", ""taxonomy_id"": ""CCN201908211"", ""_row"": ""Exc L5/6 IT 2"", ""is_leaf"": true}"
AllenDend:CS201908211_25	HM 025 - CS201908211_25	Exc L5/6 IT 3 - CS201908211_25	BDSHELP:Cluster	owl:NamedIndividual	AllenDend:CS201908211_74	Exc L5/6 IT 3		Exc L5/6 IT 3	Exc L5/6 IT 3	HM 025			Trygve Bakken	10.1038/s41586-019-1506-7	"{""label"": ""Exc L5/6 IT 3"", ""members"": 1, ""height"": 0, ""leaf"": true, ""nodePar.pch"": 19, ""nodePar.cex"": 2, ""nodePar.lab.col"": ""#008F1F"", ""nodePar.col"": ""#008F1F"", ""cell_set_accession"": ""CS201908211_25"", ""original_label"": ""Exc L5/6 IT 3"", ""cell_set_label"": ""HM 025"", ""cell_set_alias"": ""Exc L5/6 IT 3"", ""cell_set_alt_alias"": """", ""cell_set_preferred_alias"": ""Exc L5/6 IT 3"", ""cell_set_aligned_alias"": """", ""cell_set_additional_aliases"": """", ""cell_set_structure"": ""neocortex"", ""cell_set_ontology_tag"": ""UBERON_0001950"", ""cell_set_alias_assignee"": ""Trygve Bakken"", ""cell_set_alias_citation"": ""10.1038/s41586-019-1506-7"", ""taxonomy_id"": ""CCN201908211"", ""_row"": ""Exc L5/6 IT 3"", ""is_leaf"": true}"
AllenDend:CS201908211_75	HM 026-028 - CS201908211_75	 - CS201908211_75	BDSHELP:Cluster	owl:NamedIndividual	AllenDend:CS201908211_70	n32			n32	HM 026-028			Trygve Bakken	10.1038/s41586-019-1506-7	"{""members"": 3, ""midpoint"": 1.25, ""height"": 0.1593, ""label"": """", ""nodePar.pch"": 19, ""nodePar.cex"": 1, ""cell_set_accession"": ""CS201908211_75"", ""original_label"": ""n32"", ""cell_set_label"": ""HM 026-028"", ""cell_set_alias"": """", ""cell_set_alt_alias"": """", ""cell_set_preferred_alias"": """", ""cell_set_aligned_alias"": """", ""cell_set_additional_aliases"": """", ""cell_set_structure"": ""neocortex"", ""cell_set_ontology_tag"": ""UBERON_0001950"", ""cell_set_alias_assignee"": ""Trygve Bakken"", ""cell_set_alias_citation"": ""10.1038/s41586-019-1506-7"", ""taxonomy_id"": ""CCN201908211"", ""_row"": ""n32""}"
AllenDend:CS201908211_76	HM 026-027 - CS201908211_76	 - CS201908211_76	BDSHELP:Cluster	owl:NamedIndividual	AllenDend:CS201908211_75	n33			n33	HM 026-027			Trygve Bakken	10.1038/s41586-019-1506-7	"{""members"": 2, ""midpoint"": 0.5, ""height"": 0.1231, ""label"": """", ""nodePar.pch"": 19, ""nodePar.cex"": 1, ""cell_set_accession"": ""CS201908211_76"", ""original_label"": ""n33"", ""cell_set_label"": ""HM 026-027"", ""cell_set_alias"": """", ""cell_set_alt_alias"": """", ""cell_set_preferred_alias"": """", ""cell_set_aligned_alias"": """", ""cell_set_additional_aliases"": """", ""cell_set_structure"": ""neocortex"", ""cell_set_ontology_tag"": ""UBERON_0001950"", ""cell_set_alias_assignee"": ""Trygve Bakken"", ""cell_set_alias_citation"": ""10.1038/s41586-019-1506-7"", ""taxonomy_id"": ""CCN201908211"", ""_row"": ""n33""}"
AllenDend:CS201908211_26	HM 026 - CS201908211_26	Exc L2/3 IT - CS201908211_26	BDSHELP:Cluster	owl:NamedIndividual	AllenDend:CS201908211_76	Exc L2/3 IT|L2/3 IT		Exc L2/3 IT	Exc L2/3 IT	HM 026	L2/3 IT		Trygve Bakken	10.1038/s41586-019-1506-7	"{""label"": ""Exc L2/3 IT"", ""members"": 1, ""height"": 0, ""leaf"": true, ""nodePar.pch"": 19, ""nodePar.cex"": 2, ""nodePar.lab.col"": ""#D9F077"", ""nodePar.col"": ""#D9F077"", ""cell_set_accession"": ""CS201908211_26"", ""original_label"": ""Exc L2/3 IT"", ""cell_set_label"": ""HM 026"", ""cell_set_alias"": ""Exc L2/3 IT"", ""cell_set_alt_alias"": ""Exc L2/3 IT"", ""cell_set_preferred_alias"": ""Exc L2/3 IT"", ""cell_set_aligned_alias"": ""L2/3 IT"", ""cell_set_additional_aliases"": """", ""cell_set_structure"": ""neocortex"", ""cell_set_ontology_tag"": ""UBERON_0001950"", ""cell_set_alias_assignee"": ""Trygve Bakken"", ""cell_set_alias_citation"": ""10.1038/s41586-019-1506-7"", ""taxonomy_id"": ""CCN201908211"", ""_row"": ""Exc L2/3 IT"", ""is_leaf"": true}"
AllenDend:CS201908211_27	HM 027 - CS201908211_27	Exc L6 IT 1 - CS201908211_27	BDSHELP:Cluster	owl:NamedIndividual	AllenDend:CS201908211_76	Exc L6 IT 1		Exc L6 IT 1	Exc L6 IT 1	HM 027			Trygve Bakken	10.1038/s41586-019-1506-7	"{""label"": ""Exc L6 IT 1"", ""members"": 1, ""height"": 0, ""leaf"": true, ""nodePar.pch"": 19, ""nodePar.cex"": 2, ""nodePar.lab.col"": ""#A19922"", ""nodePar.col"": ""#A19922"", ""cell_set_accession"": ""CS201908211_27"", ""original_label"": ""Exc L6 IT 1"", ""cell_set_label"": ""HM 027"", ""cell_set_alias"": ""Exc L6 IT 1"", ""cell_set_alt_alias"": """", ""cell_set_preferred_alias"": ""Exc L6 IT 1"", ""cell_set_aligned_alias"": """", ""cell_set_additional_aliases"": """", ""cell_set_structure"": ""neocortex"", ""cell_set_ontology_tag"": ""UBERON_0001950"", ""cell_set_alias_assignee"": ""Trygve Bakken"", ""cell_set_alias_citation"": ""10.1038/s41586-019-1506-7"", ""taxonomy_id"": ""CCN201908211"", ""_row"": ""Exc L6 IT 1"", ""is_leaf"": true}"
AllenDend:CS201908211_28	HM 028 - CS201908211_28	Exc L6 IT 2 - CS201908211_28	BDSHELP:Cluster	owl:NamedIndividual	AllenDend:CS201908211_75	Exc L6 IT 2		Exc L6 IT 2	Exc L6 IT 2	HM 028			Trygve Bakken	10.1038/s41586-019-1506-7	"{""members"": 1, ""height"": 0, ""label"": ""Exc L6 IT 2"", ""leaf"": true, ""nodePar.pch"": 19, ""nodePar.cex"": 2, ""nodePar.lab.col"": ""#8046FF"", ""nodePar.col"": ""#8046FF"", ""cell_set_accession"": ""CS201908211_28"", ""original_label"": ""Exc L6 IT 2"", ""cell_set_label"": ""HM 028"", ""cell_set_alias"": ""Exc L6 IT 2"", ""cell_set_alt_alias"": """", ""cell_set_preferred_alias"": ""Exc L6 IT 2"", ""cell_set_aligned_alias"": """", ""cell_set_additional_aliases"": """", ""cell_set_structure"": ""neocortex"", ""cell_set_ontology_tag"": ""UBERON_0001950"", ""cell_set_alias_assignee"": ""Trygve Bakken"", ""cell_set_alias_citation"": ""10.1038/s41586-019-1506-7"", ""taxonomy_id"": ""CCN201908211"", ""_row"": ""Exc L6 IT 2"", ""is_leaf"": true}"
AllenDend:CS201908211_77	HM 029-032 - CS201908211_77	 - CS201908211_77	BDSHELP:Cluster	owl:NamedIndividual	AllenDend:CS201908211_69	n34			n34	HM 029-032			Trygve Bakken	10.1038/s41586-019-1506-7	"{""members"": 4, ""midpoint"": 1.5, ""height"": 0.2059, ""label"": """", ""nodePar.pch"": 19, ""nodePar.cex"": 1, ""cell_set_accession"": ""CS201908211_77"", ""original_label"": ""n34"", ""cell_set_label"": ""HM 029-032"", ""cell_set_alias"": """", ""cell_set_alt_alias"": """", ""cell_set_preferred_alias"": """", ""cell_set_aligned_alias"": """", ""cell_set_additional_aliases"": """", ""cell_set_structure"": ""neocortex"", ""cell_set_ontology_tag"": ""UBERON_0001950"", ""cell_set_alias_assignee"": ""Trygve Bakken"", ""cell_set_alias_citation"": ""10.1038/s41586-019-1506-7"", ""taxonomy_id"": ""CCN201908211"", ""_row"": ""n34""}"
AllenDend:CS201908211_78	HM 029-030 - CS201908211_78	L5 ET - CS201908211_78	BDSHELP:Cluster	owl:NamedIndividual	AllenDend:CS201908211_77	n35|L5 ET|L5 PT		L5 ET	n35	HM 029-030	L5 ET	L5 PT	Trygve Bakken	10.1038/s41586-019-1506-7	"{""members"": 2, ""midpoint"": 0.5, ""height"": 0.1, ""label"": ""L5 ET"", ""nodePar.pch"": 19, ""nodePar.cex"": 1, ""cell_set_accession"": ""CS201908211_78"", ""original_label"": ""n35"", ""cell_set_label"": ""HM 029-030"", ""cell_set_alias"": ""L5 PT"", ""cell_set_alt_alias"": ""L5 PT"", ""cell_set_preferred_alias"": ""L5 ET"", ""cell_set_aligned_alias"": ""L5 ET"", ""cell_set_additional_aliases"": ""L5 PT"", ""cell_set_structure"": ""neocortex"", ""cell_set_ontology_tag"": ""UBERON_0001950"", ""cell_set_alias_assignee"": ""Trygve Bakken"", ""cell_set_alias_citation"": ""10.1038/s41586-019-1506-7"", ""taxonomy_id"": ""CCN201908211"", ""_row"": ""n35""}"
AllenDend:CS201908211_29	HM 029 - CS201908211_29	Exc L5 PT - CS201908211_29	BDSHELP:Cluster	owl:NamedIndividual	AllenDend:CS201908211_78	Exc L5 PT		Exc L5 PT	Exc L5 PT	HM 029			Trygve Bakken	10.1038/s41586-019-1506-7	"{""label"": ""Exc L5 PT"", ""members"": 1, ""height"": 0, ""leaf"": true, ""nodePar.pch"": 19, ""nodePar.cex"": 2, ""nodePar.lab.col"": ""#104F00"", ""nodePar.col"": ""#104F00"", ""cell_set_accession"": ""CS201908211_29"", ""original_label"": ""Exc L5 PT"", ""cell_set_label"": ""HM 029"", ""cell_set_alias"": ""Exc L5 PT"", ""cell_set_alt_alias"": """", ""cell_set_preferred_alias"": ""Exc L5 PT"", ""cell_set_aligned_alias"": """", ""cell_set_additional_aliases"": """", ""cell_set_structure"": ""neocortex"", ""cell_set_ontology_tag"": ""UBERON_0001950"", ""cell_set_alias_assignee"": ""Trygve Bakken"", ""cell_set_alias_citation"": ""10.1038/s41586-019-1506-7"", ""taxonomy_id"": ""CCN201908211"", ""_row"": ""Exc L5 PT"", ""is_leaf"": true}"
AllenDend:CS201908211_30	HM 030 - CS201908211_30	Exc L5 PT (Mouse) - CS201908211_30	BDSHELP:Cluster	owl:NamedIndividual	AllenDend:CS201908211_78	Exc L5 PT (Mouse)		Exc L5 PT (Mouse)	Exc L5 PT (Mouse)	HM 030			Trygve Bakken	10.1038/s41586-019-1506-7	"{""label"": ""Exc L5 PT (Mouse)"", ""members"": 1, ""height"": 0, ""leaf"": true, ""nodePar.pch"": 19, ""nodePar.cex"": 2, ""nodePar.lab.col"": ""#AAAAAA"", ""nodePar.col"": ""#AAAAAA"", ""cell_set_accession"": ""CS201908211_30"", ""original_label"": ""Exc L5 PT (Mouse)"", ""cell_set_label"": ""HM 030"", ""cell_set_alias"": ""Exc L5 PT (Mouse)"", ""cell_set_alt_alias"": """", ""cell_set_preferred_alias"": ""Exc L5 PT (Mouse)"", ""cell_set_aligned_alias"": """", ""cell_set_additional_aliases"": """", ""cell_set_structure"": ""neocortex"", ""cell_set_ontology_tag"": ""UBERON_0001950"", ""cell_set_alias_assignee"": ""Trygve Bakken"", ""cell_set_alias_citation"": ""10.1038/s41586-019-1506-7"", ""taxonomy_id"": ""CCN201908211"", ""_row"": ""Exc L5 PT (Mouse)"", ""is_leaf"": true}"
AllenDend:CS201908211_79	HM 031-032 - CS201908211_79	 - CS201908211_79	BDSHELP:Cluster	owl:NamedIndividual	AllenDend:CS201908211_77	n36			n36	HM 031-032			Trygve Bakken	10.1038/s41586-019-1506-7	"{""members"": 2, ""midpoint"": 0.5, ""height"": 0.1296, ""label"": """", ""nodePar.pch"": 19, ""nodePar.cex"": 1, ""cell_set_accession"": ""CS201908211_79"", ""original_label"": ""n36"", ""cell_set_label"": ""HM 031-032"", ""cell_set_alias"": """", ""cell_set_alt_alias"": """", ""cell_set_preferred_alias"": """", ""cell_set_aligned_alias"": """", ""cell_set_additional_aliases"": """", ""cell_set_structure"": ""neocortex"", ""cell_set_ontology_tag"": ""UBERON_0001950"", ""cell_set_alias_assignee"": ""Trygve Bakken"", ""cell_set_alias_citation"": ""10.1038/s41586-019-1506-7"", ""taxonomy_id"": ""CCN201908211"", ""_row"": ""n36""}"
AllenDend:CS201908211_31	HM 031 - CS201908211_31	Exc L6 CT - CS201908211_31	BDSHELP:Cluster	owl:NamedIndividual	AllenDend:CS201908211_79	Exc L6 CT|L6 CT		Exc L6 CT	Exc L6 CT	HM 031	L6 CT		Trygve Bakken	10.1038/s41586-019-1506-7	"{""label"": ""Exc L6 CT"", ""members"": 1, ""height"": 0, ""leaf"": true, ""nodePar.pch"": 19, ""nodePar.cex"": 2, ""nodePar.lab.col"": ""#1F6666"", ""nodePar.col"": ""#1F6666"", ""cell_set_accession"": ""CS201908211_31"", ""original_label"": ""Exc L6 CT"", ""cell_set_label"": ""HM 031"", ""cell_set_alias"": ""Exc L6 CT"", ""cell_set_alt_alias"": ""Exc L6 CT"", ""cell_set_preferred_alias"": ""Exc L6 CT"", ""cell_set_aligned_alias"": ""L6 CT"", ""cell_set_additional_aliases"": """", ""cell_set_structure"": ""neocortex"", ""cell_set_ontology_tag"": ""UBERON_0001950"", ""cell_set_alias_assignee"": ""Trygve Bakken"", ""cell_set_alias_citation"": ""10.1038/s41586-019-1506-7"", ""taxonomy_id"": ""CCN201908211"", ""_row"": ""Exc L6 CT"", ""is_leaf"": true}"
AllenDend:CS201908211_32	HM 032 - CS201908211_32	Exc L6b - CS201908211_32	BDSHELP:Cluster	owl:NamedIndividual	AllenDend:CS201908211_79	Exc L6b|L6b		Exc L6b	Exc L6b	HM 032	L6b		Trygve Bakken	10.1038/s41586-019-1506-7	"{""label"": ""Exc L6b"", ""members"": 1, ""height"": 0, ""leaf"": true, ""nodePar.pch"": 19, ""nodePar.cex"": 2, ""nodePar.lab.col"": ""#335280"", ""nodePar.col"": ""#335280"", ""cell_set_accession"": ""CS201908211_32"", ""original_label"": ""Exc L6b"", ""cell_set_label"": ""HM 032"", ""cell_set_alias"": ""Exc L6b"", ""cell_set_alt_alias"": ""Exc L6b"", ""cell_set_preferred_alias"": ""Exc L6b"", ""cell_set_aligned_alias"": ""L6b"", ""cell_set_additional_aliases"": """", ""cell_set_structure"": ""neocortex"", ""cell_set_ontology_tag"": ""UBERON_0001950"", ""cell_set_alias_assignee"": ""Trygve Bakken"", ""cell_set_alias_citation"": ""10.1038/s41586-019-1506-7"", ""taxonomy_id"": ""CCN201908211"", ""_row"": ""Exc L6b"", ""is_leaf"": true}"
AllenDend:CS201908211_33	HM 033 - CS201908211_33	Exc L5/6 NP - CS201908211_33	BDSHELP:Cluster	owl:NamedIndividual	AllenDend:CS201908211_68	Exc L5/6 NP|L5/6 NP		Exc L5/6 NP	Exc L5/6 NP	HM 033	L5/6 NP		Trygve Bakken	10.1038/s41586-019-1506-7	"{""members"": 1, ""height"": 0, ""label"": ""Exc L5/6 NP"", ""leaf"": true, ""nodePar.pch"": 19, ""nodePar.cex"": 2, ""nodePar.lab.col"": ""#73CA95"", ""nodePar.col"": ""#73CA95"", ""cell_set_accession"": ""CS201908211_33"", ""original_label"": ""Exc L5/6 NP"", ""cell_set_label"": ""HM 033"", ""cell_set_alias"": ""Exc L5/6 NP"", ""cell_set_alt_alias"": ""Exc L5/6 NP"", ""cell_set_preferred_alias"": ""Exc L5/6 NP"", ""cell_set_aligned_alias"": ""L5/6 NP"", ""cell_set_additional_aliases"": """", ""cell_set_structure"": ""neocortex"", ""cell_set_ontology_tag"": ""UBERON_0001950"", ""cell_set_alias_assignee"": ""Trygve Bakken"", ""cell_set_alias_citation"": ""10.1038/s41586-019-1506-7"", ""taxonomy_id"": ""CCN201908211"", ""_row"": ""Exc L5/6 NP"", ""is_leaf"": true}"
AllenDend:CS201908211_34	HM 034 - CS201908211_34	Meis2 - CS201908211_34	BDSHELP:Cluster	owl:NamedIndividual	AllenDend:CS201908211_47	Meis2|Meis2		Meis2	Meis2	HM 034	Meis2		Trygve Bakken	10.1038/s41586-019-1506-7	"{""members"": 1, ""height"": 0, ""label"": ""Meis2"", ""leaf"": true, ""nodePar.pch"": 19, ""nodePar.cex"": 2, ""nodePar.lab.col"": ""grey"", ""nodePar.col"": ""grey"", ""cell_set_accession"": ""CS201908211_34"", ""original_label"": ""Meis2"", ""cell_set_label"": ""HM 034"", ""cell_set_alias"": ""Meis2"", ""cell_set_alt_alias"": ""Meis2"", ""cell_set_preferred_alias"": ""Meis2"", ""cell_set_aligned_alias"": ""Meis2"", ""cell_set_additional_aliases"": """", ""cell_set_structure"": ""neocortex"", ""cell_set_ontology_tag"": ""UBERON_0001950"", ""cell_set_alias_assignee"": ""Trygve Bakken"", ""cell_set_alias_citation"": ""10.1038/s41586-019-1506-7"", ""taxonomy_id"": ""CCN201908211"", ""_row"": ""Meis2"", ""is_leaf"": true}"
AllenDend:CS201908211_35	HM 035 - CS201908211_35	Cajal Retzius - CS201908211_35	BDSHELP:Cluster	owl:NamedIndividual	AllenDend:CS201908211_46	Cajal Retzius|Cajal Retzius		Cajal Retzius	Cajal Retzius	HM 035		Cajal Retzius	Trygve Bakken	10.1038/s41586-019-1506-7	"{""members"": 1, ""height"": 0, ""label"": ""Cajal Retzius"", ""leaf"": true, ""nodePar.pch"": 19, ""nodePar.cex"": 2, ""nodePar.lab.col"": ""grey"", ""nodePar.col"": ""grey"", ""cell_set_accession"": ""CS201908211_35"", ""original_label"": ""Cajal Retzius"", ""cell_set_label"": ""HM 035"", ""cell_set_alias"": ""Cajal Retzius"", ""cell_set_alt_alias"": ""Cajal Retzius"", ""cell_set_preferred_alias"": ""Cajal Retzius"", ""cell_set_aligned_alias"": """", ""cell_set_additional_aliases"": ""Cajal Retzius"", ""cell_set_structure"": ""neocortex"", ""cell_set_ontology_tag"": ""UBERON_0001950"", ""cell_set_alias_assignee"": ""Trygve Bakken"", ""cell_set_alias_citation"": ""10.1038/s41586-019-1506-7"", ""taxonomy_id"": ""CCN201908211"", ""_row"": ""Cajal Retzius"", ""is_leaf"": true}"
AllenDend:CS201908211_80	HM 036-038 - CS201908211_80	 - CS201908211_80	BDSHELP:Cluster	owl:NamedIndividual	AllenDend:CS201908211_45	n37			n37	HM 036-038			Trygve Bakken	10.1038/s41586-019-1506-7	"{""members"": 3, ""midpoint"": 1.25, ""height"": 0.7764, ""label"": """", ""nodePar.pch"": 19, ""nodePar.cex"": 1, ""cell_set_accession"": ""CS201908211_80"", ""original_label"": ""n37"", ""cell_set_label"": ""HM 036-038"", ""cell_set_alias"": """", ""cell_set_alt_alias"": """", ""cell_set_preferred_alias"": """", ""cell_set_aligned_alias"": """", ""cell_set_additional_aliases"": """", ""cell_set_structure"": ""neocortex"", ""cell_set_ontology_tag"": ""UBERON_0001950"", ""cell_set_alias_assignee"": ""Trygve Bakken"", ""cell_set_alias_citation"": ""10.1038/s41586-019-1506-7"", ""taxonomy_id"": ""CCN201908211"", ""_row"": ""n37""}"
AllenDend:CS201908211_81	HM 036-037 - CS201908211_81	 - CS201908211_81	BDSHELP:Cluster	owl:NamedIndividual	AllenDend:CS201908211_80	n38			n38	HM 036-037			Trygve Bakken	10.1038/s41586-019-1506-7	"{""members"": 2, ""midpoint"": 0.5, ""height"": 0.5859, ""label"": """", ""nodePar.pch"": 19, ""nodePar.cex"": 1, ""cell_set_accession"": ""CS201908211_81"", ""original_label"": ""n38"", ""cell_set_label"": ""HM 036-037"", ""cell_set_alias"": """", ""cell_set_alt_alias"": """", ""cell_set_preferred_alias"": """", ""cell_set_aligned_alias"": """", ""cell_set_additional_aliases"": """", ""cell_set_structure"": ""neocortex"", ""cell_set_ontology_tag"": ""UBERON_0001950"", ""cell_set_alias_assignee"": ""Trygve Bakken"", ""cell_set_alias_citation"": ""10.1038/s41586-019-1506-7"", ""taxonomy_id"": ""CCN201908211"", ""_row"": ""n38""}"
AllenDend:CS201908211_36	HM 036 - CS201908211_36	Astrocyte - CS201908211_36	BDSHELP:Cluster	owl:NamedIndividual	AllenDend:CS201908211_81	Astrocyte|Astrocyte		Astrocyte	Astrocyte	HM 036	Astrocyte		Trygve Bakken	10.1038/s41586-019-1506-7	"{""label"": ""Astrocyte"", ""members"": 1, ""height"": 0, ""leaf"": true, ""nodePar.pch"": 19, ""nodePar.cex"": 2, ""nodePar.lab.col"": ""#6B8059"", ""nodePar.col"": ""#6B8059"", ""cell_set_accession"": ""CS201908211_36"", ""original_label"": ""Astrocyte"", ""cell_set_label"": ""HM 036"", ""cell_set_alias"": ""Astrocyte"", ""cell_set_alt_alias"": ""Astrocyte"", ""cell_set_preferred_alias"": ""Astrocyte"", ""cell_set_aligned_alias"": ""Astrocyte"", ""cell_set_additional_aliases"": """", ""cell_set_structure"": ""neocortex"", ""cell_set_ontology_tag"": ""UBERON_0001950"", ""cell_set_alias_assignee"": ""Trygve Bakken"", ""cell_set_alias_citation"": ""10.1038/s41586-019-1506-7"", ""taxonomy_id"": ""CCN201908211"", ""_row"": ""Astrocyte"", ""is_leaf"": true}"
AllenDend:CS201908211_37	HM 037 - CS201908211_37	OPC - CS201908211_37	BDSHELP:Cluster	owl:NamedIndividual	AllenDend:CS201908211_81	OPC|OPC		OPC	OPC	HM 037	OPC		Trygve Bakken	10.1038/s41586-019-1506-7	"{""label"": ""OPC"", ""members"": 1, ""height"": 0, ""leaf"": true, ""nodePar.pch"": 19, ""nodePar.cex"": 2, ""nodePar.lab.col"": ""#6B998D"", ""nodePar.col"": ""#6B998D"", ""cell_set_accession"": ""CS201908211_37"", ""original_label"": ""OPC"", ""cell_set_label"": ""HM 037"", ""cell_set_alias"": ""OPC"", ""cell_set_alt_alias"": ""OPC"", ""cell_set_preferred_alias"": ""OPC"", ""cell_set_aligned_alias"": ""OPC"", ""cell_set_additional_aliases"": """", ""cell_set_structure"": ""neocortex"", ""cell_set_ontology_tag"": ""UBERON_0001950"", ""cell_set_alias_assignee"": ""Trygve Bakken"", ""cell_set_alias_citation"": ""10.1038/s41586-019-1506-7"", ""taxonomy_id"": ""CCN201908211"", ""_row"": ""OPC"", ""is_leaf"": true}"
AllenDend:CS201908211_38	HM 038 - CS201908211_38	Oligodendrocyte - CS201908211_38	BDSHELP:Cluster	owl:NamedIndividual	AllenDend:CS201908211_80	Oligo|Oligodendrocyte		Oligodendrocyte	Oligo	HM 038	Oligodendrocyte		Trygve Bakken	10.1038/s41586-019-1506-7	"{""members"": 1, ""height"": 0, ""label"": ""Oligodendrocyte"", ""leaf"": true, ""nodePar.pch"": 19, ""nodePar.cex"": 2, ""nodePar.lab.col"": ""#476662"", ""nodePar.col"": ""#476662"", ""cell_set_accession"": ""CS201908211_38"", ""original_label"": ""Oligo"", ""cell_set_label"": ""HM 038"", ""cell_set_alias"": ""Oligo"", ""cell_set_alt_alias"": ""Oligo"", ""cell_set_preferred_alias"": ""Oligodendrocyte"", ""cell_set_aligned_alias"": ""Oligodendrocyte"", ""cell_set_additional_aliases"": """", ""cell_set_structure"": ""neocortex"", ""cell_set_ontology_tag"": ""UBERON_0001950"", ""cell_set_alias_assignee"": ""Trygve Bakken"", ""cell_set_alias_citation"": ""10.1038/s41586-019-1506-7"", ""taxonomy_id"": ""CCN201908211"", ""_row"": ""Oligo"", ""is_leaf"": true}"
AllenDend:CS201908211_82	HM 039-043 - CS201908211_82	 - CS201908211_82	BDSHELP:Cluster	owl:NamedIndividual	AllenDend:CS201908211_44	n39			n39	HM 039-043			Trygve Bakken	10.1038/s41586-019-1506-7	"{""members"": 5, ""midpoint"": 1.0625, ""height"": 0.9026, ""label"": """", ""nodePar.pch"": 19, ""nodePar.cex"": 1, ""cell_set_accession"": ""CS201908211_82"", ""original_label"": ""n39"", ""cell_set_label"": ""HM 039-043"", ""cell_set_alias"": """", ""cell_set_alt_alias"": """", ""cell_set_preferred_alias"": """", ""cell_set_aligned_alias"": """", ""cell_set_additional_aliases"": """", ""cell_set_structure"": ""neocortex"", ""cell_set_ontology_tag"": ""UBERON_0001950"", ""cell_set_alias_assignee"": ""Trygve Bakken"", ""cell_set_alias_citation"": ""10.1038/s41586-019-1506-7"", ""taxonomy_id"": ""CCN201908211"", ""_row"": ""n39""}"
AllenDend:CS201908211_39	HM 039 - CS201908211_39	Microglia-PVM - CS201908211_39	BDSHELP:Cluster	owl:NamedIndividual	AllenDend:CS201908211_82	Microglia/PVM|Microglia-PVM		Microglia-PVM	Microglia/PVM	HM 039	Microglia-PVM		Trygve Bakken	10.1038/s41586-019-1506-7	"{""members"": 1, ""height"": 0, ""label"": ""Microglia-PVM"", ""leaf"": true, ""nodePar.pch"": 19, ""nodePar.cex"": 2, ""nodePar.lab.col"": ""#598069"", ""nodePar.col"": ""#598069"", ""cell_set_accession"": ""CS201908211_39"", ""original_label"": ""Microglia/PVM"", ""cell_set_label"": ""HM 039"", ""cell_set_alias"": ""Microglia/PVM"", ""cell_set_alt_alias"": ""Microglia/PVM"", ""cell_set_preferred_alias"": ""Microglia-PVM"", ""cell_set_aligned_alias"": ""Microglia-PVM"", ""cell_set_additional_aliases"": """", ""cell_set_structure"": ""neocortex"", ""cell_set_ontology_tag"": ""UBERON_0001950"", ""cell_set_alias_assignee"": ""Trygve Bakken"", ""cell_set_alias_citation"": ""10.1038/s41586-019-1506-7"", ""taxonomy_id"": ""CCN201908211"", ""_row"": ""Microglia/PVM"", ""is_leaf"": true}"
AllenDend:CS201908211_83	HM 040-043 - CS201908211_83	 - CS201908211_83	BDSHELP:Cluster	owl:NamedIndividual	AllenDend:CS201908211_82	n40			n40	HM 040-043			Trygve Bakken	10.1038/s41586-019-1506-7	"{""members"": 4, ""midpoint"": 1.125, ""height"": 0.6803, ""label"": """", ""nodePar.pch"": 19, ""nodePar.cex"": 1, ""cell_set_accession"": ""CS201908211_83"", ""original_label"": ""n40"", ""cell_set_label"": ""HM 040-043"", ""cell_set_alias"": """", ""cell_set_alt_alias"": """", ""cell_set_preferred_alias"": """", ""cell_set_aligned_alias"": """", ""cell_set_additional_aliases"": """", ""cell_set_structure"": ""neocortex"", ""cell_set_ontology_tag"": ""UBERON_0001950"", ""cell_set_alias_assignee"": ""Trygve Bakken"", ""cell_set_alias_citation"": ""10.1038/s41586-019-1506-7"", ""taxonomy_id"": ""CCN201908211"", ""_row"": ""n40""}"
AllenDend:CS201908211_40	HM 040 - CS201908211_40	Endothelial - CS201908211_40	BDSHELP:Cluster	owl:NamedIndividual	AllenDend:CS201908211_83	Endothelial|Endothelial		Endothelial	Endothelial	HM 040	Endothelial		Trygve Bakken	10.1038/s41586-019-1506-7	"{""members"": 1, ""height"": 0, ""label"": ""Endothelial"", ""leaf"": true, ""nodePar.pch"": 19, ""nodePar.cex"": 2, ""nodePar.lab.col"": ""#99796B"", ""nodePar.col"": ""#99796B"", ""cell_set_accession"": ""CS201908211_40"", ""original_label"": ""Endothelial"", ""cell_set_label"": ""HM 040"", ""cell_set_alias"": ""Endothelial"", ""cell_set_alt_alias"": ""Endothelial"", ""cell_set_preferred_alias"": ""Endothelial"", ""cell_set_aligned_alias"": ""Endothelial"", ""cell_set_additional_aliases"": """", ""cell_set_structure"": ""neocortex"", ""cell_set_ontology_tag"": ""UBERON_0001950"", ""cell_set_alias_assignee"": ""Trygve Bakken"", ""cell_set_alias_citation"": ""10.1038/s41586-019-1506-7"", ""taxonomy_id"": ""CCN201908211"", ""_row"": ""Endothelial"", ""is_leaf"": true}"
AllenDend:CS201908211_84	HM 041-043 - CS201908211_84	 - CS201908211_84	BDSHELP:Cluster	owl:NamedIndividual	AllenDend:CS201908211_83	n41			n41	HM 041-043			Trygve Bakken	10.1038/s41586-019-1506-7	"{""members"": 3, ""midpoint"": 1.25, ""height"": 0.6327, ""label"": """", ""nodePar.pch"": 19, ""nodePar.cex"": 1, ""cell_set_accession"": ""CS201908211_84"", ""original_label"": ""n41"", ""cell_set_label"": ""HM 041-043"", ""cell_set_alias"": """", ""cell_set_alt_alias"": """", ""cell_set_preferred_alias"": """", ""cell_set_aligned_alias"": """", ""cell_set_additional_aliases"": """", ""cell_set_structure"": ""neocortex"", ""cell_set_ontology_tag"": ""UBERON_0001950"", ""cell_set_alias_assignee"": ""Trygve Bakken"", ""cell_set_alias_citation"": ""10.1038/s41586-019-1506-7"", ""taxonomy_id"": ""CCN201908211"", ""_row"": ""n41""}"
AllenDend:CS201908211_85	HM 041-042 - CS201908211_85	 - CS201908211_85	BDSHELP:Cluster	owl:NamedIndividual	AllenDend:CS201908211_84	n42			n42	HM 041-042			Trygve Bakken	10.1038/s41586-019-1506-7	"{""members"": 2, ""midpoint"": 0.5, ""height"": 0.4006, ""label"": """", ""nodePar.pch"": 19, ""nodePar.cex"": 1, ""cell_set_accession"": ""CS201908211_85"", ""original_label"": ""n42"", ""cell_set_label"": ""HM 041-042"", ""cell_set_alias"": """", ""cell_set_alt_alias"": """", ""cell_set_preferred_alias"": """", ""cell_set_aligned_alias"": """", ""cell_set_additional_aliases"": """", ""cell_set_structure"": ""neocortex"", ""cell_set_ontology_tag"": ""UBERON_0001950"", ""cell_set_alias_assignee"": ""Trygve Bakken"", ""cell_set_alias_citation"": ""10.1038/s41586-019-1506-7"", ""taxonomy_id"": ""CCN201908211"", ""_row"": ""n42""}"
AllenDend:CS201908211_41	HM 041 - CS201908211_41	Pericyte - CS201908211_41	BDSHELP:Cluster	owl:NamedIndividual	AllenDend:CS201908211_85	Peri|Peri		Pericyte	Peri	HM 041	Peri		Trygve Bakken	10.1038/s41586-019-1506-7	"{""label"": ""Pericyte"", ""members"": 1, ""height"": 0, ""leaf"": true, ""nodePar.pch"": 19, ""nodePar.cex"": 2, ""nodePar.lab.col"": ""grey"", ""nodePar.col"": ""grey"", ""cell_set_accession"": ""CS201908211_41"", ""original_label"": ""Peri"", ""cell_set_label"": ""HM 041"", ""cell_set_alias"": ""Peri"", ""cell_set_alt_alias"": ""Peri"", ""cell_set_preferred_alias"": ""Pericyte"", ""cell_set_aligned_alias"": ""Peri"", ""cell_set_additional_aliases"": """", ""cell_set_structure"": ""neocortex"", ""cell_set_ontology_tag"": ""UBERON_0001950"", ""cell_set_alias_assignee"": ""Trygve Bakken"", ""cell_set_alias_citation"": ""10.1038/s41586-019-1506-7"", ""taxonomy_id"": ""CCN201908211"", ""_row"": ""Peri"", ""is_leaf"": true}"
AllenDend:CS201908211_42	HM 042 - CS201908211_42	SMC - CS201908211_42	BDSHELP:Cluster	owl:NamedIndividual	AllenDend:CS201908211_85	SMC|SMC		SMC	SMC	HM 042	SMC		Trygve Bakken	10.1038/s41586-019-1506-7	"{""label"": ""SMC"", ""members"": 1, ""height"": 0, ""leaf"": true, ""nodePar.pch"": 19, ""nodePar.cex"": 2, ""nodePar.lab.col"": ""grey"", ""nodePar.col"": ""grey"", ""cell_set_accession"": ""CS201908211_42"", ""original_label"": ""SMC"", ""cell_set_label"": ""HM 042"", ""cell_set_alias"": ""SMC"", ""cell_set_alt_alias"": ""SMC"", ""cell_set_preferred_alias"": ""SMC"", ""cell_set_aligned_alias"": ""SMC"", ""cell_set_additional_aliases"": """", ""cell_set_structure"": ""neocortex"", ""cell_set_ontology_tag"": ""UBERON_0001950"", ""cell_set_alias_assignee"": ""Trygve Bakken"", ""cell_set_alias_citation"": ""10.1038/s41586-019-1506-7"", ""taxonomy_id"": ""CCN201908211"", ""_row"": ""SMC"", ""is_leaf"": true}"
AllenDend:CS201908211_43	HM 043 - CS201908211_43	VLMC - CS201908211_43	BDSHELP:Cluster	owl:NamedIndividual	AllenDend:CS201908211_84	VLMC|VLMC		VLMC	VLMC	HM 043	VLMC		Trygve Bakken	10.1038/s41586-019-1506-7	"{""members"": 1, ""height"": 0, ""label"": ""VLMC"", ""leaf"": true, ""nodePar.pch"": 19, ""nodePar.cex"": 2, ""nodePar.lab.col"": ""grey"", ""nodePar.col"": ""grey"", ""cell_set_accession"": ""CS201908211_43"", ""original_label"": ""VLMC"", ""cell_set_label"": ""HM 043"", ""cell_set_alias"": ""VLMC"", ""cell_set_alt_alias"": ""VLMC"", ""cell_set_preferred_alias"": ""VLMC"", ""cell_set_aligned_alias"": ""VLMC"", ""cell_set_additional_aliases"": """", ""cell_set_structure"": ""neocortex"", ""cell_set_ontology_tag"": ""UBERON_0001950"", ""cell_set_alias_assignee"": ""Trygve Bakken"", ""cell_set_alias_citation"": ""10.1038/s41586-019-1506-7"", ""taxonomy_id"": ""CCN201908211"", ""_row"": ""VLMC"", ""is_leaf"": true}"
