ID	Label	PrefLabel	Entity Type	TYPE	Property Assertions	Synonyms	Cluster_ID	Function	cell_set_preferred_alias	original_label	cell_set_label	cell_set_aligned_alias	cell_set_additional_aliases	cell_set_alias_assignee	cell_set_alias_citation	Metadata	Exemplar_of	Comment	Aliases	Rank
ID	LABEL	A skos:prefLabel	TI %	TYPE	I 'subcluster of' SPLIT=|	A oboInOwl:hasExactSynonym SPLIT=|	A 'cluster id'	TI capable_of some %	A n2o:cell_set_preferred_alias	A n2o:original_label	A n2o:cell_set_label	A n2o:cell_set_aligned_alias	A n2o:cell_set_additional_aliases SPLIT=|	A n2o:cell_set_alias_assignee SPLIT=|	A n2o:cell_set_alias_citation SPLIT=|	A n2o:node_metadata	TI 'exemplar data of' some %	A rdfs:comment	A oboInOwl:hasRelatedSynonym SPLIT=|	A 'cell_type_rank' SPLIT=|
PCL:0014476	All cells - CS1908210076	 - CS1908210076	PCL:0010001	owl:NamedIndividual			CS1908210076			n1	All cells					"{""members"": 75, ""midpoint"": 57.5288, ""height"": 0.9146, ""cell_set_preferred_alias"": """", ""cell_set_accession"": ""CS1908210076"", ""original_label"": ""n1"", ""cell_set_label"": ""All cells"", ""cell_set_alias"": """", ""cell_set_additional_aliases"": """", ""_row"": ""n1""}"				
PCL:0014477	Neuron 001-069 - CS1908210077	Neuron - CS1908210077	PCL:0010001	owl:NamedIndividual	PCL:0014476	Neuron	CS1908210077		Neuron	n2	Neuron 001-069		Neuron			"{""members"": 69, ""midpoint"": 42.0889, ""height"": 0.5566, ""cell_set_preferred_alias"": ""Neuron"", ""cell_set_accession"": ""CS1908210077"", ""original_label"": ""n2"", ""cell_set_label"": ""Neuron 001-069"", ""cell_set_alias"": ""Neuron"", ""cell_set_additional_aliases"": ""Neuron"", ""_row"": ""n2""}"				
PCL:0014478	Neuron 001-045 - CS1908210078	GABAergic - CS1908210078	PCL:0010001	owl:NamedIndividual	PCL:0014477	GABAergic	CS1908210078		GABAergic	n3	Neuron 001-045		GABAergic			"{""members"": 45, ""midpoint"": 23.2148, ""height"": 0.4148, ""cell_set_preferred_alias"": ""GABAergic"", ""cell_set_accession"": ""CS1908210078"", ""original_label"": ""n3"", ""cell_set_label"": ""Neuron 001-045"", ""cell_set_alias"": ""GABAergic"", ""cell_set_additional_aliases"": ""GABAergic"", ""_row"": ""n3""}"				
PCL:0014479	Neuron 001-027 - CS1908210079	ADARB2 (CGE) - CS1908210079	PCL:0010001	owl:NamedIndividual	PCL:0014478	ADARB2 (CGE)	CS1908210079		ADARB2 (CGE)	n4	Neuron 001-027		ADARB2 (CGE)			"{""members"": 27, ""midpoint"": 8.4297, ""height"": 0.3449, ""cell_set_preferred_alias"": ""ADARB2 (CGE)"", ""cell_set_accession"": ""CS1908210079"", ""original_label"": ""n4"", ""cell_set_label"": ""Neuron 001-027"", ""cell_set_alias"": ""ADARB2 (CGE)"", ""cell_set_additional_aliases"": ""ADARB2 (CGE)"", ""_row"": ""n4""}"	http://purl.obolibrary.org/obo/PCL_0014079			
PCL:0014480	Neuron 001-006 - CS1908210080	LAMP5/PAX6-like - CS1908210080	PCL:0010001	owl:NamedIndividual	PCL:0014479	LAMP5/PAX6-like	CS1908210080		LAMP5/PAX6-like	n5	Neuron 001-006		LAMP5/PAX6-like			"{""members"": 6, ""midpoint"": 1.8125, ""height"": 0.2938, ""cell_set_preferred_alias"": ""LAMP5/PAX6-like"", ""cell_set_accession"": ""CS1908210080"", ""original_label"": ""n5"", ""cell_set_label"": ""Neuron 001-006"", ""cell_set_alias"": ""LAMP5/PAX6-like"", ""cell_set_additional_aliases"": ""LAMP5/PAX6-like"", ""_row"": ""n5""}"	http://purl.obolibrary.org/obo/PCL_0014080			
PCL:0014481	Neuron 001-002 - CS1908210081	PAX6 - CS1908210081	PCL:0010001	owl:NamedIndividual	PCL:0014480	PAX6	CS1908210081		PAX6	n6	Neuron 001-002		PAX6			"{""members"": 2, ""midpoint"": 0.5, ""height"": 0.1516, ""cell_set_preferred_alias"": ""PAX6"", ""cell_set_accession"": ""CS1908210081"", ""original_label"": ""n6"", ""cell_set_label"": ""Neuron 001-002"", ""cell_set_alias"": ""PAX6"", ""cell_set_additional_aliases"": ""PAX6"", ""_row"": ""n6""}"	http://purl.obolibrary.org/obo/PCL_0014081			
PCL:0014401	Neuron 001 - CS1908210001	Inh L1-2 PAX6 CDH12 - CS1908210001	PCL:0010001	owl:NamedIndividual	PCL:0014481		CS1908210001		Inh L1-2 PAX6 CDH12	Inh L1-2 PAX6 CDH12	Neuron 001					"{""cell_set_preferred_alias"": ""Inh L1-2 PAX6 CDH12"", ""members"": 1, ""height"": 0, ""leaf"": true, ""nodePar.pch"": 19, ""nodePar.cex"": 2, ""nodePar.lab.cex"": 0.25, ""nodePar.lab.col"": ""#DDACC9"", ""nodePar.col"": ""#DDACC9"", ""cell_set_accession"": ""CS1908210001"", ""original_label"": ""Inh L1-2 PAX6 CDH12"", ""cell_set_label"": ""Neuron 001"", ""cell_set_alias"": ""Inh L1-2 PAX6 CDH12"", ""cell_set_additional_aliases"": """", ""_row"": ""Inh L1-2 PAX6 CDH12"", ""is_leaf"": true}"	http://purl.obolibrary.org/obo/PCL_0014001			
PCL:0014402	Neuron 002 - CS1908210002	Inh L1-2 PAX6 TNFAIP8L3 - CS1908210002	PCL:0010001	owl:NamedIndividual	PCL:0014481		CS1908210002		Inh L1-2 PAX6 TNFAIP8L3	Inh L1-2 PAX6 TNFAIP8L3	Neuron 002					"{""cell_set_preferred_alias"": ""Inh L1-2 PAX6 TNFAIP8L3"", ""members"": 1, ""height"": 0, ""leaf"": true, ""nodePar.pch"": 19, ""nodePar.cex"": 2, ""nodePar.lab.cex"": 0.25, ""nodePar.lab.col"": ""#FF88AD"", ""nodePar.col"": ""#FF88AD"", ""cell_set_accession"": ""CS1908210002"", ""original_label"": ""Inh L1-2 PAX6 TNFAIP8L3"", ""cell_set_label"": ""Neuron 002"", ""cell_set_alias"": ""Inh L1-2 PAX6 TNFAIP8L3"", ""cell_set_additional_aliases"": """", ""_row"": ""Inh L1-2 PAX6 TNFAIP8L3"", ""is_leaf"": true}"	http://purl.obolibrary.org/obo/PCL_0014002			
PCL:0014482	Neuron 003-006 - CS1908210082	LAMP5-like - CS1908210082	PCL:0010001	owl:NamedIndividual	PCL:0014480	LAMP5-like	CS1908210082		LAMP5-like	n7	Neuron 003-006		LAMP5-like			"{""members"": 4, ""midpoint"": 1.125, ""height"": 0.1782, ""cell_set_preferred_alias"": ""LAMP5-like"", ""cell_set_accession"": ""CS1908210082"", ""original_label"": ""n7"", ""cell_set_label"": ""Neuron 003-006"", ""cell_set_alias"": ""LAMP5-like"", ""cell_set_additional_aliases"": ""LAMP5-like"", ""_row"": ""n7""}"	http://purl.obolibrary.org/obo/PCL_0014082			
PCL:0014403	Neuron 003 - CS1908210003	Inh L1 LAMP5 NMBR - CS1908210003	PCL:0010001	owl:NamedIndividual	PCL:0014482		CS1908210003		Inh L1 LAMP5 NMBR	Inh L1 LAMP5 NMBR	Neuron 003					"{""members"": 1, ""height"": 0, ""cell_set_preferred_alias"": ""Inh L1 LAMP5 NMBR"", ""leaf"": true, ""nodePar.pch"": 19, ""nodePar.cex"": 2, ""nodePar.lab.cex"": 0.25, ""nodePar.lab.col"": ""#E67B73"", ""nodePar.col"": ""#E67B73"", ""cell_set_accession"": ""CS1908210003"", ""original_label"": ""Inh L1 LAMP5 NMBR"", ""cell_set_label"": ""Neuron 003"", ""cell_set_alias"": ""Inh L1 LAMP5 NMBR"", ""cell_set_additional_aliases"": """", ""_row"": ""Inh L1 LAMP5 NMBR"", ""is_leaf"": true}"	http://purl.obolibrary.org/obo/PCL_0014003			
PCL:0014483	Neuron 004-006 - CS1908210083	 - CS1908210083	PCL:0010001	owl:NamedIndividual	PCL:0014482		CS1908210083			n8	Neuron 004-006					"{""members"": 3, ""midpoint"": 1.25, ""height"": 0.1372, ""cell_set_preferred_alias"": """", ""cell_set_accession"": ""CS1908210083"", ""original_label"": ""n8"", ""cell_set_label"": ""Neuron 004-006"", ""cell_set_alias"": """", ""cell_set_additional_aliases"": """", ""_row"": ""n8""}"				
PCL:0014484	Neuron 004-005 - CS1908210084	 - CS1908210084	PCL:0010001	owl:NamedIndividual	PCL:0014483		CS1908210084			n9	Neuron 004-005					"{""members"": 2, ""midpoint"": 0.5, ""height"": 0.0981, ""cell_set_preferred_alias"": """", ""cell_set_accession"": ""CS1908210084"", ""original_label"": ""n9"", ""cell_set_label"": ""Neuron 004-005"", ""cell_set_alias"": """", ""cell_set_additional_aliases"": """", ""_row"": ""n9""}"				
PCL:0014404	Neuron 004 - CS1908210004	Inh L1-4 LAMP5 LCP2 - CS1908210004	PCL:0010001	owl:NamedIndividual	PCL:0014484	Rosehip	CS1908210004		Inh L1-4 LAMP5 LCP2	Inh L1-4 LAMP5 LCP2	Neuron 004		Rosehip			"{""cell_set_preferred_alias"": ""Inh L1-4 LAMP5 LCP2"", ""members"": 1, ""height"": 0, ""leaf"": true, ""nodePar.pch"": 19, ""nodePar.cex"": 2, ""nodePar.lab.cex"": 0.25, ""nodePar.lab.col"": ""#FFA388"", ""nodePar.col"": ""#FFA388"", ""cell_set_accession"": ""CS1908210004"", ""original_label"": ""Inh L1-4 LAMP5 LCP2"", ""cell_set_label"": ""Neuron 004"", ""cell_set_alias"": ""Inh L1-4 LAMP5 LCP2"", ""cell_set_additional_aliases"": ""Rosehip"", ""_row"": ""Inh L1-4 LAMP5 LCP2"", ""is_leaf"": true}"	http://purl.obolibrary.org/obo/PCL_0014004			
PCL:0014405	Neuron 005 - CS1908210005	Inh L1-2 LAMP5 DBP - CS1908210005	PCL:0010001	owl:NamedIndividual	PCL:0014484		CS1908210005		Inh L1-2 LAMP5 DBP	Inh L1-2 LAMP5 DBP	Neuron 005					"{""cell_set_preferred_alias"": ""Inh L1-2 LAMP5 DBP"", ""members"": 1, ""height"": 0, ""leaf"": true, ""nodePar.pch"": 19, ""nodePar.cex"": 2, ""nodePar.lab.cex"": 0.25, ""nodePar.lab.col"": ""#FF7466"", ""nodePar.col"": ""#FF7466"", ""cell_set_accession"": ""CS1908210005"", ""original_label"": ""Inh L1-2 LAMP5 DBP"", ""cell_set_label"": ""Neuron 005"", ""cell_set_alias"": ""Inh L1-2 LAMP5 DBP"", ""cell_set_additional_aliases"": """", ""_row"": ""Inh L1-2 LAMP5 DBP"", ""is_leaf"": true}"	http://purl.obolibrary.org/obo/PCL_0014005			
PCL:0014406	Neuron 006 - CS1908210006	Inh L2-6 LAMP5 CA1 - CS1908210006	PCL:0010001	owl:NamedIndividual	PCL:0014483	Lamp5 Lhx6	CS1908210006		Inh L2-6 LAMP5 CA1	Inh L2-6 LAMP5 CA1	Neuron 006		Lamp5 Lhx6			"{""members"": 1, ""height"": 0, ""cell_set_preferred_alias"": ""Inh L2-6 LAMP5 CA1"", ""leaf"": true, ""nodePar.pch"": 19, ""nodePar.cex"": 2, ""nodePar.lab.cex"": 0.25, ""nodePar.lab.col"": ""#C77963"", ""nodePar.col"": ""#C77963"", ""cell_set_accession"": ""CS1908210006"", ""original_label"": ""Inh L2-6 LAMP5 CA1"", ""cell_set_label"": ""Neuron 006"", ""cell_set_alias"": ""Inh L2-6 LAMP5 CA1"", ""cell_set_additional_aliases"": ""Lamp5 Lhx6"", ""_row"": ""Inh L2-6 LAMP5 CA1"", ""is_leaf"": true}"	http://purl.obolibrary.org/obo/PCL_0014006			
PCL:0014485	Neuron 007-027 - CS1908210085	VIP-like - CS1908210085	PCL:0010001	owl:NamedIndividual	PCL:0014479	VIP-like	CS1908210085		VIP-like	n10	Neuron 007-027		VIP-like			"{""members"": 21, ""midpoint"": 9.0469, ""height"": 0.2745, ""cell_set_preferred_alias"": ""VIP-like"", ""cell_set_accession"": ""CS1908210085"", ""original_label"": ""n10"", ""cell_set_label"": ""Neuron 007-027"", ""cell_set_alias"": ""VIP-like"", ""cell_set_additional_aliases"": ""VIP-like"", ""_row"": ""n10""}"	http://purl.obolibrary.org/obo/PCL_0014085			
PCL:0014486	Neuron 007-014 - CS1908210086	 - CS1908210086	PCL:0010001	owl:NamedIndividual	PCL:0014485		CS1908210086			n11	Neuron 007-014					"{""members"": 8, ""midpoint"": 4.5, ""height"": 0.2731, ""cell_set_preferred_alias"": """", ""cell_set_accession"": ""CS1908210086"", ""original_label"": ""n11"", ""cell_set_label"": ""Neuron 007-014"", ""cell_set_alias"": """", ""cell_set_additional_aliases"": """", ""_row"": ""n11""}"				
PCL:0014487	Neuron 007-012 - CS1908210087	 - CS1908210087	PCL:0010001	owl:NamedIndividual	PCL:0014486		CS1908210087			n12	Neuron 007-012					"{""members"": 6, ""midpoint"": 2.5, ""height"": 0.2306, ""cell_set_preferred_alias"": """", ""cell_set_accession"": ""CS1908210087"", ""original_label"": ""n12"", ""cell_set_label"": ""Neuron 007-012"", ""cell_set_alias"": """", ""cell_set_additional_aliases"": """", ""_row"": ""n12""}"				
PCL:0014488	Neuron 007-009 - CS1908210088	 - CS1908210088	PCL:0010001	owl:NamedIndividual	PCL:0014487		CS1908210088			n13	Neuron 007-009					"{""members"": 3, ""midpoint"": 1.25, ""height"": 0.1322, ""cell_set_preferred_alias"": """", ""cell_set_accession"": ""CS1908210088"", ""original_label"": ""n13"", ""cell_set_label"": ""Neuron 007-009"", ""cell_set_alias"": """", ""cell_set_additional_aliases"": """", ""_row"": ""n13""}"				
PCL:0014489	Neuron 007-008 - CS1908210089	 - CS1908210089	PCL:0010001	owl:NamedIndividual	PCL:0014488		CS1908210089			n14	Neuron 007-008					"{""members"": 2, ""midpoint"": 0.5, ""height"": 0.0857, ""cell_set_preferred_alias"": """", ""cell_set_accession"": ""CS1908210089"", ""original_label"": ""n14"", ""cell_set_label"": ""Neuron 007-008"", ""cell_set_alias"": """", ""cell_set_additional_aliases"": """", ""_row"": ""n14""}"				
PCL:0014407	Neuron 007 - CS1908210007	Inh L1 SST CHRNA4 - CS1908210007	PCL:0010001	owl:NamedIndividual	PCL:0014489		CS1908210007		Inh L1 SST CHRNA4	Inh L1 SST CHRNA4	Neuron 007					"{""cell_set_preferred_alias"": ""Inh L1 SST CHRNA4"", ""members"": 1, ""height"": 0, ""leaf"": true, ""nodePar.pch"": 19, ""nodePar.cex"": 2, ""nodePar.lab.cex"": 0.25, ""nodePar.lab.col"": ""#DD6091"", ""nodePar.col"": ""#DD6091"", ""cell_set_accession"": ""CS1908210007"", ""original_label"": ""Inh L1 SST CHRNA4"", ""cell_set_label"": ""Neuron 007"", ""cell_set_alias"": ""Inh L1 SST CHRNA4"", ""cell_set_additional_aliases"": """", ""_row"": ""Inh L1 SST CHRNA4"", ""is_leaf"": true}"	http://purl.obolibrary.org/obo/PCL_0014007			
PCL:0014408	Neuron 008 - CS1908210008	Inh L1-2 ADARB2 MC4R - CS1908210008	PCL:0010001	owl:NamedIndividual	PCL:0014489		CS1908210008		Inh L1-2 ADARB2 MC4R	Inh L1-2 ADARB2 MC4R	Neuron 008					"{""cell_set_preferred_alias"": ""Inh L1-2 ADARB2 MC4R"", ""members"": 1, ""height"": 0, ""leaf"": true, ""nodePar.pch"": 19, ""nodePar.cex"": 2, ""nodePar.lab.cex"": 0.25, ""nodePar.lab.col"": ""#FF7290"", ""nodePar.col"": ""#FF7290"", ""cell_set_accession"": ""CS1908210008"", ""original_label"": ""Inh L1-2 ADARB2 MC4R"", ""cell_set_label"": ""Neuron 008"", ""cell_set_alias"": ""Inh L1-2 ADARB2 MC4R"", ""cell_set_additional_aliases"": """", ""_row"": ""Inh L1-2 ADARB2 MC4R"", ""is_leaf"": true}"	http://purl.obolibrary.org/obo/PCL_0014008			
PCL:0014409	Neuron 009 - CS1908210009	Inh L1-2 SST BAGE2 - CS1908210009	PCL:0010001	owl:NamedIndividual	PCL:0014488		CS1908210009		Inh L1-2 SST BAGE2	Inh L1-2 SST BAGE2	Neuron 009					"{""members"": 1, ""height"": 0, ""cell_set_preferred_alias"": ""Inh L1-2 SST BAGE2"", ""leaf"": true, ""nodePar.pch"": 19, ""nodePar.cex"": 2, ""nodePar.lab.cex"": 0.25, ""nodePar.lab.col"": ""#9440F3"", ""nodePar.col"": ""#9440F3"", ""cell_set_accession"": ""CS1908210009"", ""original_label"": ""Inh L1-2 SST BAGE2"", ""cell_set_label"": ""Neuron 009"", ""cell_set_alias"": ""Inh L1-2 SST BAGE2"", ""cell_set_additional_aliases"": """", ""_row"": ""Inh L1-2 SST BAGE2"", ""is_leaf"": true}"	http://purl.obolibrary.org/obo/PCL_0014009			
PCL:0014490	Neuron 010-012 - CS1908210090	 - CS1908210090	PCL:0010001	owl:NamedIndividual	PCL:0014487		CS1908210090			n15	Neuron 010-012					"{""members"": 3, ""midpoint"": 0.75, ""height"": 0.1859, ""cell_set_preferred_alias"": """", ""cell_set_accession"": ""CS1908210090"", ""original_label"": ""n15"", ""cell_set_label"": ""Neuron 010-012"", ""cell_set_alias"": """", ""cell_set_additional_aliases"": """", ""_row"": ""n15""}"				
PCL:0014410	Neuron 010 - CS1908210010	Inh L1-3 VIP SYT6 - CS1908210010	PCL:0010001	owl:NamedIndividual	PCL:0014490		CS1908210010		Inh L1-3 VIP SYT6	Inh L1-3 VIP SYT6	Neuron 010					"{""members"": 1, ""height"": 0, ""cell_set_preferred_alias"": ""Inh L1-3 VIP SYT6"", ""leaf"": true, ""nodePar.pch"": 19, ""nodePar.cex"": 2, ""nodePar.lab.cex"": 0.25, ""nodePar.lab.col"": ""#9900B3"", ""nodePar.col"": ""#9900B3"", ""cell_set_accession"": ""CS1908210010"", ""original_label"": ""Inh L1-3 VIP SYT6"", ""cell_set_label"": ""Neuron 010"", ""cell_set_alias"": ""Inh L1-3 VIP SYT6"", ""cell_set_additional_aliases"": """", ""_row"": ""Inh L1-3 VIP SYT6"", ""is_leaf"": true}"	http://purl.obolibrary.org/obo/PCL_0014010			
PCL:0014491	Neuron 011-012 - CS1908210091	 - CS1908210091	PCL:0010001	owl:NamedIndividual	PCL:0014490		CS1908210091			n16	Neuron 011-012					"{""members"": 2, ""midpoint"": 0.5, ""height"": 0.1516, ""cell_set_preferred_alias"": """", ""cell_set_accession"": ""CS1908210091"", ""original_label"": ""n16"", ""cell_set_label"": ""Neuron 011-012"", ""cell_set_alias"": """", ""cell_set_additional_aliases"": """", ""_row"": ""n16""}"				
PCL:0014411	Neuron 011 - CS1908210011	Inh L1-2 VIP TSPAN12 - CS1908210011	PCL:0010001	owl:NamedIndividual	PCL:0014491		CS1908210011		Inh L1-2 VIP TSPAN12	Inh L1-2 VIP TSPAN12	Neuron 011					"{""cell_set_preferred_alias"": ""Inh L1-2 VIP TSPAN12"", ""members"": 1, ""height"": 0, ""leaf"": true, ""nodePar.pch"": 19, ""nodePar.cex"": 2, ""nodePar.lab.cex"": 0.25, ""nodePar.lab.col"": ""#6C00BF"", ""nodePar.col"": ""#6C00BF"", ""cell_set_accession"": ""CS1908210011"", ""original_label"": ""Inh L1-2 VIP TSPAN12"", ""cell_set_label"": ""Neuron 011"", ""cell_set_alias"": ""Inh L1-2 VIP TSPAN12"", ""cell_set_additional_aliases"": """", ""_row"": ""Inh L1-2 VIP TSPAN12"", ""is_leaf"": true}"	http://purl.obolibrary.org/obo/PCL_0014011			
PCL:0014412	Neuron 012 - CS1908210012	Inh L1-4 VIP CHRNA6 - CS1908210012	PCL:0010001	owl:NamedIndividual	PCL:0014491		CS1908210012		Inh L1-4 VIP CHRNA6	Inh L1-4 VIP CHRNA6	Neuron 012					"{""cell_set_preferred_alias"": ""Inh L1-4 VIP CHRNA6"", ""members"": 1, ""height"": 0, ""leaf"": true, ""nodePar.pch"": 19, ""nodePar.cex"": 2, ""nodePar.lab.cex"": 0.25, ""nodePar.lab.col"": ""#7A0099"", ""nodePar.col"": ""#7A0099"", ""cell_set_accession"": ""CS1908210012"", ""original_label"": ""Inh L1-4 VIP CHRNA6"", ""cell_set_label"": ""Neuron 012"", ""cell_set_alias"": ""Inh L1-4 VIP CHRNA6"", ""cell_set_additional_aliases"": """", ""_row"": ""Inh L1-4 VIP CHRNA6"", ""is_leaf"": true}"	http://purl.obolibrary.org/obo/PCL_0014012			
PCL:0014492	Neuron 013-014 - CS1908210092	 - CS1908210092	PCL:0010001	owl:NamedIndividual	PCL:0014486		CS1908210092			n17	Neuron 013-014					"{""members"": 2, ""midpoint"": 0.5, ""height"": 0.172, ""cell_set_preferred_alias"": """", ""cell_set_accession"": ""CS1908210092"", ""original_label"": ""n17"", ""cell_set_label"": ""Neuron 013-014"", ""cell_set_alias"": """", ""cell_set_additional_aliases"": """", ""_row"": ""n17""}"				
PCL:0014413	Neuron 013 - CS1908210013	Inh L1-3 VIP ADAMTSL1 - CS1908210013	PCL:0010001	owl:NamedIndividual	PCL:0014492		CS1908210013		Inh L1-3 VIP ADAMTSL1	Inh L1-3 VIP ADAMTSL1	Neuron 013					"{""cell_set_preferred_alias"": ""Inh L1-3 VIP ADAMTSL1"", ""members"": 1, ""height"": 0, ""leaf"": true, ""nodePar.pch"": 19, ""nodePar.cex"": 2, ""nodePar.lab.cex"": 0.25, ""nodePar.lab.col"": ""#7779BF"", ""nodePar.col"": ""#7779BF"", ""cell_set_accession"": ""CS1908210013"", ""original_label"": ""Inh L1-3 VIP ADAMTSL1"", ""cell_set_label"": ""Neuron 013"", ""cell_set_alias"": ""Inh L1-3 VIP ADAMTSL1"", ""cell_set_additional_aliases"": """", ""_row"": ""Inh L1-3 VIP ADAMTSL1"", ""is_leaf"": true}"	http://purl.obolibrary.org/obo/PCL_0014013			
PCL:0014414	Neuron 014 - CS1908210014	Inh L1-4 VIP PENK - CS1908210014	PCL:0010001	owl:NamedIndividual	PCL:0014492		CS1908210014		Inh L1-4 VIP PENK	Inh L1-4 VIP PENK	Neuron 014					"{""cell_set_preferred_alias"": ""Inh L1-4 VIP PENK"", ""members"": 1, ""height"": 0, ""leaf"": true, ""nodePar.pch"": 19, ""nodePar.cex"": 2, ""nodePar.lab.cex"": 0.25, ""nodePar.lab.col"": ""#3C3D73"", ""nodePar.col"": ""#3C3D73"", ""cell_set_accession"": ""CS1908210014"", ""original_label"": ""Inh L1-4 VIP PENK"", ""cell_set_label"": ""Neuron 014"", ""cell_set_alias"": ""Inh L1-4 VIP PENK"", ""cell_set_additional_aliases"": """", ""_row"": ""Inh L1-4 VIP PENK"", ""is_leaf"": true}"	http://purl.obolibrary.org/obo/PCL_0014014			
PCL:0014493	Neuron 015-027 - CS1908210093	 - CS1908210093	PCL:0010001	owl:NamedIndividual	PCL:0014485		CS1908210093			n18	Neuron 015-027					"{""members"": 13, ""midpoint"": 5.5938, ""height"": 0.2296, ""cell_set_preferred_alias"": """", ""cell_set_accession"": ""CS1908210093"", ""original_label"": ""n18"", ""cell_set_label"": ""Neuron 015-027"", ""cell_set_alias"": """", ""cell_set_additional_aliases"": """", ""_row"": ""n18""}"				
PCL:0014494	Neuron 015-019 - CS1908210094	 - CS1908210094	PCL:0010001	owl:NamedIndividual	PCL:0014493		CS1908210094			n19	Neuron 015-019					"{""members"": 5, ""midpoint"": 2.375, ""height"": 0.2035, ""cell_set_preferred_alias"": """", ""cell_set_accession"": ""CS1908210094"", ""original_label"": ""n19"", ""cell_set_label"": ""Neuron 015-019"", ""cell_set_alias"": """", ""cell_set_additional_aliases"": """", ""_row"": ""n19""}"				
PCL:0014495	Neuron 015-017 - CS1908210095	 - CS1908210095	PCL:0010001	owl:NamedIndividual	PCL:0014494		CS1908210095			n20	Neuron 015-017					"{""members"": 3, ""midpoint"": 1.25, ""height"": 0.1598, ""cell_set_preferred_alias"": """", ""cell_set_accession"": ""CS1908210095"", ""original_label"": ""n20"", ""cell_set_label"": ""Neuron 015-017"", ""cell_set_alias"": """", ""cell_set_additional_aliases"": """", ""_row"": ""n20""}"				
PCL:0014496	Neuron 015-016 - CS1908210096	 - CS1908210096	PCL:0010001	owl:NamedIndividual	PCL:0014495		CS1908210096			n21	Neuron 015-016					"{""members"": 2, ""midpoint"": 0.5, ""height"": 0.1211, ""cell_set_preferred_alias"": """", ""cell_set_accession"": ""CS1908210096"", ""original_label"": ""n21"", ""cell_set_label"": ""Neuron 015-016"", ""cell_set_alias"": """", ""cell_set_additional_aliases"": """", ""_row"": ""n21""}"				
PCL:0014415	Neuron 015 - CS1908210015	Inh L2-6 VIP QPCT - CS1908210015	PCL:0010001	owl:NamedIndividual	PCL:0014496		CS1908210015		Inh L2-6 VIP QPCT	Inh L2-6 VIP QPCT	Neuron 015					"{""cell_set_preferred_alias"": ""Inh L2-6 VIP QPCT"", ""members"": 1, ""height"": 0, ""leaf"": true, ""nodePar.pch"": 19, ""nodePar.cex"": 2, ""nodePar.lab.cex"": 0.25, ""nodePar.lab.col"": ""#A700FF"", ""nodePar.col"": ""#A700FF"", ""cell_set_accession"": ""CS1908210015"", ""original_label"": ""Inh L2-6 VIP QPCT"", ""cell_set_label"": ""Neuron 015"", ""cell_set_alias"": ""Inh L2-6 VIP QPCT"", ""cell_set_additional_aliases"": """", ""_row"": ""Inh L2-6 VIP QPCT"", ""is_leaf"": true}"	http://purl.obolibrary.org/obo/PCL_0014015			
PCL:0014416	Neuron 016 - CS1908210016	Inh L3-6 VIP HS3ST3A1 - CS1908210016	PCL:0010001	owl:NamedIndividual	PCL:0014496		CS1908210016		Inh L3-6 VIP HS3ST3A1	Inh L3-6 VIP HS3ST3A1	Neuron 016					"{""cell_set_preferred_alias"": ""Inh L3-6 VIP HS3ST3A1"", ""members"": 1, ""height"": 0, ""leaf"": true, ""nodePar.pch"": 19, ""nodePar.cex"": 2, ""nodePar.lab.cex"": 0.25, ""nodePar.lab.col"": ""#FF00FF"", ""nodePar.col"": ""#FF00FF"", ""cell_set_accession"": ""CS1908210016"", ""original_label"": ""Inh L3-6 VIP HS3ST3A1"", ""cell_set_label"": ""Neuron 016"", ""cell_set_alias"": ""Inh L3-6 VIP HS3ST3A1"", ""cell_set_additional_aliases"": """", ""_row"": ""Inh L3-6 VIP HS3ST3A1"", ""is_leaf"": true}"	http://purl.obolibrary.org/obo/PCL_0014016			
PCL:0014417	Neuron 017 - CS1908210017	Inh L1-2 VIP PCDH20 - CS1908210017	PCL:0010001	owl:NamedIndividual	PCL:0014495		CS1908210017		Inh L1-2 VIP PCDH20	Inh L1-2 VIP PCDH20	Neuron 017					"{""members"": 1, ""height"": 0, ""cell_set_preferred_alias"": ""Inh L1-2 VIP PCDH20"", ""leaf"": true, ""nodePar.pch"": 19, ""nodePar.cex"": 2, ""nodePar.lab.cex"": 0.25, ""nodePar.lab.col"": ""#BD3D9A"", ""nodePar.col"": ""#BD3D9A"", ""cell_set_accession"": ""CS1908210017"", ""original_label"": ""Inh L1-2 VIP PCDH20"", ""cell_set_label"": ""Neuron 017"", ""cell_set_alias"": ""Inh L1-2 VIP PCDH20"", ""cell_set_additional_aliases"": """", ""_row"": ""Inh L1-2 VIP PCDH20"", ""is_leaf"": true}"	http://purl.obolibrary.org/obo/PCL_0014017			
PCL:0014497	Neuron 018-019 - CS1908210097	 - CS1908210097	PCL:0010001	owl:NamedIndividual	PCL:0014494		CS1908210097			n22	Neuron 018-019					"{""members"": 2, ""midpoint"": 0.5, ""height"": 0.1208, ""cell_set_preferred_alias"": """", ""cell_set_accession"": ""CS1908210097"", ""original_label"": ""n22"", ""cell_set_label"": ""Neuron 018-019"", ""cell_set_alias"": """", ""cell_set_additional_aliases"": """", ""_row"": ""n22""}"				
PCL:0014418	Neuron 018 - CS1908210018	Inh L2-5 VIP SERPINF1 - CS1908210018	PCL:0010001	owl:NamedIndividual	PCL:0014497		CS1908210018		Inh L2-5 VIP SERPINF1	Inh L2-5 VIP SERPINF1	Neuron 018					"{""cell_set_preferred_alias"": ""Inh L2-5 VIP SERPINF1"", ""members"": 1, ""height"": 0, ""leaf"": true, ""nodePar.pch"": 19, ""nodePar.cex"": 2, ""nodePar.lab.cex"": 0.25, ""nodePar.lab.col"": ""#B09FFF"", ""nodePar.col"": ""#B09FFF"", ""cell_set_accession"": ""CS1908210018"", ""original_label"": ""Inh L2-5 VIP SERPINF1"", ""cell_set_label"": ""Neuron 018"", ""cell_set_alias"": ""Inh L2-5 VIP SERPINF1"", ""cell_set_additional_aliases"": """", ""_row"": ""Inh L2-5 VIP SERPINF1"", ""is_leaf"": true}"	http://purl.obolibrary.org/obo/PCL_0014018			
PCL:0014419	Neuron 019 - CS1908210019	Inh L2-5 VIP TYR - CS1908210019	PCL:0010001	owl:NamedIndividual	PCL:0014497		CS1908210019		Inh L2-5 VIP TYR	Inh L2-5 VIP TYR	Neuron 019					"{""cell_set_preferred_alias"": ""Inh L2-5 VIP TYR"", ""members"": 1, ""height"": 0, ""leaf"": true, ""nodePar.pch"": 19, ""nodePar.cex"": 2, ""nodePar.lab.cex"": 0.25, ""nodePar.lab.col"": ""#FF4DC1"", ""nodePar.col"": ""#FF4DC1"", ""cell_set_accession"": ""CS1908210019"", ""original_label"": ""Inh L2-5 VIP TYR"", ""cell_set_label"": ""Neuron 019"", ""cell_set_alias"": ""Inh L2-5 VIP TYR"", ""cell_set_additional_aliases"": """", ""_row"": ""Inh L2-5 VIP TYR"", ""is_leaf"": true}"	http://purl.obolibrary.org/obo/PCL_0014019			
PCL:0014498	Neuron 020-027 - CS1908210098	 - CS1908210098	PCL:0010001	owl:NamedIndividual	PCL:0014493		CS1908210098			n23	Neuron 020-027					"{""members"": 8, ""midpoint"": 3.8125, ""height"": 0.188, ""cell_set_preferred_alias"": """", ""cell_set_accession"": ""CS1908210098"", ""original_label"": ""n23"", ""cell_set_label"": ""Neuron 020-027"", ""cell_set_alias"": """", ""cell_set_additional_aliases"": """", ""_row"": ""n23""}"				
PCL:0014499	Neuron 020-023 - CS1908210099	 - CS1908210099	PCL:0010001	owl:NamedIndividual	PCL:0014498		CS1908210099			n24	Neuron 020-023					"{""members"": 4, ""midpoint"": 2.125, ""height"": 0.1341, ""cell_set_preferred_alias"": """", ""cell_set_accession"": ""CS1908210099"", ""original_label"": ""n24"", ""cell_set_label"": ""Neuron 020-023"", ""cell_set_alias"": """", ""cell_set_additional_aliases"": """", ""_row"": ""n24""}"				
PCL:0014500	Neuron 020-022 - CS1908210100	 - CS1908210100	PCL:0010001	owl:NamedIndividual	PCL:0014499		CS1908210100			n25	Neuron 020-022					"{""members"": 3, ""midpoint"": 1.25, ""height"": 0.0953, ""cell_set_preferred_alias"": """", ""cell_set_accession"": ""CS1908210100"", ""original_label"": ""n25"", ""cell_set_label"": ""Neuron 020-022"", ""cell_set_alias"": """", ""cell_set_additional_aliases"": """", ""_row"": ""n25""}"				
PCL:0014501	Neuron 020-021 - CS1908210101	 - CS1908210101	PCL:0010001	owl:NamedIndividual	PCL:0014500		CS1908210101			n26	Neuron 020-021					"{""members"": 2, ""midpoint"": 0.5, ""height"": 0.0836, ""cell_set_preferred_alias"": """", ""cell_set_accession"": ""CS1908210101"", ""original_label"": ""n26"", ""cell_set_label"": ""Neuron 020-021"", ""cell_set_alias"": """", ""cell_set_additional_aliases"": """", ""_row"": ""n26""}"				
PCL:0014420	Neuron 020 - CS1908210020	Inh L1-3 VIP CHRM2 - CS1908210020	PCL:0010001	owl:NamedIndividual	PCL:0014501		CS1908210020		Inh L1-3 VIP CHRM2	Inh L1-3 VIP CHRM2	Neuron 020					"{""cell_set_preferred_alias"": ""Inh L1-3 VIP CHRM2"", ""members"": 1, ""height"": 0, ""leaf"": true, ""nodePar.pch"": 19, ""nodePar.cex"": 2, ""nodePar.lab.cex"": 0.25, ""nodePar.lab.col"": ""#9FAAFF"", ""nodePar.col"": ""#9FAAFF"", ""cell_set_accession"": ""CS1908210020"", ""original_label"": ""Inh L1-3 VIP CHRM2"", ""cell_set_label"": ""Neuron 020"", ""cell_set_alias"": ""Inh L1-3 VIP CHRM2"", ""cell_set_additional_aliases"": """", ""_row"": ""Inh L1-3 VIP CHRM2"", ""is_leaf"": true}"	http://purl.obolibrary.org/obo/PCL_0014020			
PCL:0014421	Neuron 021 - CS1908210021	Inh L2-4 VIP CBLN1 - CS1908210021	PCL:0010001	owl:NamedIndividual	PCL:0014501		CS1908210021		Inh L2-4 VIP CBLN1	Inh L2-4 VIP CBLN1	Neuron 021					"{""cell_set_preferred_alias"": ""Inh L2-4 VIP CBLN1"", ""members"": 1, ""height"": 0, ""leaf"": true, ""nodePar.pch"": 19, ""nodePar.cex"": 2, ""nodePar.lab.cex"": 0.25, ""nodePar.lab.col"": ""#756FB3"", ""nodePar.col"": ""#756FB3"", ""cell_set_accession"": ""CS1908210021"", ""original_label"": ""Inh L2-4 VIP CBLN1"", ""cell_set_label"": ""Neuron 021"", ""cell_set_alias"": ""Inh L2-4 VIP CBLN1"", ""cell_set_additional_aliases"": """", ""_row"": ""Inh L2-4 VIP CBLN1"", ""is_leaf"": true}"	http://purl.obolibrary.org/obo/PCL_0014021			
PCL:0014422	Neuron 022 - CS1908210022	Inh L1-3 VIP CCDC184 - CS1908210022	PCL:0010001	owl:NamedIndividual	PCL:0014500		CS1908210022		Inh L1-3 VIP CCDC184	Inh L1-3 VIP CCDC184	Neuron 022					"{""members"": 1, ""height"": 0, ""cell_set_preferred_alias"": ""Inh L1-3 VIP CCDC184"", ""leaf"": true, ""nodePar.pch"": 19, ""nodePar.cex"": 2, ""nodePar.lab.cex"": 0.25, ""nodePar.lab.col"": ""#FF00B3"", ""nodePar.col"": ""#FF00B3"", ""cell_set_accession"": ""CS1908210022"", ""original_label"": ""Inh L1-3 VIP CCDC184"", ""cell_set_label"": ""Neuron 022"", ""cell_set_alias"": ""Inh L1-3 VIP CCDC184"", ""cell_set_additional_aliases"": """", ""_row"": ""Inh L1-3 VIP CCDC184"", ""is_leaf"": true}"	http://purl.obolibrary.org/obo/PCL_0014022			
PCL:0014423	Neuron 023 - CS1908210023	Inh L1-3 VIP GGH - CS1908210023	PCL:0010001	owl:NamedIndividual	PCL:0014499		CS1908210023		Inh L1-3 VIP GGH	Inh L1-3 VIP GGH	Neuron 023					"{""members"": 1, ""height"": 0, ""cell_set_preferred_alias"": ""Inh L1-3 VIP GGH"", ""leaf"": true, ""nodePar.pch"": 19, ""nodePar.cex"": 2, ""nodePar.lab.cex"": 0.25, ""nodePar.lab.col"": ""#B3128A"", ""nodePar.col"": ""#B3128A"", ""cell_set_accession"": ""CS1908210023"", ""original_label"": ""Inh L1-3 VIP GGH"", ""cell_set_label"": ""Neuron 023"", ""cell_set_alias"": ""Inh L1-3 VIP GGH"", ""cell_set_additional_aliases"": """", ""_row"": ""Inh L1-3 VIP GGH"", ""is_leaf"": true}"	http://purl.obolibrary.org/obo/PCL_0014023			
PCL:0014502	Neuron 024-027 - CS1908210102	 - CS1908210102	PCL:0010001	owl:NamedIndividual	PCL:0014498		CS1908210102			n27	Neuron 024-027					"{""members"": 4, ""midpoint"": 1.5, ""height"": 0.1729, ""cell_set_preferred_alias"": """", ""cell_set_accession"": ""CS1908210102"", ""original_label"": ""n27"", ""cell_set_label"": ""Neuron 024-027"", ""cell_set_alias"": """", ""cell_set_additional_aliases"": """", ""_row"": ""n27""}"				
PCL:0014503	Neuron 024-025 - CS1908210103	 - CS1908210103	PCL:0010001	owl:NamedIndividual	PCL:0014502		CS1908210103			n28	Neuron 024-025					"{""members"": 2, ""midpoint"": 0.5, ""height"": 0.0934, ""cell_set_preferred_alias"": """", ""cell_set_accession"": ""CS1908210103"", ""original_label"": ""n28"", ""cell_set_label"": ""Neuron 024-025"", ""cell_set_alias"": """", ""cell_set_additional_aliases"": """", ""_row"": ""n28""}"				
PCL:0014424	Neuron 024 - CS1908210024	Inh L1-2 VIP LBH - CS1908210024	PCL:0010001	owl:NamedIndividual	PCL:0014503		CS1908210024		Inh L1-2 VIP LBH	Inh L1-2 VIP LBH	Neuron 024					"{""cell_set_preferred_alias"": ""Inh L1-2 VIP LBH"", ""members"": 1, ""height"": 0, ""leaf"": true, ""nodePar.pch"": 19, ""nodePar.cex"": 2, ""nodePar.lab.cex"": 0.25, ""nodePar.lab.col"": ""#AF00E6"", ""nodePar.col"": ""#AF00E6"", ""cell_set_accession"": ""CS1908210024"", ""original_label"": ""Inh L1-2 VIP LBH"", ""cell_set_label"": ""Neuron 024"", ""cell_set_alias"": ""Inh L1-2 VIP LBH"", ""cell_set_additional_aliases"": """", ""_row"": ""Inh L1-2 VIP LBH"", ""is_leaf"": true}"	http://purl.obolibrary.org/obo/PCL_0014024			
PCL:0014425	Neuron 025 - CS1908210025	Inh L2-3 VIP CASC6 - CS1908210025	PCL:0010001	owl:NamedIndividual	PCL:0014503		CS1908210025		Inh L2-3 VIP CASC6	Inh L2-3 VIP CASC6	Neuron 025					"{""cell_set_preferred_alias"": ""Inh L2-3 VIP CASC6"", ""members"": 1, ""height"": 0, ""leaf"": true, ""nodePar.pch"": 19, ""nodePar.cex"": 2, ""nodePar.lab.cex"": 0.25, ""nodePar.lab.col"": ""#992E81"", ""nodePar.col"": ""#992E81"", ""cell_set_accession"": ""CS1908210025"", ""original_label"": ""Inh L2-3 VIP CASC6"", ""cell_set_label"": ""Neuron 025"", ""cell_set_alias"": ""Inh L2-3 VIP CASC6"", ""cell_set_additional_aliases"": """", ""_row"": ""Inh L2-3 VIP CASC6"", ""is_leaf"": true}"	http://purl.obolibrary.org/obo/PCL_0014025			
PCL:0014504	Neuron 026-027 - CS1908210104	 - CS1908210104	PCL:0010001	owl:NamedIndividual	PCL:0014502		CS1908210104			n29	Neuron 026-027					"{""members"": 2, ""midpoint"": 0.5, ""height"": 0.0915, ""cell_set_preferred_alias"": """", ""cell_set_accession"": ""CS1908210104"", ""original_label"": ""n29"", ""cell_set_label"": ""Neuron 026-027"", ""cell_set_alias"": """", ""cell_set_additional_aliases"": """", ""_row"": ""n29""}"				
PCL:0014426	Neuron 026 - CS1908210026	Inh L2-4 VIP SPAG17 - CS1908210026	PCL:0010001	owl:NamedIndividual	PCL:0014504		CS1908210026		Inh L2-4 VIP SPAG17	Inh L2-4 VIP SPAG17	Neuron 026					"{""cell_set_preferred_alias"": ""Inh L2-4 VIP SPAG17"", ""members"": 1, ""height"": 0, ""leaf"": true, ""nodePar.pch"": 19, ""nodePar.cex"": 2, ""nodePar.lab.cex"": 0.25, ""nodePar.lab.col"": ""#A711C1"", ""nodePar.col"": ""#A711C1"", ""cell_set_accession"": ""CS1908210026"", ""original_label"": ""Inh L2-4 VIP SPAG17"", ""cell_set_label"": ""Neuron 026"", ""cell_set_alias"": ""Inh L2-4 VIP SPAG17"", ""cell_set_additional_aliases"": """", ""_row"": ""Inh L2-4 VIP SPAG17"", ""is_leaf"": true}"	http://purl.obolibrary.org/obo/PCL_0014026			
PCL:0014427	Neuron 027 - CS1908210027	Inh L1-4 VIP OPRM1 - CS1908210027	PCL:0010001	owl:NamedIndividual	PCL:0014504		CS1908210027		Inh L1-4 VIP OPRM1	Inh L1-4 VIP OPRM1	Neuron 027					"{""cell_set_preferred_alias"": ""Inh L1-4 VIP OPRM1"", ""members"": 1, ""height"": 0, ""leaf"": true, ""nodePar.pch"": 19, ""nodePar.cex"": 2, ""nodePar.lab.cex"": 0.25, ""nodePar.lab.col"": ""#9F219D"", ""nodePar.col"": ""#9F219D"", ""cell_set_accession"": ""CS1908210027"", ""original_label"": ""Inh L1-4 VIP OPRM1"", ""cell_set_label"": ""Neuron 027"", ""cell_set_alias"": ""Inh L1-4 VIP OPRM1"", ""cell_set_additional_aliases"": """", ""_row"": ""Inh L1-4 VIP OPRM1"", ""is_leaf"": true}"	http://purl.obolibrary.org/obo/PCL_0014027			
PCL:0014505	Neuron 028-045 - CS1908210105	LHX6 (MGE) - CS1908210105	PCL:0010001	owl:NamedIndividual	PCL:0014478	LHX6 (MGE)	CS1908210105		LHX6 (MGE)	n30	Neuron 028-045		LHX6 (MGE)			"{""members"": 18, ""midpoint"": 11, ""height"": 0.3492, ""cell_set_preferred_alias"": ""LHX6 (MGE)"", ""cell_set_accession"": ""CS1908210105"", ""original_label"": ""n30"", ""cell_set_label"": ""Neuron 028-045"", ""cell_set_alias"": ""LHX6 (MGE)"", ""cell_set_additional_aliases"": ""LHX6 (MGE)"", ""_row"": ""n30""}"	http://purl.obolibrary.org/obo/PCL_0014105			
PCL:0014506	Neuron 028-044 - CS1908210106	 - CS1908210106	PCL:0010001	owl:NamedIndividual	PCL:0014505		CS1908210106			n31	Neuron 028-044					"{""members"": 17, ""midpoint"": 5, ""height"": 0.3416, ""cell_set_preferred_alias"": """", ""cell_set_accession"": ""CS1908210106"", ""original_label"": ""n31"", ""cell_set_label"": ""Neuron 028-044"", ""cell_set_alias"": """", ""cell_set_additional_aliases"": """", ""_row"": ""n31""}"				
PCL:0014428	Neuron 028 - CS1908210028	Inh L3-6 SST NPY - CS1908210028	PCL:0010001	owl:NamedIndividual	PCL:0014506	Sst Chodl	CS1908210028		Inh L3-6 SST NPY	Inh L3-6 SST NPY	Neuron 028		Sst Chodl			"{""members"": 1, ""height"": 0, ""cell_set_preferred_alias"": ""Inh L3-6 SST NPY"", ""leaf"": true, ""nodePar.pch"": 19, ""nodePar.cex"": 2, ""nodePar.lab.cex"": 0.25, ""nodePar.lab.col"": ""#FFDA50"", ""nodePar.col"": ""#FFDA50"", ""cell_set_accession"": ""CS1908210028"", ""original_label"": ""Inh L3-6 SST NPY"", ""cell_set_label"": ""Neuron 028"", ""cell_set_alias"": ""Inh L3-6 SST NPY"", ""cell_set_additional_aliases"": ""Sst Chodl"", ""_row"": ""Inh L3-6 SST NPY"", ""is_leaf"": true}"	http://purl.obolibrary.org/obo/PCL_0014028			
PCL:0014507	Neuron 029-044 - CS1908210107	 - CS1908210107	PCL:0010001	owl:NamedIndividual	PCL:0014506		CS1908210107			n32	Neuron 029-044					"{""members"": 16, ""midpoint"": 9, ""height"": 0.2758, ""cell_set_preferred_alias"": """", ""cell_set_accession"": ""CS1908210107"", ""original_label"": ""n32"", ""cell_set_label"": ""Neuron 029-044"", ""cell_set_alias"": """", ""cell_set_additional_aliases"": """", ""_row"": ""n32""}"				
PCL:0014508	Neuron 029-038 - CS1908210108	SST-like - CS1908210108	PCL:0010001	owl:NamedIndividual	PCL:0014507	SST-like	CS1908210108		SST-like	n33	Neuron 029-038		SST-like			"{""members"": 10, ""midpoint"": 6.7812, ""height"": 0.2247, ""cell_set_preferred_alias"": ""SST-like"", ""cell_set_accession"": ""CS1908210108"", ""original_label"": ""n33"", ""cell_set_label"": ""Neuron 029-038"", ""cell_set_alias"": ""SST-like"", ""cell_set_additional_aliases"": ""SST-like"", ""_row"": ""n33""}"	http://purl.obolibrary.org/obo/PCL_0014108			
PCL:0014509	Neuron 029-037 - CS1908210109	 - CS1908210109	PCL:0010001	owl:NamedIndividual	PCL:0014508		CS1908210109			n34	Neuron 029-037					"{""members"": 9, ""midpoint"": 4.5625, ""height"": 0.1999, ""cell_set_preferred_alias"": """", ""cell_set_accession"": ""CS1908210109"", ""original_label"": ""n34"", ""cell_set_label"": ""Neuron 029-037"", ""cell_set_alias"": """", ""cell_set_additional_aliases"": """", ""_row"": ""n34""}"				
PCL:0014510	Neuron 029-034 - CS1908210110	 - CS1908210110	PCL:0010001	owl:NamedIndividual	PCL:0014509		CS1908210110			n35	Neuron 029-034					"{""members"": 6, ""midpoint"": 1.875, ""height"": 0.1763, ""cell_set_preferred_alias"": """", ""cell_set_accession"": ""CS1908210110"", ""original_label"": ""n35"", ""cell_set_label"": ""Neuron 029-034"", ""cell_set_alias"": """", ""cell_set_additional_aliases"": """", ""_row"": ""n35""}"				
PCL:0014429	Neuron 029 - CS1908210029	Inh L3-6 SST HPGD - CS1908210029	PCL:0010001	owl:NamedIndividual	PCL:0014510		CS1908210029		Inh L3-6 SST HPGD	Inh L3-6 SST HPGD	Neuron 029					"{""members"": 1, ""height"": 0, ""cell_set_preferred_alias"": ""Inh L3-6 SST HPGD"", ""leaf"": true, ""nodePar.pch"": 19, ""nodePar.cex"": 2, ""nodePar.lab.cex"": 0.25, ""nodePar.lab.col"": ""#D9C566"", ""nodePar.col"": ""#D9C566"", ""cell_set_accession"": ""CS1908210029"", ""original_label"": ""Inh L3-6 SST HPGD"", ""cell_set_label"": ""Neuron 029"", ""cell_set_alias"": ""Inh L3-6 SST HPGD"", ""cell_set_additional_aliases"": """", ""_row"": ""Inh L3-6 SST HPGD"", ""is_leaf"": true}"	http://purl.obolibrary.org/obo/PCL_0014029			
PCL:0014511	Neuron 030-034 - CS1908210111	 - CS1908210111	PCL:0010001	owl:NamedIndividual	PCL:0014510		CS1908210111			n36	Neuron 030-034					"{""members"": 5, ""midpoint"": 2.75, ""height"": 0.1529, ""cell_set_preferred_alias"": """", ""cell_set_accession"": ""CS1908210111"", ""original_label"": ""n36"", ""cell_set_label"": ""Neuron 030-034"", ""cell_set_alias"": """", ""cell_set_additional_aliases"": """", ""_row"": ""n36""}"				
PCL:0014512	Neuron 030-033 - CS1908210112	 - CS1908210112	PCL:0010001	owl:NamedIndividual	PCL:0014511		CS1908210112			n37	Neuron 030-033					"{""members"": 4, ""midpoint"": 1.5, ""height"": 0.1212, ""cell_set_preferred_alias"": """", ""cell_set_accession"": ""CS1908210112"", ""original_label"": ""n37"", ""cell_set_label"": ""Neuron 030-033"", ""cell_set_alias"": """", ""cell_set_additional_aliases"": """", ""_row"": ""n37""}"				
PCL:0014513	Neuron 030-031 - CS1908210113	 - CS1908210113	PCL:0010001	owl:NamedIndividual	PCL:0014512		CS1908210113			n38	Neuron 030-031					"{""members"": 2, ""midpoint"": 0.5, ""height"": 0.0809, ""cell_set_preferred_alias"": """", ""cell_set_accession"": ""CS1908210113"", ""original_label"": ""n38"", ""cell_set_label"": ""Neuron 030-031"", ""cell_set_alias"": """", ""cell_set_additional_aliases"": """", ""_row"": ""n38""}"				
PCL:0014430	Neuron 030 - CS1908210030	Inh L4-6 SST B3GAT2 - CS1908210030	PCL:0010001	owl:NamedIndividual	PCL:0014513		CS1908210030		Inh L4-6 SST B3GAT2	Inh L4-6 SST B3GAT2	Neuron 030					"{""cell_set_preferred_alias"": ""Inh L4-6 SST B3GAT2"", ""members"": 1, ""height"": 0, ""leaf"": true, ""nodePar.pch"": 19, ""nodePar.cex"": 2, ""nodePar.lab.cex"": 0.25, ""nodePar.lab.col"": ""#FFBB33"", ""nodePar.col"": ""#FFBB33"", ""cell_set_accession"": ""CS1908210030"", ""original_label"": ""Inh L4-6 SST B3GAT2"", ""cell_set_label"": ""Neuron 030"", ""cell_set_alias"": ""Inh L4-6 SST B3GAT2"", ""cell_set_additional_aliases"": """", ""_row"": ""Inh L4-6 SST B3GAT2"", ""is_leaf"": true}"	http://purl.obolibrary.org/obo/PCL_0014030			
PCL:0014431	Neuron 031 - CS1908210031	Inh L5-6 SST KLHDC8A - CS1908210031	PCL:0010001	owl:NamedIndividual	PCL:0014513		CS1908210031		Inh L5-6 SST KLHDC8A	Inh L5-6 SST KLHDC8A	Neuron 031					"{""cell_set_preferred_alias"": ""Inh L5-6 SST KLHDC8A"", ""members"": 1, ""height"": 0, ""leaf"": true, ""nodePar.pch"": 19, ""nodePar.cex"": 2, ""nodePar.lab.cex"": 0.25, ""nodePar.lab.col"": ""#C11331"", ""nodePar.col"": ""#C11331"", ""cell_set_accession"": ""CS1908210031"", ""original_label"": ""Inh L5-6 SST KLHDC8A"", ""cell_set_label"": ""Neuron 031"", ""cell_set_alias"": ""Inh L5-6 SST KLHDC8A"", ""cell_set_additional_aliases"": """", ""_row"": ""Inh L5-6 SST KLHDC8A"", ""is_leaf"": true}"	http://purl.obolibrary.org/obo/PCL_0014031			
PCL:0014514	Neuron 032-033 - CS1908210114	 - CS1908210114	PCL:0010001	owl:NamedIndividual	PCL:0014512		CS1908210114			n39	Neuron 032-033					"{""members"": 2, ""midpoint"": 0.5, ""height"": 0.0808, ""cell_set_preferred_alias"": """", ""cell_set_accession"": ""CS1908210114"", ""original_label"": ""n39"", ""cell_set_label"": ""Neuron 032-033"", ""cell_set_alias"": """", ""cell_set_additional_aliases"": """", ""_row"": ""n39""}"				
PCL:0014432	Neuron 032 - CS1908210032	Inh L5-6 SST NPM1P10 - CS1908210032	PCL:0010001	owl:NamedIndividual	PCL:0014514		CS1908210032		Inh L5-6 SST NPM1P10	Inh L5-6 SST NPM1P10	Neuron 032					"{""cell_set_preferred_alias"": ""Inh L5-6 SST NPM1P10"", ""members"": 1, ""height"": 0, ""leaf"": true, ""nodePar.pch"": 19, ""nodePar.cex"": 2, ""nodePar.lab.cex"": 0.25, ""nodePar.lab.col"": ""#BF8219"", ""nodePar.col"": ""#BF8219"", ""cell_set_accession"": ""CS1908210032"", ""original_label"": ""Inh L5-6 SST NPM1P10"", ""cell_set_label"": ""Neuron 032"", ""cell_set_alias"": ""Inh L5-6 SST NPM1P10"", ""cell_set_additional_aliases"": """", ""_row"": ""Inh L5-6 SST NPM1P10"", ""is_leaf"": true}"	http://purl.obolibrary.org/obo/PCL_0014032			
PCL:0014433	Neuron 033 - CS1908210033	Inh L4-6 SST GXYLT2 - CS1908210033	PCL:0010001	owl:NamedIndividual	PCL:0014514		CS1908210033		Inh L4-6 SST GXYLT2	Inh L4-6 SST GXYLT2	Neuron 033					"{""cell_set_preferred_alias"": ""Inh L4-6 SST GXYLT2"", ""members"": 1, ""height"": 0, ""leaf"": true, ""nodePar.pch"": 19, ""nodePar.cex"": 2, ""nodePar.lab.cex"": 0.25, ""nodePar.lab.col"": ""#802600"", ""nodePar.col"": ""#802600"", ""cell_set_accession"": ""CS1908210033"", ""original_label"": ""Inh L4-6 SST GXYLT2"", ""cell_set_label"": ""Neuron 033"", ""cell_set_alias"": ""Inh L4-6 SST GXYLT2"", ""cell_set_additional_aliases"": """", ""_row"": ""Inh L4-6 SST GXYLT2"", ""is_leaf"": true}"	http://purl.obolibrary.org/obo/PCL_0014033			
PCL:0014434	Neuron 034 - CS1908210034	Inh L4-5 SST STK32A - CS1908210034	PCL:0010001	owl:NamedIndividual	PCL:0014511		CS1908210034		Inh L4-5 SST STK32A	Inh L4-5 SST STK32A	Neuron 034					"{""members"": 1, ""height"": 0, ""cell_set_preferred_alias"": ""Inh L4-5 SST STK32A"", ""leaf"": true, ""nodePar.pch"": 19, ""nodePar.cex"": 2, ""nodePar.lab.cex"": 0.25, ""nodePar.lab.col"": ""#806B19"", ""nodePar.col"": ""#806B19"", ""cell_set_accession"": ""CS1908210034"", ""original_label"": ""Inh L4-5 SST STK32A"", ""cell_set_label"": ""Neuron 034"", ""cell_set_alias"": ""Inh L4-5 SST STK32A"", ""cell_set_additional_aliases"": """", ""_row"": ""Inh L4-5 SST STK32A"", ""is_leaf"": true}"	http://purl.obolibrary.org/obo/PCL_0014034			
PCL:0014515	Neuron 035-037 - CS1908210115	 - CS1908210115	PCL:0010001	owl:NamedIndividual	PCL:0014509		CS1908210115			n40	Neuron 035-037					"{""members"": 3, ""midpoint"": 1.25, ""height"": 0.1467, ""cell_set_preferred_alias"": """", ""cell_set_accession"": ""CS1908210115"", ""original_label"": ""n40"", ""cell_set_label"": ""Neuron 035-037"", ""cell_set_alias"": """", ""cell_set_additional_aliases"": """", ""_row"": ""n40""}"				
PCL:0014516	Neuron 035-036 - CS1908210116	 - CS1908210116	PCL:0010001	owl:NamedIndividual	PCL:0014515		CS1908210116			n41	Neuron 035-036					"{""members"": 2, ""midpoint"": 0.5, ""height"": 0.0991, ""cell_set_preferred_alias"": """", ""cell_set_accession"": ""CS1908210116"", ""original_label"": ""n41"", ""cell_set_label"": ""Neuron 035-036"", ""cell_set_alias"": """", ""cell_set_additional_aliases"": """", ""_row"": ""n41""}"				
PCL:0014435	Neuron 035 - CS1908210035	Inh L1-3 SST CALB1 - CS1908210035	PCL:0010001	owl:NamedIndividual	PCL:0014516		CS1908210035		Inh L1-3 SST CALB1	Inh L1-3 SST CALB1	Neuron 035					"{""cell_set_preferred_alias"": ""Inh L1-3 SST CALB1"", ""members"": 1, ""height"": 0, ""leaf"": true, ""nodePar.pch"": 19, ""nodePar.cex"": 2, ""nodePar.lab.cex"": 0.25, ""nodePar.lab.col"": ""#BF480D"", ""nodePar.col"": ""#BF480D"", ""cell_set_accession"": ""CS1908210035"", ""original_label"": ""Inh L1-3 SST CALB1"", ""cell_set_label"": ""Neuron 035"", ""cell_set_alias"": ""Inh L1-3 SST CALB1"", ""cell_set_additional_aliases"": """", ""_row"": ""Inh L1-3 SST CALB1"", ""is_leaf"": true}"	http://purl.obolibrary.org/obo/PCL_0014035			
PCL:0014436	Neuron 036 - CS1908210036	Inh L3-5 SST ADGRG6 - CS1908210036	PCL:0010001	owl:NamedIndividual	PCL:0014516		CS1908210036		Inh L3-5 SST ADGRG6	Inh L3-5 SST ADGRG6	Neuron 036					"{""cell_set_preferred_alias"": ""Inh L3-5 SST ADGRG6"", ""members"": 1, ""height"": 0, ""leaf"": true, ""nodePar.pch"": 19, ""nodePar.cex"": 2, ""nodePar.lab.cex"": 0.25, ""nodePar.lab.col"": ""#804811"", ""nodePar.col"": ""#804811"", ""cell_set_accession"": ""CS1908210036"", ""original_label"": ""Inh L3-5 SST ADGRG6"", ""cell_set_label"": ""Neuron 036"", ""cell_set_alias"": ""Inh L3-5 SST ADGRG6"", ""cell_set_additional_aliases"": """", ""_row"": ""Inh L3-5 SST ADGRG6"", ""is_leaf"": true}"	http://purl.obolibrary.org/obo/PCL_0014036			
PCL:0014437	Neuron 037 - CS1908210037	Inh L2-4 SST FRZB - CS1908210037	PCL:0010001	owl:NamedIndividual	PCL:0014515		CS1908210037		Inh L2-4 SST FRZB	Inh L2-4 SST FRZB	Neuron 037					"{""members"": 1, ""height"": 0, ""cell_set_preferred_alias"": ""Inh L2-4 SST FRZB"", ""leaf"": true, ""nodePar.pch"": 19, ""nodePar.cex"": 2, ""nodePar.lab.cex"": 0.25, ""nodePar.lab.col"": ""#FF554D"", ""nodePar.col"": ""#FF554D"", ""cell_set_accession"": ""CS1908210037"", ""original_label"": ""Inh L2-4 SST FRZB"", ""cell_set_label"": ""Neuron 037"", ""cell_set_alias"": ""Inh L2-4 SST FRZB"", ""cell_set_additional_aliases"": """", ""_row"": ""Inh L2-4 SST FRZB"", ""is_leaf"": true}"	http://purl.obolibrary.org/obo/PCL_0014037			
PCL:0014438	Neuron 038 - CS1908210038	Inh L5-6 SST TH - CS1908210038	PCL:0010001	owl:NamedIndividual	PCL:0014508		CS1908210038		Inh L5-6 SST TH	Inh L5-6 SST TH	Neuron 038					"{""members"": 1, ""height"": 0, ""cell_set_preferred_alias"": ""Inh L5-6 SST TH"", ""leaf"": true, ""nodePar.pch"": 19, ""nodePar.cex"": 2, ""nodePar.lab.cex"": 0.25, ""nodePar.lab.col"": ""#A81111"", ""nodePar.col"": ""#A81111"", ""cell_set_accession"": ""CS1908210038"", ""original_label"": ""Inh L5-6 SST TH"", ""cell_set_label"": ""Neuron 038"", ""cell_set_alias"": ""Inh L5-6 SST TH"", ""cell_set_additional_aliases"": """", ""_row"": ""Inh L5-6 SST TH"", ""is_leaf"": true}"	http://purl.obolibrary.org/obo/PCL_0014038			
PCL:0014517	Neuron 039-044 - CS1908210117	PVALB-like - CS1908210117	PCL:0010001	owl:NamedIndividual	PCL:0014507	PVALB-like	CS1908210117		PVALB-like	n42	Neuron 039-044		PVALB-like			"{""members"": 6, ""midpoint"": 1.2188, ""height"": 0.1698, ""cell_set_preferred_alias"": ""PVALB-like"", ""cell_set_accession"": ""CS1908210117"", ""original_label"": ""n42"", ""cell_set_label"": ""Neuron 039-044"", ""cell_set_alias"": ""PVALB-like"", ""cell_set_additional_aliases"": ""PVALB-like"", ""_row"": ""n42""}"	http://purl.obolibrary.org/obo/PCL_0014117			
PCL:0014439	Neuron 039 - CS1908210039	Inh L5-6 LHX6 GLP1R - CS1908210039	PCL:0010001	owl:NamedIndividual	PCL:0014517		CS1908210039		Inh L5-6 LHX6 GLP1R	Inh L5-6 LHX6 GLP1R	Neuron 039					"{""members"": 1, ""height"": 0, ""cell_set_preferred_alias"": ""Inh L5-6 LHX6 GLP1R"", ""leaf"": true, ""nodePar.pch"": 19, ""nodePar.cex"": 2, ""nodePar.lab.cex"": 0.25, ""nodePar.lab.col"": ""#FF2F7E"", ""nodePar.col"": ""#FF2F7E"", ""cell_set_accession"": ""CS1908210039"", ""original_label"": ""Inh L5-6 LHX6 GLP1R"", ""cell_set_label"": ""Neuron 039"", ""cell_set_alias"": ""Inh L5-6 LHX6 GLP1R"", ""cell_set_additional_aliases"": """", ""_row"": ""Inh L5-6 LHX6 GLP1R"", ""is_leaf"": true}"	http://purl.obolibrary.org/obo/PCL_0014039			
PCL:0014518	Neuron 040-044 - CS1908210118	 - CS1908210118	PCL:0010001	owl:NamedIndividual	PCL:0014517		CS1908210118			n43	Neuron 040-044					"{""members"": 5, ""midpoint"": 1.4375, ""height"": 0.1367, ""cell_set_preferred_alias"": """", ""cell_set_accession"": ""CS1908210118"", ""original_label"": ""n43"", ""cell_set_label"": ""Neuron 040-044"", ""cell_set_alias"": """", ""cell_set_additional_aliases"": """", ""_row"": ""n43""}"				
PCL:0014440	Neuron 040 - CS1908210040	Inh L5-6 PVALB LGR5 - CS1908210040	PCL:0010001	owl:NamedIndividual	PCL:0014518		CS1908210040		Inh L5-6 PVALB LGR5	Inh L5-6 PVALB LGR5	Neuron 040					"{""members"": 1, ""height"": 0, ""cell_set_preferred_alias"": ""Inh L5-6 PVALB LGR5"", ""leaf"": true, ""nodePar.pch"": 19, ""nodePar.cex"": 2, ""nodePar.lab.cex"": 0.25, ""nodePar.lab.col"": ""#ED4C50"", ""nodePar.col"": ""#ED4C50"", ""cell_set_accession"": ""CS1908210040"", ""original_label"": ""Inh L5-6 PVALB LGR5"", ""cell_set_label"": ""Neuron 040"", ""cell_set_alias"": ""Inh L5-6 PVALB LGR5"", ""cell_set_additional_aliases"": """", ""_row"": ""Inh L5-6 PVALB LGR5"", ""is_leaf"": true}"	http://purl.obolibrary.org/obo/PCL_0014040			
PCL:0014519	Neuron 041-044 - CS1908210119	 - CS1908210119	PCL:0010001	owl:NamedIndividual	PCL:0014518		CS1908210119			n44	Neuron 041-044					"{""members"": 4, ""midpoint"": 1.875, ""height"": 0.1018, ""cell_set_preferred_alias"": """", ""cell_set_accession"": ""CS1908210119"", ""original_label"": ""n44"", ""cell_set_label"": ""Neuron 041-044"", ""cell_set_alias"": """", ""cell_set_additional_aliases"": """", ""_row"": ""n44""}"				
PCL:0014520	Neuron 041-043 - CS1908210120	 - CS1908210120	PCL:0010001	owl:NamedIndividual	PCL:0014519		CS1908210120			n45	Neuron 041-043					"{""members"": 3, ""midpoint"": 0.75, ""height"": 0.0807, ""cell_set_preferred_alias"": """", ""cell_set_accession"": ""CS1908210120"", ""original_label"": ""n45"", ""cell_set_label"": ""Neuron 041-043"", ""cell_set_alias"": """", ""cell_set_additional_aliases"": """", ""_row"": ""n45""}"				
PCL:0014441	Neuron 041 - CS1908210041	Inh L4-5 PVALB MEPE - CS1908210041	PCL:0010001	owl:NamedIndividual	PCL:0014520		CS1908210041		Inh L4-5 PVALB MEPE	Inh L4-5 PVALB MEPE	Neuron 041					"{""members"": 1, ""height"": 0, ""cell_set_preferred_alias"": ""Inh L4-5 PVALB MEPE"", ""leaf"": true, ""nodePar.pch"": 19, ""nodePar.cex"": 2, ""nodePar.lab.cex"": 0.25, ""nodePar.lab.col"": ""#994C00"", ""nodePar.col"": ""#994C00"", ""cell_set_accession"": ""CS1908210041"", ""original_label"": ""Inh L4-5 PVALB MEPE"", ""cell_set_label"": ""Neuron 041"", ""cell_set_alias"": ""Inh L4-5 PVALB MEPE"", ""cell_set_additional_aliases"": """", ""_row"": ""Inh L4-5 PVALB MEPE"", ""is_leaf"": true}"	http://purl.obolibrary.org/obo/PCL_0014041			
PCL:0014521	Neuron 042-043 - CS1908210121	 - CS1908210121	PCL:0010001	owl:NamedIndividual	PCL:0014520		CS1908210121			n46	Neuron 042-043					"{""members"": 2, ""midpoint"": 0.5, ""height"": 0.0667, ""cell_set_preferred_alias"": """", ""cell_set_accession"": ""CS1908210121"", ""original_label"": ""n46"", ""cell_set_label"": ""Neuron 042-043"", ""cell_set_alias"": """", ""cell_set_additional_aliases"": """", ""_row"": ""n46""}"				
PCL:0014442	Neuron 042 - CS1908210042	Inh L2-4 PVALB WFDC2 - CS1908210042	PCL:0010001	owl:NamedIndividual	PCL:0014521		CS1908210042		Inh L2-4 PVALB WFDC2	Inh L2-4 PVALB WFDC2	Neuron 042					"{""cell_set_preferred_alias"": ""Inh L2-4 PVALB WFDC2"", ""members"": 1, ""height"": 0, ""leaf"": true, ""nodePar.pch"": 19, ""nodePar.cex"": 2, ""nodePar.lab.cex"": 0.25, ""nodePar.lab.col"": ""#BC2B11"", ""nodePar.col"": ""#BC2B11"", ""cell_set_accession"": ""CS1908210042"", ""original_label"": ""Inh L2-4 PVALB WFDC2"", ""cell_set_label"": ""Neuron 042"", ""cell_set_alias"": ""Inh L2-4 PVALB WFDC2"", ""cell_set_additional_aliases"": """", ""_row"": ""Inh L2-4 PVALB WFDC2"", ""is_leaf"": true}"	http://purl.obolibrary.org/obo/PCL_0014042			
PCL:0014443	Neuron 043 - CS1908210043	Inh L4-6 PVALB SULF1 - CS1908210043	PCL:0010001	owl:NamedIndividual	PCL:0014521		CS1908210043		Inh L4-6 PVALB SULF1	Inh L4-6 PVALB SULF1	Neuron 043					"{""cell_set_preferred_alias"": ""Inh L4-6 PVALB SULF1"", ""members"": 1, ""height"": 0, ""leaf"": true, ""nodePar.pch"": 19, ""nodePar.cex"": 2, ""nodePar.lab.cex"": 0.25, ""nodePar.lab.col"": ""#E62A5D"", ""nodePar.col"": ""#E62A5D"", ""cell_set_accession"": ""CS1908210043"", ""original_label"": ""Inh L4-6 PVALB SULF1"", ""cell_set_label"": ""Neuron 043"", ""cell_set_alias"": ""Inh L4-6 PVALB SULF1"", ""cell_set_additional_aliases"": """", ""_row"": ""Inh L4-6 PVALB SULF1"", ""is_leaf"": true}"	http://purl.obolibrary.org/obo/PCL_0014043			
PCL:0014444	Neuron 044 - CS1908210044	Inh L5-6 SST MIR548F2 - CS1908210044	PCL:0010001	owl:NamedIndividual	PCL:0014519		CS1908210044		Inh L5-6 SST MIR548F2	Inh L5-6 SST MIR548F2	Neuron 044					"{""members"": 1, ""height"": 0, ""cell_set_preferred_alias"": ""Inh L5-6 SST MIR548F2"", ""leaf"": true, ""nodePar.pch"": 19, ""nodePar.cex"": 2, ""nodePar.lab.cex"": 0.25, ""nodePar.lab.col"": ""#D6221D"", ""nodePar.col"": ""#D6221D"", ""cell_set_accession"": ""CS1908210044"", ""original_label"": ""Inh L5-6 SST MIR548F2"", ""cell_set_label"": ""Neuron 044"", ""cell_set_alias"": ""Inh L5-6 SST MIR548F2"", ""cell_set_additional_aliases"": """", ""_row"": ""Inh L5-6 SST MIR548F2"", ""is_leaf"": true}"	http://purl.obolibrary.org/obo/PCL_0014044			
PCL:0014445	Neuron 045 - CS1908210045	Inh L2-5 PVALB SCUBE3 - CS1908210045	PCL:0010001	owl:NamedIndividual	PCL:0014505	Chandelier	CS1908210045		Inh L2-5 PVALB SCUBE3	Inh L2-5 PVALB SCUBE3	Neuron 045		Chandelier			"{""members"": 1, ""height"": 0, ""cell_set_preferred_alias"": ""Inh L2-5 PVALB SCUBE3"", ""leaf"": true, ""nodePar.pch"": 19, ""nodePar.cex"": 2, ""nodePar.lab.cex"": 0.25, ""nodePar.lab.col"": ""#FF197F"", ""nodePar.col"": ""#FF197F"", ""cell_set_accession"": ""CS1908210045"", ""original_label"": ""Inh L2-5 PVALB SCUBE3"", ""cell_set_label"": ""Neuron 045"", ""cell_set_alias"": ""Inh L2-5 PVALB SCUBE3"", ""cell_set_additional_aliases"": ""Chandelier"", ""_row"": ""Inh L2-5 PVALB SCUBE3"", ""is_leaf"": true}"	http://purl.obolibrary.org/obo/PCL_0014045			
PCL:0014522	Neuron 046-069 - CS1908210122	Glutamatergic - CS1908210122	PCL:0010001	owl:NamedIndividual	PCL:0014477	Glutamatergic	CS1908210122		Glutamatergic	n47	Neuron 046-069		Glutamatergic			"{""members"": 24, ""midpoint"": 15.9629, ""height"": 0.3534, ""cell_set_preferred_alias"": ""Glutamatergic"", ""cell_set_accession"": ""CS1908210122"", ""original_label"": ""n47"", ""cell_set_label"": ""Neuron 046-069"", ""cell_set_alias"": ""Glutamatergic"", ""cell_set_additional_aliases"": ""Glutamatergic"", ""_row"": ""n47""}"				
PCL:0014523	Neuron 046-063 - CS1908210123	 - CS1908210123	PCL:0010001	owl:NamedIndividual	PCL:0014522		CS1908210123			n48	Neuron 046-063					"{""members"": 18, ""midpoint"": 12.6445, ""height"": 0.3174, ""cell_set_preferred_alias"": """", ""cell_set_accession"": ""CS1908210123"", ""original_label"": ""n48"", ""cell_set_label"": ""Neuron 046-063"", ""cell_set_alias"": """", ""cell_set_additional_aliases"": """", ""_row"": ""n48""}"				
PCL:0014524	Neuron 046-060 - CS1908210124	 - CS1908210124	PCL:0010001	owl:NamedIndividual	PCL:0014523		CS1908210124			n49	Neuron 046-060					"{""members"": 15, ""midpoint"": 9.5391, ""height"": 0.3044, ""cell_set_preferred_alias"": """", ""cell_set_accession"": ""CS1908210124"", ""original_label"": ""n49"", ""cell_set_label"": ""Neuron 046-060"", ""cell_set_alias"": """", ""cell_set_additional_aliases"": """", ""_row"": ""n49""}"				
PCL:0014525	Neuron 046-059 - CS1908210125	 - CS1908210125	PCL:0010001	owl:NamedIndividual	PCL:0014524		CS1908210125			n50	Neuron 046-059					"{""members"": 14, ""midpoint"": 5.0781, ""height"": 0.2572, ""cell_set_preferred_alias"": """", ""cell_set_accession"": ""CS1908210125"", ""original_label"": ""n50"", ""cell_set_label"": ""Neuron 046-059"", ""cell_set_alias"": """", ""cell_set_additional_aliases"": """", ""_row"": ""n50""}"				
PCL:0014526	Neuron 046-049 - CS1908210126	 - CS1908210126	PCL:0010001	owl:NamedIndividual	PCL:0014525		CS1908210126			n51	Neuron 046-049					"{""members"": 4, ""midpoint"": 2.125, ""height"": 0.175, ""cell_set_preferred_alias"": """", ""cell_set_accession"": ""CS1908210126"", ""original_label"": ""n51"", ""cell_set_label"": ""Neuron 046-049"", ""cell_set_alias"": """", ""cell_set_additional_aliases"": """", ""_row"": ""n51""}"				
PCL:0014527	Neuron 046-048 - CS1908210127	L2/3 IT - CS1908210127	PCL:0010001	owl:NamedIndividual	PCL:0014526	L2/3 IT	CS1908210127		L2/3 IT	n52	Neuron 046-048		L2/3 IT			"{""members"": 3, ""midpoint"": 1.25, ""height"": 0.1213, ""cell_set_preferred_alias"": ""L2/3 IT"", ""cell_set_accession"": ""CS1908210127"", ""original_label"": ""n52"", ""cell_set_label"": ""Neuron 046-048"", ""cell_set_alias"": ""L2/3 IT"", ""cell_set_additional_aliases"": ""L2/3 IT"", ""_row"": ""n52""}"	http://purl.obolibrary.org/obo/PCL_0014127			
PCL:0014528	Neuron 046-047 - CS1908210128	 - CS1908210128	PCL:0010001	owl:NamedIndividual	PCL:0014527		CS1908210128			n53	Neuron 046-047					"{""members"": 2, ""midpoint"": 0.5, ""height"": 0.0728, ""cell_set_preferred_alias"": """", ""cell_set_accession"": ""CS1908210128"", ""original_label"": ""n53"", ""cell_set_label"": ""Neuron 046-047"", ""cell_set_alias"": """", ""cell_set_additional_aliases"": """", ""_row"": ""n53""}"				
PCL:0014446	Neuron 046 - CS1908210046	Exc L2 LAMP5 LTK - CS1908210046	PCL:0010001	owl:NamedIndividual	PCL:0014528		CS1908210046		Exc L2 LAMP5 LTK	Exc L2 LAMP5 LTK	Neuron 046					"{""cell_set_preferred_alias"": ""Exc L2 LAMP5 LTK"", ""members"": 1, ""height"": 0, ""leaf"": true, ""nodePar.pch"": 19, ""nodePar.cex"": 2, ""nodePar.lab.cex"": 0.25, ""nodePar.lab.col"": ""#D9F077"", ""nodePar.col"": ""#D9F077"", ""cell_set_accession"": ""CS1908210046"", ""original_label"": ""Exc L2 LAMP5 LTK"", ""cell_set_label"": ""Neuron 046"", ""cell_set_alias"": ""Exc L2 LAMP5 LTK"", ""cell_set_additional_aliases"": """", ""_row"": ""Exc L2 LAMP5 LTK"", ""is_leaf"": true}"	http://purl.obolibrary.org/obo/PCL_0014046			
PCL:0014447	Neuron 047 - CS1908210047	Exc L2-4 LINC00507 GLP2R - CS1908210047	PCL:0010001	owl:NamedIndividual	PCL:0014528		CS1908210047		Exc L2-4 LINC00507 GLP2R	Exc L2-4 LINC00507 GLP2R	Neuron 047					"{""cell_set_preferred_alias"": ""Exc L2-4 LINC00507 GLP2R"", ""members"": 1, ""height"": 0, ""leaf"": true, ""nodePar.pch"": 19, ""nodePar.cex"": 2, ""nodePar.lab.cex"": 0.25, ""nodePar.lab.col"": ""#A6E6A9"", ""nodePar.col"": ""#A6E6A9"", ""cell_set_accession"": ""CS1908210047"", ""original_label"": ""Exc L2-4 LINC00507 GLP2R"", ""cell_set_label"": ""Neuron 047"", ""cell_set_alias"": ""Exc L2-4 LINC00507 GLP2R"", ""cell_set_additional_aliases"": """", ""_row"": ""Exc L2-4 LINC00507 GLP2R"", ""is_leaf"": true}"	http://purl.obolibrary.org/obo/PCL_0014047			
PCL:0014448	Neuron 048 - CS1908210048	Exc L2-3 LINC00507 FREM3 - CS1908210048	PCL:0010001	owl:NamedIndividual	PCL:0014527		CS1908210048		Exc L2-3 LINC00507 FREM3	Exc L2-3 LINC00507 FREM3	Neuron 048					"{""members"": 1, ""height"": 0, ""cell_set_preferred_alias"": ""Exc L2-3 LINC00507 FREM3"", ""leaf"": true, ""nodePar.pch"": 19, ""nodePar.cex"": 2, ""nodePar.lab.cex"": 0.25, ""nodePar.lab.col"": ""#7AE6AB"", ""nodePar.col"": ""#7AE6AB"", ""cell_set_accession"": ""CS1908210048"", ""original_label"": ""Exc L2-3 LINC00507 FREM3"", ""cell_set_label"": ""Neuron 048"", ""cell_set_alias"": ""Exc L2-3 LINC00507 FREM3"", ""cell_set_additional_aliases"": """", ""_row"": ""Exc L2-3 LINC00507 FREM3"", ""is_leaf"": true}"	http://purl.obolibrary.org/obo/PCL_0014048			
PCL:0014449	Neuron 049 - CS1908210049	Exc L5-6 THEMIS C1QL3 - CS1908210049	PCL:0010001	owl:NamedIndividual	PCL:0014526		CS1908210049		Exc L5-6 THEMIS C1QL3	Exc L5-6 THEMIS C1QL3	Neuron 049					"{""members"": 1, ""height"": 0, ""cell_set_preferred_alias"": ""Exc L5-6 THEMIS C1QL3"", ""leaf"": true, ""nodePar.pch"": 19, ""nodePar.cex"": 2, ""nodePar.lab.cex"": 0.25, ""nodePar.lab.col"": ""#A19922"", ""nodePar.col"": ""#A19922"", ""cell_set_accession"": ""CS1908210049"", ""original_label"": ""Exc L5-6 THEMIS C1QL3"", ""cell_set_label"": ""Neuron 049"", ""cell_set_alias"": ""Exc L5-6 THEMIS C1QL3"", ""cell_set_additional_aliases"": """", ""_row"": ""Exc L5-6 THEMIS C1QL3"", ""is_leaf"": true}"	http://purl.obolibrary.org/obo/PCL_0014049			
PCL:0014529	Neuron 050-059 - CS1908210129	 - CS1908210129	PCL:0010001	owl:NamedIndividual	PCL:0014525		CS1908210129			n54	Neuron 050-059					"{""members"": 10, ""midpoint"": 4.0312, ""height"": 0.2141, ""cell_set_preferred_alias"": """", ""cell_set_accession"": ""CS1908210129"", ""original_label"": ""n54"", ""cell_set_label"": ""Neuron 050-059"", ""cell_set_alias"": """", ""cell_set_additional_aliases"": """", ""_row"": ""n54""}"				
PCL:0014530	Neuron 050-054 - CS1908210130	L4 IT - CS1908210130	PCL:0010001	owl:NamedIndividual	PCL:0014529	L4 IT	CS1908210130		L4 IT	n55	Neuron 050-054		L4 IT			"{""members"": 5, ""midpoint"": 0.9375, ""height"": 0.1775, ""cell_set_preferred_alias"": ""L4 IT"", ""cell_set_accession"": ""CS1908210130"", ""original_label"": ""n55"", ""cell_set_label"": ""Neuron 050-054"", ""cell_set_alias"": ""L4 IT"", ""cell_set_additional_aliases"": ""L4 IT"", ""_row"": ""n55""}"	http://purl.obolibrary.org/obo/PCL_0014130			
PCL:0014450	Neuron 050 - CS1908210050	Exc L3-4 RORB CARM1P1 - CS1908210050	PCL:0010001	owl:NamedIndividual	PCL:0014530		CS1908210050		Exc L3-4 RORB CARM1P1	Exc L3-4 RORB CARM1P1	Neuron 050					"{""members"": 1, ""height"": 0, ""cell_set_preferred_alias"": ""Exc L3-4 RORB CARM1P1"", ""leaf"": true, ""nodePar.pch"": 19, ""nodePar.cex"": 2, ""nodePar.lab.cex"": 0.25, ""nodePar.lab.col"": ""#00979D"", ""nodePar.col"": ""#00979D"", ""cell_set_accession"": ""CS1908210050"", ""original_label"": ""Exc L3-4 RORB CARM1P1"", ""cell_set_label"": ""Neuron 050"", ""cell_set_alias"": ""Exc L3-4 RORB CARM1P1"", ""cell_set_additional_aliases"": """", ""_row"": ""Exc L3-4 RORB CARM1P1"", ""is_leaf"": true}"	http://purl.obolibrary.org/obo/PCL_0014050			
PCL:0014531	Neuron 051-054 - CS1908210131	 - CS1908210131	PCL:0010001	owl:NamedIndividual	PCL:0014530		CS1908210131			n56	Neuron 051-054					"{""members"": 4, ""midpoint"": 0.875, ""height"": 0.1584, ""cell_set_preferred_alias"": """", ""cell_set_accession"": ""CS1908210131"", ""original_label"": ""n56"", ""cell_set_label"": ""Neuron 051-054"", ""cell_set_alias"": """", ""cell_set_additional_aliases"": """", ""_row"": ""n56""}"				
PCL:0014451	Neuron 051 - CS1908210051	Exc L3-5 RORB ESR1 - CS1908210051	PCL:0010001	owl:NamedIndividual	PCL:0014531		CS1908210051		Exc L3-5 RORB ESR1	Exc L3-5 RORB ESR1	Neuron 051					"{""members"": 1, ""height"": 0, ""cell_set_preferred_alias"": ""Exc L3-5 RORB ESR1"", ""leaf"": true, ""nodePar.pch"": 19, ""nodePar.cex"": 2, ""nodePar.lab.cex"": 0.25, ""nodePar.lab.col"": ""#00DDC5"", ""nodePar.col"": ""#00DDC5"", ""cell_set_accession"": ""CS1908210051"", ""original_label"": ""Exc L3-5 RORB ESR1"", ""cell_set_label"": ""Neuron 051"", ""cell_set_alias"": ""Exc L3-5 RORB ESR1"", ""cell_set_additional_aliases"": """", ""_row"": ""Exc L3-5 RORB ESR1"", ""is_leaf"": true}"	http://purl.obolibrary.org/obo/PCL_0014051			
PCL:0014532	Neuron 052-054 - CS1908210132	 - CS1908210132	PCL:0010001	owl:NamedIndividual	PCL:0014531		CS1908210132			n57	Neuron 052-054					"{""members"": 3, ""midpoint"": 0.75, ""height"": 0.1183, ""cell_set_preferred_alias"": """", ""cell_set_accession"": ""CS1908210132"", ""original_label"": ""n57"", ""cell_set_label"": ""Neuron 052-054"", ""cell_set_alias"": """", ""cell_set_additional_aliases"": """", ""_row"": ""n57""}"				
PCL:0014452	Neuron 052 - CS1908210052	Exc L3-5 RORB COL22A1 - CS1908210052	PCL:0010001	owl:NamedIndividual	PCL:0014532		CS1908210052		Exc L3-5 RORB COL22A1	Exc L3-5 RORB COL22A1	Neuron 052					"{""members"": 1, ""height"": 0, ""cell_set_preferred_alias"": ""Exc L3-5 RORB COL22A1"", ""leaf"": true, ""nodePar.pch"": 19, ""nodePar.cex"": 2, ""nodePar.lab.cex"": 0.25, ""nodePar.lab.col"": ""#00A79D"", ""nodePar.col"": ""#00A79D"", ""cell_set_accession"": ""CS1908210052"", ""original_label"": ""Exc L3-5 RORB COL22A1"", ""cell_set_label"": ""Neuron 052"", ""cell_set_alias"": ""Exc L3-5 RORB COL22A1"", ""cell_set_additional_aliases"": """", ""_row"": ""Exc L3-5 RORB COL22A1"", ""is_leaf"": true}"	http://purl.obolibrary.org/obo/PCL_0014052			
PCL:0014533	Neuron 053-054 - CS1908210133	 - CS1908210133	PCL:0010001	owl:NamedIndividual	PCL:0014532		CS1908210133			n58	Neuron 053-054					"{""members"": 2, ""midpoint"": 0.5, ""height"": 0.0712, ""cell_set_preferred_alias"": """", ""cell_set_accession"": ""CS1908210133"", ""original_label"": ""n58"", ""cell_set_label"": ""Neuron 053-054"", ""cell_set_alias"": """", ""cell_set_additional_aliases"": """", ""_row"": ""n58""}"				
PCL:0014453	Neuron 053 - CS1908210053	Exc L3-5 RORB FILIP1L - CS1908210053	PCL:0010001	owl:NamedIndividual	PCL:0014533		CS1908210053		Exc L3-5 RORB FILIP1L	Exc L3-5 RORB FILIP1L	Neuron 053					"{""cell_set_preferred_alias"": ""Exc L3-5 RORB FILIP1L"", ""members"": 1, ""height"": 0, ""leaf"": true, ""nodePar.pch"": 19, ""nodePar.cex"": 2, ""nodePar.lab.cex"": 0.25, ""nodePar.lab.col"": ""#0094C2"", ""nodePar.col"": ""#0094C2"", ""cell_set_accession"": ""CS1908210053"", ""original_label"": ""Exc L3-5 RORB FILIP1L"", ""cell_set_label"": ""Neuron 053"", ""cell_set_alias"": ""Exc L3-5 RORB FILIP1L"", ""cell_set_additional_aliases"": """", ""_row"": ""Exc L3-5 RORB FILIP1L"", ""is_leaf"": true}"	http://purl.obolibrary.org/obo/PCL_0014053			
PCL:0014454	Neuron 054 - CS1908210054	Exc L3-5 RORB TWIST2 - CS1908210054	PCL:0010001	owl:NamedIndividual	PCL:0014533		CS1908210054		Exc L3-5 RORB TWIST2	Exc L3-5 RORB TWIST2	Neuron 054					"{""cell_set_preferred_alias"": ""Exc L3-5 RORB TWIST2"", ""members"": 1, ""height"": 0, ""leaf"": true, ""nodePar.pch"": 19, ""nodePar.cex"": 2, ""nodePar.lab.cex"": 0.25, ""nodePar.lab.col"": ""#77D9B7"", ""nodePar.col"": ""#77D9B7"", ""cell_set_accession"": ""CS1908210054"", ""original_label"": ""Exc L3-5 RORB TWIST2"", ""cell_set_label"": ""Neuron 054"", ""cell_set_alias"": ""Exc L3-5 RORB TWIST2"", ""cell_set_additional_aliases"": """", ""_row"": ""Exc L3-5 RORB TWIST2"", ""is_leaf"": true}"	http://purl.obolibrary.org/obo/PCL_0014054			
PCL:0014534	Neuron 055-059 - CS1908210134	L5 IT - CS1908210134	PCL:0010001	owl:NamedIndividual	PCL:0014529	L5 IT	CS1908210134		L5 IT	n59	Neuron 055-059		L5 IT			"{""members"": 5, ""midpoint"": 2.125, ""height"": 0.1904, ""cell_set_preferred_alias"": ""L5 IT"", ""cell_set_accession"": ""CS1908210134"", ""original_label"": ""n59"", ""cell_set_label"": ""Neuron 055-059"", ""cell_set_alias"": ""L5 IT"", ""cell_set_additional_aliases"": ""L5 IT"", ""_row"": ""n59""}"	http://purl.obolibrary.org/obo/PCL_0014134			
PCL:0014535	Neuron 055-057 - CS1908210135	 - CS1908210135	PCL:0010001	owl:NamedIndividual	PCL:0014534		CS1908210135			n60	Neuron 055-057					"{""members"": 3, ""midpoint"": 0.75, ""height"": 0.1353, ""cell_set_preferred_alias"": """", ""cell_set_accession"": ""CS1908210135"", ""original_label"": ""n60"", ""cell_set_label"": ""Neuron 055-057"", ""cell_set_alias"": """", ""cell_set_additional_aliases"": """", ""_row"": ""n60""}"				
PCL:0014455	Neuron 055 - CS1908210055	Exc L4-5 RORB FOLH1B - CS1908210055	PCL:0010001	owl:NamedIndividual	PCL:0014535		CS1908210055		Exc L4-5 RORB FOLH1B	Exc L4-5 RORB FOLH1B	Neuron 055					"{""members"": 1, ""height"": 0, ""cell_set_preferred_alias"": ""Exc L4-5 RORB FOLH1B"", ""leaf"": true, ""nodePar.pch"": 19, ""nodePar.cex"": 2, ""nodePar.lab.cex"": 0.25, ""nodePar.lab.col"": ""#00A809"", ""nodePar.col"": ""#00A809"", ""cell_set_accession"": ""CS1908210055"", ""original_label"": ""Exc L4-5 RORB FOLH1B"", ""cell_set_label"": ""Neuron 055"", ""cell_set_alias"": ""Exc L4-5 RORB FOLH1B"", ""cell_set_additional_aliases"": """", ""_row"": ""Exc L4-5 RORB FOLH1B"", ""is_leaf"": true}"	http://purl.obolibrary.org/obo/PCL_0014055			
PCL:0014536	Neuron 056-057 - CS1908210136	 - CS1908210136	PCL:0010001	owl:NamedIndividual	PCL:0014535		CS1908210136			n61	Neuron 056-057					"{""members"": 2, ""midpoint"": 0.5, ""height"": 0.1075, ""cell_set_preferred_alias"": """", ""cell_set_accession"": ""CS1908210136"", ""original_label"": ""n61"", ""cell_set_label"": ""Neuron 056-057"", ""cell_set_alias"": """", ""cell_set_additional_aliases"": """", ""_row"": ""n61""}"				
PCL:0014456	Neuron 056 - CS1908210056	Exc L4-6 RORB SEMA3E - CS1908210056	PCL:0010001	owl:NamedIndividual	PCL:0014536		CS1908210056		Exc L4-6 RORB SEMA3E	Exc L4-6 RORB SEMA3E	Neuron 056					"{""cell_set_preferred_alias"": ""Exc L4-6 RORB SEMA3E"", ""members"": 1, ""height"": 0, ""leaf"": true, ""nodePar.pch"": 19, ""nodePar.cex"": 2, ""nodePar.lab.cex"": 0.25, ""nodePar.lab.col"": ""#26FFF2"", ""nodePar.col"": ""#26FFF2"", ""cell_set_accession"": ""CS1908210056"", ""original_label"": ""Exc L4-6 RORB SEMA3E"", ""cell_set_label"": ""Neuron 056"", ""cell_set_alias"": ""Exc L4-6 RORB SEMA3E"", ""cell_set_additional_aliases"": """", ""_row"": ""Exc L4-6 RORB SEMA3E"", ""is_leaf"": true}"	http://purl.obolibrary.org/obo/PCL_0014056			
PCL:0014457	Neuron 057 - CS1908210057	Exc L4-5 RORB DAPK2 - CS1908210057	PCL:0010001	owl:NamedIndividual	PCL:0014536		CS1908210057		Exc L4-5 RORB DAPK2	Exc L4-5 RORB DAPK2	Neuron 057					"{""cell_set_preferred_alias"": ""Exc L4-5 RORB DAPK2"", ""members"": 1, ""height"": 0, ""leaf"": true, ""nodePar.pch"": 19, ""nodePar.cex"": 2, ""nodePar.lab.cex"": 0.25, ""nodePar.lab.col"": ""#00FF00"", ""nodePar.col"": ""#00FF00"", ""cell_set_accession"": ""CS1908210057"", ""original_label"": ""Exc L4-5 RORB DAPK2"", ""cell_set_label"": ""Neuron 057"", ""cell_set_alias"": ""Exc L4-5 RORB DAPK2"", ""cell_set_additional_aliases"": """", ""_row"": ""Exc L4-5 RORB DAPK2"", ""is_leaf"": true}"	http://purl.obolibrary.org/obo/PCL_0014057			
PCL:0014537	Neuron 058-059 - CS1908210137	 - CS1908210137	PCL:0010001	owl:NamedIndividual	PCL:0014534		CS1908210137			n62	Neuron 058-059					"{""members"": 2, ""midpoint"": 0.5, ""height"": 0.083, ""cell_set_preferred_alias"": """", ""cell_set_accession"": ""CS1908210137"", ""original_label"": ""n62"", ""cell_set_label"": ""Neuron 058-059"", ""cell_set_alias"": """", ""cell_set_additional_aliases"": """", ""_row"": ""n62""}"				
PCL:0014458	Neuron 058 - CS1908210058	Exc L5-6 RORB TTC12 - CS1908210058	PCL:0010001	owl:NamedIndividual	PCL:0014537		CS1908210058		Exc L5-6 RORB TTC12	Exc L5-6 RORB TTC12	Neuron 058					"{""cell_set_preferred_alias"": ""Exc L5-6 RORB TTC12"", ""members"": 1, ""height"": 0, ""leaf"": true, ""nodePar.pch"": 19, ""nodePar.cex"": 2, ""nodePar.lab.cex"": 0.25, ""nodePar.lab.col"": ""#26BF64"", ""nodePar.col"": ""#26BF64"", ""cell_set_accession"": ""CS1908210058"", ""original_label"": ""Exc L5-6 RORB TTC12"", ""cell_set_label"": ""Neuron 058"", ""cell_set_alias"": ""Exc L5-6 RORB TTC12"", ""cell_set_additional_aliases"": """", ""_row"": ""Exc L5-6 RORB TTC12"", ""is_leaf"": true}"	http://purl.obolibrary.org/obo/PCL_0014058			
PCL:0014459	Neuron 059 - CS1908210059	Exc L4-6 RORB C1R - CS1908210059	PCL:0010001	owl:NamedIndividual	PCL:0014537		CS1908210059		Exc L4-6 RORB C1R	Exc L4-6 RORB C1R	Neuron 059					"{""cell_set_preferred_alias"": ""Exc L4-6 RORB C1R"", ""members"": 1, ""height"": 0, ""leaf"": true, ""nodePar.pch"": 19, ""nodePar.cex"": 2, ""nodePar.lab.cex"": 0.25, ""nodePar.lab.col"": ""#008F1F"", ""nodePar.col"": ""#008F1F"", ""cell_set_accession"": ""CS1908210059"", ""original_label"": ""Exc L4-6 RORB C1R"", ""cell_set_label"": ""Neuron 059"", ""cell_set_alias"": ""Exc L4-6 RORB C1R"", ""cell_set_additional_aliases"": """", ""_row"": ""Exc L4-6 RORB C1R"", ""is_leaf"": true}"	http://purl.obolibrary.org/obo/PCL_0014059			
PCL:0014460	Neuron 060 - CS1908210060	Exc L4-5 FEZF2 SCN4B - CS1908210060	PCL:0010001	owl:NamedIndividual	PCL:0014524	L5 PT	CS1908210060		Exc L4-5 FEZF2 SCN4B	Exc L4-5 FEZF2 SCN4B	Neuron 060		L5 PT			"{""members"": 1, ""height"": 0, ""cell_set_preferred_alias"": ""Exc L4-5 FEZF2 SCN4B"", ""leaf"": true, ""nodePar.pch"": 19, ""nodePar.cex"": 2, ""nodePar.lab.cex"": 0.25, ""nodePar.lab.col"": ""#104F00"", ""nodePar.col"": ""#104F00"", ""cell_set_accession"": ""CS1908210060"", ""original_label"": ""Exc L4-5 FEZF2 SCN4B"", ""cell_set_label"": ""Neuron 060"", ""cell_set_alias"": ""Exc L4-5 FEZF2 SCN4B"", ""cell_set_additional_aliases"": ""L5 PT"", ""_row"": ""Exc L4-5 FEZF2 SCN4B"", ""is_leaf"": true}"	http://purl.obolibrary.org/obo/PCL_0014060			
PCL:0014538	Neuron 061-063 - CS1908210138	L6 IT - CS1908210138	PCL:0010001	owl:NamedIndividual	PCL:0014523	L6 IT	CS1908210138		L6 IT	n63	Neuron 061-063		L6 IT			"{""members"": 3, ""midpoint"": 0.75, ""height"": 0.0876, ""cell_set_preferred_alias"": ""L6 IT"", ""cell_set_accession"": ""CS1908210138"", ""original_label"": ""n63"", ""cell_set_label"": ""Neuron 061-063"", ""cell_set_alias"": ""L6 IT"", ""cell_set_additional_aliases"": ""L6 IT"", ""_row"": ""n63""}"	http://purl.obolibrary.org/obo/PCL_0014138			
PCL:0014461	Neuron 061 - CS1908210061	Exc L5-6 THEMIS DCSTAMP - CS1908210061	PCL:0010001	owl:NamedIndividual	PCL:0014538		CS1908210061		Exc L5-6 THEMIS DCSTAMP	Exc L5-6 THEMIS DCSTAMP	Neuron 061					"{""members"": 1, ""height"": 0, ""cell_set_preferred_alias"": ""Exc L5-6 THEMIS DCSTAMP"", ""leaf"": true, ""nodePar.pch"": 19, ""nodePar.cex"": 2, ""nodePar.lab.cex"": 0.25, ""nodePar.lab.col"": ""#5100FF"", ""nodePar.col"": ""#5100FF"", ""cell_set_accession"": ""CS1908210061"", ""original_label"": ""Exc L5-6 THEMIS DCSTAMP"", ""cell_set_label"": ""Neuron 061"", ""cell_set_alias"": ""Exc L5-6 THEMIS DCSTAMP"", ""cell_set_additional_aliases"": """", ""_row"": ""Exc L5-6 THEMIS DCSTAMP"", ""is_leaf"": true}"	http://purl.obolibrary.org/obo/PCL_0014061			
PCL:0014539	Neuron 062-063 - CS1908210139	 - CS1908210139	PCL:0010001	owl:NamedIndividual	PCL:0014538		CS1908210139			n64	Neuron 062-063					"{""members"": 2, ""midpoint"": 0.5, ""height"": 0.0578, ""cell_set_preferred_alias"": """", ""cell_set_accession"": ""CS1908210139"", ""original_label"": ""n64"", ""cell_set_label"": ""Neuron 062-063"", ""cell_set_alias"": """", ""cell_set_additional_aliases"": """", ""_row"": ""n64""}"				
PCL:0014462	Neuron 062 - CS1908210062	Exc L5-6 THEMIS CRABP1 - CS1908210062	PCL:0010001	owl:NamedIndividual	PCL:0014539		CS1908210062		Exc L5-6 THEMIS CRABP1	Exc L5-6 THEMIS CRABP1	Neuron 062					"{""cell_set_preferred_alias"": ""Exc L5-6 THEMIS CRABP1"", ""members"": 1, ""height"": 0, ""leaf"": true, ""nodePar.pch"": 19, ""nodePar.cex"": 2, ""nodePar.lab.cex"": 0.25, ""nodePar.lab.col"": ""#8046FF"", ""nodePar.col"": ""#8046FF"", ""cell_set_accession"": ""CS1908210062"", ""original_label"": ""Exc L5-6 THEMIS CRABP1"", ""cell_set_label"": ""Neuron 062"", ""cell_set_alias"": ""Exc L5-6 THEMIS CRABP1"", ""cell_set_additional_aliases"": """", ""_row"": ""Exc L5-6 THEMIS CRABP1"", ""is_leaf"": true}"	http://purl.obolibrary.org/obo/PCL_0014062			
PCL:0014463	Neuron 063 - CS1908210063	Exc L5-6 THEMIS FGF10 - CS1908210063	PCL:0010001	owl:NamedIndividual	PCL:0014539		CS1908210063		Exc L5-6 THEMIS FGF10	Exc L5-6 THEMIS FGF10	Neuron 063					"{""cell_set_preferred_alias"": ""Exc L5-6 THEMIS FGF10"", ""members"": 1, ""height"": 0, ""leaf"": true, ""nodePar.pch"": 19, ""nodePar.cex"": 2, ""nodePar.lab.cex"": 0.25, ""nodePar.lab.col"": ""#B08BFF"", ""nodePar.col"": ""#B08BFF"", ""cell_set_accession"": ""CS1908210063"", ""original_label"": ""Exc L5-6 THEMIS FGF10"", ""cell_set_label"": ""Neuron 063"", ""cell_set_alias"": ""Exc L5-6 THEMIS FGF10"", ""cell_set_additional_aliases"": """", ""_row"": ""Exc L5-6 THEMIS FGF10"", ""is_leaf"": true}"	http://purl.obolibrary.org/obo/PCL_0014063			
PCL:0014540	Neuron 064-069 - CS1908210140	 - CS1908210140	PCL:0010001	owl:NamedIndividual	PCL:0014522		CS1908210140			n65	Neuron 064-069					"{""members"": 6, ""midpoint"": 1.2812, ""height"": 0.3435, ""cell_set_preferred_alias"": """", ""cell_set_accession"": ""CS1908210140"", ""original_label"": ""n65"", ""cell_set_label"": ""Neuron 064-069"", ""cell_set_alias"": """", ""cell_set_additional_aliases"": """", ""_row"": ""n65""}"				
PCL:0014464	Neuron 064 - CS1908210064	Exc L4-6 FEZF2 IL26 - CS1908210064	PCL:0010001	owl:NamedIndividual	PCL:0014540	L5 NP	CS1908210064		Exc L4-6 FEZF2 IL26	Exc L4-6 FEZF2 IL26	Neuron 064		L5 NP			"{""members"": 1, ""height"": 0, ""cell_set_preferred_alias"": ""Exc L4-6 FEZF2 IL26"", ""leaf"": true, ""nodePar.pch"": 19, ""nodePar.cex"": 2, ""nodePar.lab.cex"": 0.25, ""nodePar.lab.col"": ""#73CA95"", ""nodePar.col"": ""#73CA95"", ""cell_set_accession"": ""CS1908210064"", ""original_label"": ""Exc L4-6 FEZF2 IL26"", ""cell_set_label"": ""Neuron 064"", ""cell_set_alias"": ""Exc L4-6 FEZF2 IL26"", ""cell_set_additional_aliases"": ""L5 NP"", ""_row"": ""Exc L4-6 FEZF2 IL26"", ""is_leaf"": true}"	http://purl.obolibrary.org/obo/PCL_0014064			
PCL:0014541	Neuron 065-069 - CS1908210141	 - CS1908210141	PCL:0010001	owl:NamedIndividual	PCL:0014540		CS1908210141			n66	Neuron 065-069					"{""members"": 5, ""midpoint"": 1.5625, ""height"": 0.2417, ""cell_set_preferred_alias"": """", ""cell_set_accession"": ""CS1908210141"", ""original_label"": ""n66"", ""cell_set_label"": ""Neuron 065-069"", ""cell_set_alias"": """", ""cell_set_additional_aliases"": """", ""_row"": ""n66""}"				
PCL:0014465	Neuron 065 - CS1908210065	Exc L5-6 FEZF2 ABO - CS1908210065	PCL:0010001	owl:NamedIndividual	PCL:0014541	L6 CT	CS1908210065		Exc L5-6 FEZF2 ABO	Exc L5-6 FEZF2 ABO	Neuron 065		L6 CT			"{""members"": 1, ""height"": 0, ""cell_set_preferred_alias"": ""Exc L5-6 FEZF2 ABO"", ""leaf"": true, ""nodePar.pch"": 19, ""nodePar.cex"": 2, ""nodePar.lab.cex"": 0.25, ""nodePar.lab.col"": ""#1F6666"", ""nodePar.col"": ""#1F6666"", ""cell_set_accession"": ""CS1908210065"", ""original_label"": ""Exc L5-6 FEZF2 ABO"", ""cell_set_label"": ""Neuron 065"", ""cell_set_alias"": ""Exc L5-6 FEZF2 ABO"", ""cell_set_additional_aliases"": ""L6 CT"", ""_row"": ""Exc L5-6 FEZF2 ABO"", ""is_leaf"": true}"	http://purl.obolibrary.org/obo/PCL_0014065			
PCL:0014542	Neuron 066-069 - CS1908210142	L6b - CS1908210142	PCL:0010001	owl:NamedIndividual	PCL:0014541	L6b	CS1908210142		L6b	n67	Neuron 066-069		L6b			"{""members"": 4, ""midpoint"": 2.125, ""height"": 0.1735, ""cell_set_preferred_alias"": ""L6b"", ""cell_set_accession"": ""CS1908210142"", ""original_label"": ""n67"", ""cell_set_label"": ""Neuron 066-069"", ""cell_set_alias"": ""L6b"", ""cell_set_additional_aliases"": ""L6b"", ""_row"": ""n67""}"	http://purl.obolibrary.org/obo/PCL_0014142			
PCL:0014543	Neuron 066-068 - CS1908210143	 - CS1908210143	PCL:0010001	owl:NamedIndividual	PCL:0014542		CS1908210143			n68	Neuron 066-068					"{""members"": 3, ""midpoint"": 1.25, ""height"": 0.1438, ""cell_set_preferred_alias"": """", ""cell_set_accession"": ""CS1908210143"", ""original_label"": ""n68"", ""cell_set_label"": ""Neuron 066-068"", ""cell_set_alias"": """", ""cell_set_additional_aliases"": """", ""_row"": ""n68""}"				
PCL:0014544	Neuron 066-067 - CS1908210144	 - CS1908210144	PCL:0010001	owl:NamedIndividual	PCL:0014543		CS1908210144			n69	Neuron 066-067					"{""members"": 2, ""midpoint"": 0.5, ""height"": 0.1058, ""cell_set_preferred_alias"": """", ""cell_set_accession"": ""CS1908210144"", ""original_label"": ""n69"", ""cell_set_label"": ""Neuron 066-067"", ""cell_set_alias"": """", ""cell_set_additional_aliases"": """", ""_row"": ""n69""}"				
PCL:0014466	Neuron 066 - CS1908210066	Exc L6 FEZF2 SCUBE1 - CS1908210066	PCL:0010001	owl:NamedIndividual	PCL:0014544		CS1908210066		Exc L6 FEZF2 SCUBE1	Exc L6 FEZF2 SCUBE1	Neuron 066					"{""cell_set_preferred_alias"": ""Exc L6 FEZF2 SCUBE1"", ""members"": 1, ""height"": 0, ""leaf"": true, ""nodePar.pch"": 19, ""nodePar.cex"": 2, ""nodePar.lab.cex"": 0.25, ""nodePar.lab.col"": ""#388899"", ""nodePar.col"": ""#388899"", ""cell_set_accession"": ""CS1908210066"", ""original_label"": ""Exc L6 FEZF2 SCUBE1"", ""cell_set_label"": ""Neuron 066"", ""cell_set_alias"": ""Exc L6 FEZF2 SCUBE1"", ""cell_set_additional_aliases"": """", ""_row"": ""Exc L6 FEZF2 SCUBE1"", ""is_leaf"": true}"	http://purl.obolibrary.org/obo/PCL_0014066			
PCL:0014467	Neuron 067 - CS1908210067	Exc L5-6 FEZF2 IL15 - CS1908210067	PCL:0010001	owl:NamedIndividual	PCL:0014544		CS1908210067		Exc L5-6 FEZF2 IL15	Exc L5-6 FEZF2 IL15	Neuron 067					"{""cell_set_preferred_alias"": ""Exc L5-6 FEZF2 IL15"", ""members"": 1, ""height"": 0, ""leaf"": true, ""nodePar.pch"": 19, ""nodePar.cex"": 2, ""nodePar.lab.cex"": 0.25, ""nodePar.lab.col"": ""#336D99"", ""nodePar.col"": ""#336D99"", ""cell_set_accession"": ""CS1908210067"", ""original_label"": ""Exc L5-6 FEZF2 IL15"", ""cell_set_label"": ""Neuron 067"", ""cell_set_alias"": ""Exc L5-6 FEZF2 IL15"", ""cell_set_additional_aliases"": """", ""_row"": ""Exc L5-6 FEZF2 IL15"", ""is_leaf"": true}"	http://purl.obolibrary.org/obo/PCL_0014067			
PCL:0014468	Neuron 068 - CS1908210068	Exc L6 FEZF2 OR2T8 - CS1908210068	PCL:0010001	owl:NamedIndividual	PCL:0014543		CS1908210068		Exc L6 FEZF2 OR2T8	Exc L6 FEZF2 OR2T8	Neuron 068					"{""members"": 1, ""height"": 0, ""cell_set_preferred_alias"": ""Exc L6 FEZF2 OR2T8"", ""leaf"": true, ""nodePar.pch"": 19, ""nodePar.cex"": 2, ""nodePar.lab.cex"": 0.25, ""nodePar.lab.col"": ""#254566"", ""nodePar.col"": ""#254566"", ""cell_set_accession"": ""CS1908210068"", ""original_label"": ""Exc L6 FEZF2 OR2T8"", ""cell_set_label"": ""Neuron 068"", ""cell_set_alias"": ""Exc L6 FEZF2 OR2T8"", ""cell_set_additional_aliases"": """", ""_row"": ""Exc L6 FEZF2 OR2T8"", ""is_leaf"": true}"	http://purl.obolibrary.org/obo/PCL_0014068			
PCL:0014469	Neuron 069 - CS1908210069	Exc L5-6 FEZF2 EFTUD1P1 - CS1908210069	PCL:0010001	owl:NamedIndividual	PCL:0014542		CS1908210069		Exc L5-6 FEZF2 EFTUD1P1	Exc L5-6 FEZF2 EFTUD1P1	Neuron 069					"{""members"": 1, ""height"": 0, ""cell_set_preferred_alias"": ""Exc L5-6 FEZF2 EFTUD1P1"", ""leaf"": true, ""nodePar.pch"": 19, ""nodePar.cex"": 2, ""nodePar.lab.cex"": 0.25, ""nodePar.lab.col"": ""#335280"", ""nodePar.col"": ""#335280"", ""cell_set_accession"": ""CS1908210069"", ""original_label"": ""Exc L5-6 FEZF2 EFTUD1P1"", ""cell_set_label"": ""Neuron 069"", ""cell_set_alias"": ""Exc L5-6 FEZF2 EFTUD1P1"", ""cell_set_additional_aliases"": """", ""_row"": ""Exc L5-6 FEZF2 EFTUD1P1"", ""is_leaf"": true}"	http://purl.obolibrary.org/obo/PCL_0014069			
PCL:0014545	Non-neuron 001-006 - CS1908210145	Non-neuron - CS1908210145	PCL:0010001	owl:NamedIndividual	PCL:0014476	Non-neuron	CS1908210145		Non-neuron	n70	Non-neuron 001-006		Non-neuron			"{""members"": 6, ""midpoint"": 3.9688, ""height"": 0.8209, ""cell_set_preferred_alias"": ""Non-neuron"", ""cell_set_accession"": ""CS1908210145"", ""original_label"": ""n70"", ""cell_set_label"": ""Non-neuron 001-006"", ""cell_set_alias"": ""Non-neuron"", ""cell_set_additional_aliases"": ""Non-neuron"", ""_row"": ""n70""}"				
PCL:0014546	Non-neuron 001-005 - CS1908210146	 - CS1908210146	PCL:0010001	owl:NamedIndividual	PCL:0014545		CS1908210146			n71	Non-neuron 001-005					"{""members"": 5, ""midpoint"": 2.9375, ""height"": 0.7567, ""cell_set_preferred_alias"": """", ""cell_set_accession"": ""CS1908210146"", ""original_label"": ""n71"", ""cell_set_label"": ""Non-neuron 001-005"", ""cell_set_alias"": """", ""cell_set_additional_aliases"": """", ""_row"": ""n71""}"				
PCL:0014547	Non-neuron 001-004 - CS1908210147	 - CS1908210147	PCL:0010001	owl:NamedIndividual	PCL:0014546		CS1908210147			n72	Non-neuron 001-004					"{""members"": 4, ""midpoint"": 1.875, ""height"": 0.7506, ""cell_set_preferred_alias"": """", ""cell_set_accession"": ""CS1908210147"", ""original_label"": ""n72"", ""cell_set_label"": ""Non-neuron 001-004"", ""cell_set_alias"": """", ""cell_set_additional_aliases"": """", ""_row"": ""n72""}"				
PCL:0014548	Non-neuron 001-003 - CS1908210148	 - CS1908210148	PCL:0010001	owl:NamedIndividual	PCL:0014547		CS1908210148			n73	Non-neuron 001-003					"{""members"": 3, ""midpoint"": 0.75, ""height"": 0.6142, ""cell_set_preferred_alias"": """", ""cell_set_accession"": ""CS1908210148"", ""original_label"": ""n73"", ""cell_set_label"": ""Non-neuron 001-003"", ""cell_set_alias"": """", ""cell_set_additional_aliases"": """", ""_row"": ""n73""}"				
PCL:0014470	Non-neuron 001 - CS1908210070	OPC L1-6 PDGFRA - CS1908210070	PCL:0010001	owl:NamedIndividual	PCL:0014548	OPC	CS1908210070		OPC L1-6 PDGFRA	OPC L1-6 PDGFRA	Non-neuron 001		OPC			"{""members"": 1, ""height"": 0, ""cell_set_preferred_alias"": ""OPC L1-6 PDGFRA"", ""leaf"": true, ""nodePar.pch"": 19, ""nodePar.cex"": 2, ""nodePar.lab.cex"": 0.25, ""nodePar.lab.col"": ""#6B998D"", ""nodePar.col"": ""#6B998D"", ""cell_set_accession"": ""CS1908210070"", ""original_label"": ""OPC L1-6 PDGFRA"", ""cell_set_label"": ""Non-neuron 001"", ""cell_set_alias"": ""OPC L1-6 PDGFRA"", ""cell_set_additional_aliases"": ""OPC"", ""_row"": ""OPC L1-6 PDGFRA"", ""is_leaf"": true}"	http://purl.obolibrary.org/obo/PCL_0014070			
PCL:0014549	Non-neuron 002-003 - CS1908210149	Astrocyte - CS1908210149	PCL:0010001	owl:NamedIndividual	PCL:0014548	Astrocyte	CS1908210149		Astrocyte	n74	Non-neuron 002-003		Astrocyte			"{""members"": 2, ""midpoint"": 0.5, ""height"": 0.1304, ""cell_set_preferred_alias"": ""Astrocyte"", ""cell_set_accession"": ""CS1908210149"", ""original_label"": ""n74"", ""cell_set_label"": ""Non-neuron 002-003"", ""cell_set_alias"": ""Astrocyte"", ""cell_set_additional_aliases"": ""Astrocyte"", ""_row"": ""n74""}"	http://purl.obolibrary.org/obo/PCL_0014149			
PCL:0014471	Non-neuron 002 - CS1908210071	Astro L1-6 FGFR3 SLC14A1 - CS1908210071	PCL:0010001	owl:NamedIndividual	PCL:0014549		CS1908210071		Astro L1-6 FGFR3 SLC14A1	Astro L1-6 FGFR3 SLC14A1	Non-neuron 002					"{""cell_set_preferred_alias"": ""Astro L1-6 FGFR3 SLC14A1"", ""members"": 1, ""height"": 0, ""leaf"": true, ""nodePar.pch"": 19, ""nodePar.cex"": 2, ""nodePar.lab.cex"": 0.25, ""nodePar.lab.col"": ""#665C47"", ""nodePar.col"": ""#665C47"", ""cell_set_accession"": ""CS1908210071"", ""original_label"": ""Astro L1-6 FGFR3 SLC14A1"", ""cell_set_label"": ""Non-neuron 002"", ""cell_set_alias"": ""Astro L1-6 FGFR3 SLC14A1"", ""cell_set_additional_aliases"": """", ""_row"": ""Astro L1-6 FGFR3 SLC14A1"", ""is_leaf"": true}"	http://purl.obolibrary.org/obo/PCL_0014071			
PCL:0014472	Non-neuron 003 - CS1908210072	Astro L1-2 FGFR3 GFAP - CS1908210072	PCL:0010001	owl:NamedIndividual	PCL:0014549		CS1908210072		Astro L1-2 FGFR3 GFAP	Astro L1-2 FGFR3 GFAP	Non-neuron 003					"{""cell_set_preferred_alias"": ""Astro L1-2 FGFR3 GFAP"", ""members"": 1, ""height"": 0, ""leaf"": true, ""nodePar.pch"": 19, ""nodePar.cex"": 2, ""nodePar.lab.cex"": 0.25, ""nodePar.lab.col"": ""#6B8059"", ""nodePar.col"": ""#6B8059"", ""cell_set_accession"": ""CS1908210072"", ""original_label"": ""Astro L1-2 FGFR3 GFAP"", ""cell_set_label"": ""Non-neuron 003"", ""cell_set_alias"": ""Astro L1-2 FGFR3 GFAP"", ""cell_set_additional_aliases"": """", ""_row"": ""Astro L1-2 FGFR3 GFAP"", ""is_leaf"": true}"	http://purl.obolibrary.org/obo/PCL_0014072			
PCL:0014473	Non-neuron 004 - CS1908210073	Oligo L1-6 OPALIN - CS1908210073	PCL:0010001	owl:NamedIndividual	PCL:0014547	Oligodendrocyte	CS1908210073		Oligo L1-6 OPALIN	Oligo L1-6 OPALIN	Non-neuron 004		Oligodendrocyte			"{""members"": 1, ""height"": 0, ""cell_set_preferred_alias"": ""Oligo L1-6 OPALIN"", ""leaf"": true, ""nodePar.pch"": 19, ""nodePar.cex"": 2, ""nodePar.lab.cex"": 0.25, ""nodePar.lab.col"": ""#476662"", ""nodePar.col"": ""#476662"", ""cell_set_accession"": ""CS1908210073"", ""original_label"": ""Oligo L1-6 OPALIN"", ""cell_set_label"": ""Non-neuron 004"", ""cell_set_alias"": ""Oligo L1-6 OPALIN"", ""cell_set_additional_aliases"": ""Oligodendrocyte"", ""_row"": ""Oligo L1-6 OPALIN"", ""is_leaf"": true}"	http://purl.obolibrary.org/obo/PCL_0014073			
PCL:0014474	Non-neuron 005 - CS1908210074	Endo L2-6 NOSTRIN - CS1908210074	PCL:0010001	owl:NamedIndividual	PCL:0014546	Endothelial	CS1908210074		Endo L2-6 NOSTRIN	Endo L2-6 NOSTRIN	Non-neuron 005		Endothelial			"{""members"": 1, ""height"": 0, ""cell_set_preferred_alias"": ""Endo L2-6 NOSTRIN"", ""leaf"": true, ""nodePar.pch"": 19, ""nodePar.cex"": 2, ""nodePar.lab.cex"": 0.25, ""nodePar.lab.col"": ""#99796B"", ""nodePar.col"": ""#99796B"", ""cell_set_accession"": ""CS1908210074"", ""original_label"": ""Endo L2-6 NOSTRIN"", ""cell_set_label"": ""Non-neuron 005"", ""cell_set_alias"": ""Endo L2-6 NOSTRIN"", ""cell_set_additional_aliases"": ""Endothelial"", ""_row"": ""Endo L2-6 NOSTRIN"", ""is_leaf"": true}"	http://purl.obolibrary.org/obo/PCL_0014074			
PCL:0014475	Non-neuron 006 - CS1908210075	Micro L1-6 TYROBP - CS1908210075	PCL:0010001	owl:NamedIndividual	PCL:0014545	Microglia	CS1908210075		Micro L1-6 TYROBP	Micro L1-6 TYROBP	Non-neuron 006		Microglia			"{""members"": 1, ""height"": 0, ""cell_set_preferred_alias"": ""Micro L1-6 TYROBP"", ""leaf"": true, ""nodePar.pch"": 19, ""nodePar.cex"": 2, ""nodePar.lab.cex"": 0.25, ""nodePar.lab.col"": ""#598069"", ""nodePar.col"": ""#598069"", ""cell_set_accession"": ""CS1908210075"", ""original_label"": ""Micro L1-6 TYROBP"", ""cell_set_label"": ""Non-neuron 006"", ""cell_set_alias"": ""Micro L1-6 TYROBP"", ""cell_set_additional_aliases"": ""Microglia"", ""_row"": ""Micro L1-6 TYROBP"", ""is_leaf"": true}"	http://purl.obolibrary.org/obo/PCL_0014075			
