cell_set_preferred_alias,original_label,cell_set_label,cell_set_accession,cell_set_aligned_alias,cell_set_additional_aliases,cell_set_alias_assignee,cell_set_alias_citation,cell_set_structure,cell_set_ontology_tag,species,modality,taxonomy_id,taxonomy_description,child_cell_set_accessions,cell_type_card,cell_set_color
Lamp5-like Pax6,Lamp5 Pax6,RNAseq 001,CS202002013_1,Lamp5_4,Lamp5 Pax6,Zizhen Yao|Nikolas Jorstad|Zizhen Yao,PMID:34616066|PMID:34616062|PMID:34616066,primary motor cortex,UBERON:0001384,Mouse,RNAseq,CCN202002013,Mouse MOp BICCN taxonomy using multiple RNA-Seq datasets ,,Cell Type,#DDACC9
Lamp5-like Egln3_1,Lamp5 Egln3_1,RNAseq 002,CS202002013_2,Sncg_4,Alpha7 cell,Zizhen Yao|Nikolas Jorstad|Federico Scala,PMID:34616066|PMID:34616062|PMID:33184512,primary motor cortex,UBERON:0001384,Mouse,RNAseq,CCN202002013,Mouse MOp BICCN taxonomy using multiple RNA-Seq datasets ,,Cell Type,#FF88AD
Lamp5 Egln3_2,Lamp5 Egln3_2,RNAseq 003,CS202002013_3,,Canopy cell,Zizhen Yao|Federico Scala|Zizhen Yao,PMID:34616066|PMID:33184512|PMID:34616066,primary motor cortex,UBERON:0001384,Mouse,RNAseq,CCN202002013,Mouse MOp BICCN taxonomy using multiple RNA-Seq datasets ,,Cell Type,#DD8091
Lamp5 Egln3_3,Lamp5 Egln3_3,RNAseq 004,CS202002013_4,,Lamp5 Egln3_3,Zizhen Yao,PMID:34616066,primary motor cortex,UBERON:0001384,Mouse,RNAseq,CCN202002013,Mouse MOp BICCN taxonomy using multiple RNA-Seq datasets ,,Cell Type,#F08E98
Lamp5 Pdlim5_1,Lamp5 Pdlim5_1,RNAseq 005,CS202002013_5,Lamp5_1,,Zizhen Yao|Nikolas Jorstad,PMID:34616066|PMID:34616062,primary motor cortex,UBERON:0001384,Mouse,RNAseq,CCN202002013,Mouse MOp BICCN taxonomy using multiple RNA-Seq datasets ,,Cell Type,#FF7290
Lamp5 Pdlim5_2,Lamp5 Pdlim5_2,RNAseq 006,CS202002013_6,,,Zizhen Yao,PMID:34616066,primary motor cortex,UBERON:0001384,Mouse,RNAseq,CCN202002013,Mouse MOp BICCN taxonomy using multiple RNA-Seq datasets ,,Cell Type,#FF8C97
Lamp5 Slc35d3,Lamp5 Slc35d3,RNAseq 007,CS202002013_7,,,Zizhen Yao,PMID:34616066,primary motor cortex,UBERON:0001384,Mouse,RNAseq,CCN202002013,Mouse MOp BICCN taxonomy using multiple RNA-Seq datasets ,,Cell Type,#FFA388
Lamp5 Lhx6,Lamp5 Lhx6,RNAseq 008,CS202002013_8,Lamp5 Lhx6,Lamp5_3|L5/6 neurogliaform cell,Zizhen Yao||Nikolas Jorstad|Federico Scala,PMID:34616066||PMID:34616062|PMID:33184512,primary motor cortex,UBERON:0001384,Mouse,RNAseq,CCN202002013,Mouse MOp BICCN taxonomy using multiple RNA-Seq datasets ,,Cell Type,#C77963
Sncg Col14a1,Sncg Col14a1,RNAseq 009,CS202002013_9,,,Zizhen Yao,PMID:34616066,primary motor cortex,UBERON:0001384,Mouse,RNAseq,CCN202002013,Mouse MOp BICCN taxonomy using multiple RNA-Seq datasets ,,Cell Type,#7E0ACB
Sncg Slc17a8,Sncg Slc17a8,RNAseq 010,CS202002013_10,,,Zizhen Yao,PMID:34616066,primary motor cortex,UBERON:0001384,Mouse,RNAseq,CCN202002013,Mouse MOp BICCN taxonomy using multiple RNA-Seq datasets ,,Cell Type,#9440F3
Sncg Calb1_1,Sncg Calb1_1,RNAseq 011,CS202002013_11,,,Zizhen Yao,PMID:34616066,primary motor cortex,UBERON:0001384,Mouse,RNAseq,CCN202002013,Mouse MOp BICCN taxonomy using multiple RNA-Seq datasets ,,Cell Type,#9611B6
Sncg Calb1_2,Sncg Calb1_2,RNAseq 012,CS202002013_12,,,Zizhen Yao,PMID:34616066,primary motor cortex,UBERON:0001384,Mouse,RNAseq,CCN202002013,Mouse MOp BICCN taxonomy using multiple RNA-Seq datasets ,,Cell Type,#9900B3
Sncg Npy2r,Sncg Npy2r,RNAseq 013,CS202002013_13,,,Zizhen Yao,PMID:34616066,primary motor cortex,UBERON:0001384,Mouse,RNAseq,CCN202002013,Mouse MOp BICCN taxonomy using multiple RNA-Seq datasets ,,Cell Type,#7A0099
Vip Sncg,Vip Sncg,RNAseq 014,CS202002013_14,,Small CCK basket cell,Zizhen Yao|Federico Scala,PMID:34616066|PMID:33184512,primary motor cortex,UBERON:0001384,Mouse,RNAseq,CCN202002013,Mouse MOp BICCN taxonomy using multiple RNA-Seq datasets ,,Cell Type,#AA4DB5
Vip Serpinf1_1,Vip Serpinf1_1,RNAseq 015,CS202002013_15,,,Zizhen Yao,PMID:34616066,primary motor cortex,UBERON:0001384,Mouse,RNAseq,CCN202002013,Mouse MOp BICCN taxonomy using multiple RNA-Seq datasets ,,Cell Type,#A720FF
Vip Serpinf1_2,Vip Serpinf1_2,RNAseq 016,CS202002013_16,,,Zizhen Yao,PMID:34616066,primary motor cortex,UBERON:0001384,Mouse,RNAseq,CCN202002013,Mouse MOp BICCN taxonomy using multiple RNA-Seq datasets ,,Cell Type,#AB1DFF
Vip-like Serpinf1_3,Vip Serpinf1_3,RNAseq 017,CS202002013_17,,Vip Serpinf1_3,Zizhen Yao,PMID:34616066,primary motor cortex,UBERON:0001384,Mouse,RNAseq,CCN202002013,Mouse MOp BICCN taxonomy using multiple RNA-Seq datasets ,,Cell Type,#FF5FCD
Vip Htr1f,Vip Htr1f,RNAseq 018,CS202002013_18,,,Zizhen Yao,PMID:34616066,primary motor cortex,UBERON:0001384,Mouse,RNAseq,CCN202002013,Mouse MOp BICCN taxonomy using multiple RNA-Seq datasets ,,Cell Type,#FF4DC1
Vip Gpc3,Vip Gpc3,RNAseq 019,CS202002013_19,,,Zizhen Yao,PMID:34616066,primary motor cortex,UBERON:0001384,Mouse,RNAseq,CCN202002013,Mouse MOp BICCN taxonomy using multiple RNA-Seq datasets ,,Cell Type,#B09FFF
Vip C1ql1,Vip C1ql1,RNAseq 020,CS202002013_20,,,Zizhen Yao,PMID:34616066,primary motor cortex,UBERON:0001384,Mouse,RNAseq,CCN202002013,Mouse MOp BICCN taxonomy using multiple RNA-Seq datasets ,,Cell Type,#BD3D9A
Vip Mybpc1_2,Vip Mybpc1_2,RNAseq 021,CS202002013_21,,,Zizhen Yao,PMID:34616066,primary motor cortex,UBERON:0001384,Mouse,RNAseq,CCN202002013,Mouse MOp BICCN taxonomy using multiple RNA-Seq datasets ,,Cell Type,#992E81
Vip Mybpc1_1,Vip Mybpc1_1,RNAseq 022,CS202002013_22,,,Zizhen Yao,PMID:34616066,primary motor cortex,UBERON:0001384,Mouse,RNAseq,CCN202002013,Mouse MOp BICCN taxonomy using multiple RNA-Seq datasets ,,Cell Type,#F70CF3
Vip Chat_1,Vip Chat_1,RNAseq 023,CS202002013_23,,,Zizhen Yao,PMID:34616066,primary motor cortex,UBERON:0001384,Mouse,RNAseq,CCN202002013,Mouse MOp BICCN taxonomy using multiple RNA-Seq datasets ,,Cell Type,#FF00FF
Vip Mybpc1_3,Vip Mybpc1_3,RNAseq 024,CS202002013_24,,,Zizhen Yao,PMID:34616066,primary motor cortex,UBERON:0001384,Mouse,RNAseq,CCN202002013,Mouse MOp BICCN taxonomy using multiple RNA-Seq datasets ,,Cell Type,#AB379C
Vip Chat_2,Vip Chat_2,RNAseq 025,CS202002013_25,,,Zizhen Yao,PMID:34616066,primary motor cortex,UBERON:0001384,Mouse,RNAseq,CCN202002013,Mouse MOp BICCN taxonomy using multiple RNA-Seq datasets ,,Cell Type,#B3128A
Vip-like Igfbp6_1,Vip Igfbp6_1,RNAseq 026,CS202002013_26,,Vip Igfbp6_1,Zizhen Yao,PMID:34616066,primary motor cortex,UBERON:0001384,Mouse,RNAseq,CCN202002013,Mouse MOp BICCN taxonomy using multiple RNA-Seq datasets ,,Cell Type,#7779BF
Vip Igfbp6_2,Vip Igfbp6_2,RNAseq 027,CS202002013_27,,,Zizhen Yao,PMID:34616066,primary motor cortex,UBERON:0001384,Mouse,RNAseq,CCN202002013,Mouse MOp BICCN taxonomy using multiple RNA-Seq datasets ,,Cell Type,#626EB8
Sst Chodl,Sst Chodl,RNAseq 028,CS202002013_28,Sst Chodl,Sst Chodl|Long-projecting SST cell,Zizhen Yao||Nikolas Jorstad|Federico Scala,PMID:34616066||PMID:34616062|PMID:33184512,primary motor cortex,UBERON:0001384,Mouse,RNAseq,CCN202002013,Mouse MOp BICCN taxonomy using multiple RNA-Seq datasets ,,"Cell Type,Subclass",#FFFF00
Sst Penk,Sst Penk,RNAseq 029,CS202002013_29,,,Zizhen Yao,PMID:34616066,primary motor cortex,UBERON:0001384,Mouse,RNAseq,CCN202002013,Mouse MOp BICCN taxonomy using multiple RNA-Seq datasets ,,Cell Type,#FF8011
Sst Myh8_1,Sst Myh8_1,RNAseq 030,CS202002013_30,,,Zizhen Yao,PMID:34616066,primary motor cortex,UBERON:0001384,Mouse,RNAseq,CCN202002013,Mouse MOp BICCN taxonomy using multiple RNA-Seq datasets ,,Cell Type,#FF9F2C
Sst Myh8_2,Sst Myh8_2,RNAseq 031,CS202002013_31,,,Zizhen Yao,PMID:34616066,primary motor cortex,UBERON:0001384,Mouse,RNAseq,CCN202002013,Mouse MOp BICCN taxonomy using multiple RNA-Seq datasets ,,Cell Type,#FFB307
Sst Myh8_3,Sst Myh8_3,RNAseq 032,CS202002013_32,,,Zizhen Yao,PMID:34616066,primary motor cortex,UBERON:0001384,Mouse,RNAseq,CCN202002013,Mouse MOp BICCN taxonomy using multiple RNA-Seq datasets ,,Cell Type,#FFBF09
Sst Htr1a,Sst Htr1a,RNAseq 033,CS202002013_33,,,Zizhen Yao,PMID:34616066,primary motor cortex,UBERON:0001384,Mouse,RNAseq,CCN202002013,Mouse MOp BICCN taxonomy using multiple RNA-Seq datasets ,,Cell Type,#BFAF00
Sst Etv1,Sst Etv1,RNAseq 034,CS202002013_34,,,Zizhen Yao,PMID:34616066,primary motor cortex,UBERON:0001384,Mouse,RNAseq,CCN202002013,Mouse MOp BICCN taxonomy using multiple RNA-Seq datasets ,,Cell Type,#FFB22B
Sst Pvalb Etv1,Sst Pvalb Etv1,RNAseq 035,CS202002013_35,,,Zizhen Yao,PMID:34616066,primary motor cortex,UBERON:0001384,Mouse,RNAseq,CCN202002013,Mouse MOp BICCN taxonomy using multiple RNA-Seq datasets ,,Cell Type,#D9C566
Sst Crhr2_1,Sst Crhr2_1,RNAseq 036,CS202002013_36,,,Zizhen Yao,PMID:34616066,primary motor cortex,UBERON:0001384,Mouse,RNAseq,CCN202002013,Mouse MOp BICCN taxonomy using multiple RNA-Seq datasets ,,Cell Type,#BE8652
Sst Crhr2_2,Sst Crhr2_2,RNAseq 037,CS202002013_37,Sst_4,,Zizhen Yao|Nikolas Jorstad,PMID:34616066|PMID:34616062,primary motor cortex,UBERON:0001384,Mouse,RNAseq,CCN202002013,Mouse MOp BICCN taxonomy using multiple RNA-Seq datasets ,,Cell Type,#B0993C
Sst Hpse,Sst Hpse,RNAseq 038,CS202002013_38,,L4 SST cell,Zizhen Yao|Federico Scala,PMID:34616066|PMID:33184512,primary motor cortex,UBERON:0001384,Mouse,RNAseq,CCN202002013,Mouse MOp BICCN taxonomy using multiple RNA-Seq datasets ,,Cell Type,#CDB115
Sst Calb2,Sst Calb2,RNAseq 039,CS202002013_39,,,Zizhen Yao,PMID:34616066,primary motor cortex,UBERON:0001384,Mouse,RNAseq,CCN202002013,Mouse MOp BICCN taxonomy using multiple RNA-Seq datasets ,,Cell Type,#D2A328
Sst Pappa,Sst Pappa,RNAseq 040,CS202002013_40,,,Zizhen Yao,PMID:34616066,primary motor cortex,UBERON:0001384,Mouse,RNAseq,CCN202002013,Mouse MOp BICCN taxonomy using multiple RNA-Seq datasets ,,Cell Type,#635821
Sst Pvalb Calb2,Sst Pvalb Calb2,RNAseq 041,CS202002013_41,,L2/3 PV-like cell,Zizhen Yao|Federico Scala,PMID:34616066|PMID:33184512,primary motor cortex,UBERON:0001384,Mouse,RNAseq,CCN202002013,Mouse MOp BICCN taxonomy using multiple RNA-Seq datasets ,,Cell Type,#784F14
Sst C1ql3_1,Sst C1ql3_1,RNAseq 042,CS202002013_42,Sst_5,,Zizhen Yao|Nikolas Jorstad,PMID:34616066|PMID:34616062,primary motor cortex,UBERON:0001384,Mouse,RNAseq,CCN202002013,Mouse MOp BICCN taxonomy using multiple RNA-Seq datasets ,,Cell Type,#802600
Sst C1ql3_2,Sst C1ql3_2,RNAseq 043,CS202002013_43,,,Zizhen Yao,PMID:34616066,primary motor cortex,UBERON:0001384,Mouse,RNAseq,CCN202002013,Mouse MOp BICCN taxonomy using multiple RNA-Seq datasets ,,Cell Type,#8A2B1A
Sst Tac2,Sst Tac2,RNAseq 044,CS202002013_44,,,Zizhen Yao,PMID:34616066,primary motor cortex,UBERON:0001384,Mouse,RNAseq,CCN202002013,Mouse MOp BICCN taxonomy using multiple RNA-Seq datasets ,,Cell Type,#804600
Sst Th_1,Sst Th_1,RNAseq 045,CS202002013_45,,,Zizhen Yao,PMID:34616066,primary motor cortex,UBERON:0001384,Mouse,RNAseq,CCN202002013,Mouse MOp BICCN taxonomy using multiple RNA-Seq datasets ,,Cell Type,#8C6012
Sst Th_2,Sst Th_2,RNAseq 046,CS202002013_46,,,Zizhen Yao,PMID:34616066,primary motor cortex,UBERON:0001384,Mouse,RNAseq,CCN202002013,Mouse MOp BICCN taxonomy using multiple RNA-Seq datasets ,,Cell Type,#A81111
Sst Th_3,Sst Th_3,RNAseq 047,CS202002013_47,Sst_7,,Zizhen Yao|Nikolas Jorstad,PMID:34616066|PMID:34616062,primary motor cortex,UBERON:0001384,Mouse,RNAseq,CCN202002013,Mouse MOp BICCN taxonomy using multiple RNA-Seq datasets ,,Cell Type,#9B211B
Pvalb Gabrg1,Pvalb Gabrg1,RNAseq 048,CS202002013_48,,L6 FS cell w/ large sag,Zizhen Yao|Federico Scala,PMID:34616066|PMID:33184512,primary motor cortex,UBERON:0001384,Mouse,RNAseq,CCN202002013,Mouse MOp BICCN taxonomy using multiple RNA-Seq datasets ,,Cell Type,#ED4C50
Pvalb Egfem1,Pvalb Egfem1,RNAseq 049,CS202002013_49,,,Zizhen Yao,PMID:34616066,primary motor cortex,UBERON:0001384,Mouse,RNAseq,CCN202002013,Mouse MOp BICCN taxonomy using multiple RNA-Seq datasets ,,Cell Type,#C05661
Pvalb Gpr149,Pvalb Gpr149,RNAseq 050,CS202002013_50,,,Zizhen Yao,PMID:34616066,primary motor cortex,UBERON:0001384,Mouse,RNAseq,CCN202002013,Mouse MOp BICCN taxonomy using multiple RNA-Seq datasets ,,Cell Type,#E62A5D
Pvalb Kank4,Pvalb Kank4,RNAseq 051,CS202002013_51,,,Zizhen Yao,PMID:34616066,primary motor cortex,UBERON:0001384,Mouse,RNAseq,CCN202002013,Mouse MOp BICCN taxonomy using multiple RNA-Seq datasets ,,Cell Type,#BC4B11
Pvalb Calb1_1,Pvalb Calb1_1,RNAseq 052,CS202002013_52,,,Zizhen Yao,PMID:34616066,primary motor cortex,UBERON:0001384,Mouse,RNAseq,CCN202002013,Mouse MOp BICCN taxonomy using multiple RNA-Seq datasets ,,Cell Type,#B6411E
Pvalb Calb1_2,Pvalb Calb1_2,RNAseq 053,CS202002013_53,,,Zizhen Yao,PMID:34616066,primary motor cortex,UBERON:0001384,Mouse,RNAseq,CCN202002013,Mouse MOp BICCN taxonomy using multiple RNA-Seq datasets ,,Cell Type,#BC2D71
Pvalb Reln,Pvalb Reln,RNAseq 054,CS202002013_54,,,Zizhen Yao,PMID:34616066,primary motor cortex,UBERON:0001384,Mouse,RNAseq,CCN202002013,Mouse MOp BICCN taxonomy using multiple RNA-Seq datasets ,,Cell Type,#9C4165
Pvalb Il1rapl2,Pvalb Il1rapl2,RNAseq 055,CS202002013_55,,,Zizhen Yao,PMID:34616066,primary motor cortex,UBERON:0001384,Mouse,RNAseq,CCN202002013,Mouse MOp BICCN taxonomy using multiple RNA-Seq datasets ,,Cell Type,#BC2C41
Pvalb Vipr2_1,Pvalb Vipr2_1,RNAseq 056,CS202002013_56,,,Zizhen Yao,PMID:34616066,primary motor cortex,UBERON:0001384,Mouse,RNAseq,CCN202002013,Mouse MOp BICCN taxonomy using multiple RNA-Seq datasets ,,Cell Type,#FF197F
Pvalb Vipr2_2,Pvalb Vipr2_2,RNAseq 057,CS202002013_57,,,Zizhen Yao,PMID:34616066,primary motor cortex,UBERON:0001384,Mouse,RNAseq,CCN202002013,Mouse MOp BICCN taxonomy using multiple RNA-Seq datasets ,,Cell Type,#F4358B
L2/3 IT_1,L2/3 IT_1,RNAseq 058,CS202002013_58,,,Zizhen Yao,PMID:34616066,primary motor cortex,UBERON:0001384,Mouse,RNAseq,CCN202002013,Mouse MOp BICCN taxonomy using multiple RNA-Seq datasets ,,Cell Type,#00FF34
L2/3 IT_2,L2/3 IT_2,RNAseq 059,CS202002013_59,,,Zizhen Yao,PMID:34616066,primary motor cortex,UBERON:0001384,Mouse,RNAseq,CCN202002013,Mouse MOp BICCN taxonomy using multiple RNA-Seq datasets ,,Cell Type,#07D945
L2/3 IT_3,L2/3 IT_3,RNAseq 060,CS202002013_60,,,Zizhen Yao,PMID:34616066,primary motor cortex,UBERON:0001384,Mouse,RNAseq,CCN202002013,Mouse MOp BICCN taxonomy using multiple RNA-Seq datasets ,,Cell Type,#2EB934
L4/5 IT_1,L4/5 IT_1,RNAseq 061,CS202002013_61,L4 IT,,Zizhen Yao|Nikolas Jorstad,PMID:34616066|PMID:34616062,primary motor cortex,UBERON:0001384,Mouse,RNAseq,CCN202002013,Mouse MOp BICCN taxonomy using multiple RNA-Seq datasets ,,Cell Type,#09CCC6
L4/5 IT_2,L4/5 IT_2,RNAseq 062,CS202002013_62,L4/5 IT,,Zizhen Yao|Nikolas Jorstad,PMID:34616066|PMID:34616062,primary motor cortex,UBERON:0001384,Mouse,RNAseq,CCN202002013,Mouse MOp BICCN taxonomy using multiple RNA-Seq datasets ,,Cell Type,#52B8AA
L5 IT_1,L5 IT_1,RNAseq 063,CS202002013_63,,,Zizhen Yao,PMID:34616066,primary motor cortex,UBERON:0001384,Mouse,RNAseq,CCN202002013,Mouse MOp BICCN taxonomy using multiple RNA-Seq datasets ,,Cell Type,#58D2C1
L5 IT_2,L5 IT_2,RNAseq 064,CS202002013_64,,,Zizhen Yao,PMID:34616066,primary motor cortex,UBERON:0001384,Mouse,RNAseq,CCN202002013,Mouse MOp BICCN taxonomy using multiple RNA-Seq datasets ,,Cell Type,#4A9F93
L5 IT_3,L5 IT_3,RNAseq 065,CS202002013_65,,,Zizhen Yao,PMID:34616066,primary motor cortex,UBERON:0001384,Mouse,RNAseq,CCN202002013,Mouse MOp BICCN taxonomy using multiple RNA-Seq datasets ,,Cell Type,#4EAC9C
L5 IT_4,L5 IT_4,RNAseq 066,CS202002013_66,,,Zizhen Yao,PMID:34616066,primary motor cortex,UBERON:0001384,Mouse,RNAseq,CCN202002013,Mouse MOp BICCN taxonomy using multiple RNA-Seq datasets ,,Cell Type,#52B4B8
L6 IT_1,L6 IT_1,RNAseq 067,CS202002013_67,L6 IT_1,,Zizhen Yao|Nikolas Jorstad,PMID:34616066|PMID:34616062,primary motor cortex,UBERON:0001384,Mouse,RNAseq,CCN202002013,Mouse MOp BICCN taxonomy using multiple RNA-Seq datasets ,,Cell Type,#B2AD23
L6 IT_2,L6 IT_2,RNAseq 068,CS202002013_68,,,Zizhen Yao,PMID:34616066,primary motor cortex,UBERON:0001384,Mouse,RNAseq,CCN202002013,Mouse MOp BICCN taxonomy using multiple RNA-Seq datasets ,,Cell Type,#81791F
L6 IT Car3,L6 IT Car3,RNAseq 069,CS202002013_69,L6 IT Car3,L6 IT_3|Claustrum-like IT,Zizhen Yao||Nikolas Jorstad|Federico Scala,PMID:34616066||PMID:34616062|PMID:33184512,primary motor cortex,UBERON:0001384,Mouse,RNAseq,CCN202002013,Mouse MOp BICCN taxonomy using multiple RNA-Seq datasets ,,"Cell Type,Subclass",#5100FF
L5 ET_1,L5 ET_1,RNAseq 070,CS202002013_70,,MY-projecting L5 ET|L5 ET (MY-projecting)|L5 PT_1,Zizhen Yao|Federico Scala|Bosiljka Tasic,PMID:34616066|PMID:33184512|PMID:30382198,primary motor cortex,UBERON:0001384,Mouse,RNAseq,CCN202002013,Mouse MOp BICCN taxonomy using multiple RNA-Seq datasets ,,Cell Type,#0D5D7E
L5 ET_2,L5 ET_2,RNAseq 071,CS202002013_71,L5 ET_2,L5 PT_2,Zizhen Yao|Nikolas Jorstad,PMID:34616066|PMID:34616062,primary motor cortex,UBERON:0001384,Mouse,RNAseq,CCN202002013,Mouse MOp BICCN taxonomy using multiple RNA-Seq datasets ,,Cell Type,#0B77A5
L5 ET_3,L5 ET_3,RNAseq 072,CS202002013_72,,L5 PT_3,Zizhen Yao,PMID:34616066,primary motor cortex,UBERON:0001384,Mouse,RNAseq,CCN202002013,Mouse MOp BICCN taxonomy using multiple RNA-Seq datasets ,,Cell Type,#0B8AA5
L5 ET_4,L5 ET_4,RNAseq 073,CS202002013_73,,L5 PT_4,Zizhen Yao,PMID:34616066,primary motor cortex,UBERON:0001384,Mouse,RNAseq,CCN202002013,Mouse MOp BICCN taxonomy using multiple RNA-Seq datasets ,,Cell Type,#0A75B1
L5/6 NP CT,L5/6 NP CT,RNAseq 074,CS202002013_74,L5 IT_3,,Zizhen Yao|Nikolas Jorstad,PMID:34616066|PMID:34616062,primary motor cortex,UBERON:0001384,Mouse,RNAseq,CCN202002013,Mouse MOp BICCN taxonomy using multiple RNA-Seq datasets ,,Cell Type,#1AAB99
L6 CT Gpr139,L6 CT Gpr139,RNAseq 075,CS202002013_75,,,Zizhen Yao,PMID:34616066,primary motor cortex,UBERON:0001384,Mouse,RNAseq,CCN202002013,Mouse MOp BICCN taxonomy using multiple RNA-Seq datasets ,,Cell Type,#168577
L6 CT Cpa6,L6 CT Cpa6,RNAseq 076,CS202002013_76,L6 CT_2,,Zizhen Yao|Nikolas Jorstad,PMID:34616066|PMID:34616062,primary motor cortex,UBERON:0001384,Mouse,RNAseq,CCN202002013,Mouse MOp BICCN taxonomy using multiple RNA-Seq datasets ,,Cell Type,#338C5E
L6 CT Grp,L6 CT Grp,RNAseq 077,CS202002013_77,,,Zizhen Yao,PMID:34616066,primary motor cortex,UBERON:0001384,Mouse,RNAseq,CCN202002013,Mouse MOp BICCN taxonomy using multiple RNA-Seq datasets ,,Cell Type,#2FBCE5
L6 CT Pou3f2,L6 CT Pou3f2,RNAseq 078,CS202002013_78,,,Zizhen Yao,PMID:34616066,primary motor cortex,UBERON:0001384,Mouse,RNAseq,CCN202002013,Mouse MOp BICCN taxonomy using multiple RNA-Seq datasets ,,Cell Type,#3E766C
L6 CT Kit_1,L6 CT Kit_1,RNAseq 079,CS202002013_79,,,Zizhen Yao,PMID:34616066,primary motor cortex,UBERON:0001384,Mouse,RNAseq,CCN202002013,Mouse MOp BICCN taxonomy using multiple RNA-Seq datasets ,,Cell Type,#516B78
L6 CT Kit_2,L6 CT Kit_2,RNAseq 080,CS202002013_80,,,Zizhen Yao,PMID:34616066,primary motor cortex,UBERON:0001384,Mouse,RNAseq,CCN202002013,Mouse MOp BICCN taxonomy using multiple RNA-Seq datasets ,,Cell Type,#557361
L6b Col6a1,L6b Col6a1,RNAseq 081,CS202002013_81,,,Zizhen Yao,PMID:34616066,primary motor cortex,UBERON:0001384,Mouse,RNAseq,CCN202002013,Mouse MOp BICCN taxonomy using multiple RNA-Seq datasets ,,Cell Type,#69419D
L6b Shisa6_1,L6b Shisa6_1,RNAseq 082,CS202002013_82,,,Zizhen Yao,PMID:34616066,primary motor cortex,UBERON:0001384,Mouse,RNAseq,CCN202002013,Mouse MOp BICCN taxonomy using multiple RNA-Seq datasets ,,Cell Type,#46306A
L6b Shisa6_2,L6b Shisa6_2,RNAseq 083,CS202002013_83,,,Zizhen Yao,PMID:34616066,primary motor cortex,UBERON:0001384,Mouse,RNAseq,CCN202002013,Mouse MOp BICCN taxonomy using multiple RNA-Seq datasets ,,Cell Type,#464576
L6b Ror1,L6b Ror1,RNAseq 084,CS202002013_84,,,Zizhen Yao,PMID:34616066,primary motor cortex,UBERON:0001384,Mouse,RNAseq,CCN202002013,Mouse MOp BICCN taxonomy using multiple RNA-Seq datasets ,,Cell Type,#7044AA
L6b Kcnip1,L6b Kcnip1,RNAseq 085,CS202002013_85,,,Zizhen Yao,PMID:34616066,primary motor cortex,UBERON:0001384,Mouse,RNAseq,CCN202002013,Mouse MOp BICCN taxonomy using multiple RNA-Seq datasets ,,Cell Type,#573D90
L5/6 NP_1,L5/6 NP_1,RNAseq 086,CS202002013_86,,,Zizhen Yao,PMID:34616066,primary motor cortex,UBERON:0001384,Mouse,RNAseq,CCN202002013,Mouse MOp BICCN taxonomy using multiple RNA-Seq datasets ,,Cell Type,#48CB80
L5/6 NP_2,L5/6 NP_2,RNAseq 087,CS202002013_87,,,Zizhen Yao,PMID:34616066,primary motor cortex,UBERON:0001384,Mouse,RNAseq,CCN202002013,Mouse MOp BICCN taxonomy using multiple RNA-Seq datasets ,,Cell Type,#3C78BC
L5/6 NP_3,L5/6 NP_3,RNAseq 088,CS202002013_88,,,Zizhen Yao,PMID:34616066,primary motor cortex,UBERON:0001384,Mouse,RNAseq,CCN202002013,Mouse MOp BICCN taxonomy using multiple RNA-Seq datasets ,,Cell Type,#47867A
Meis2 (cluster),Meis2,RNAseq 089,CS202002013_89,,,Zizhen Yao,PMID:34616066,primary motor cortex,UBERON:0001384,Mouse,RNAseq,CCN202002013,Mouse MOp BICCN taxonomy using multiple RNA-Seq datasets ,,Cell Type,#C60C0F
Meis2_Top2a,Meis2_Top2a,RNAseq 090,CS202002013_90,,,Zizhen Yao,PMID:34616066,primary motor cortex,UBERON:0001384,Mouse,RNAseq,CCN202002013,Mouse MOp BICCN taxonomy using multiple RNA-Seq datasets ,,Cell Type,#931010
OPC Pdgfra,OPC Pdgfra,RNAseq 091,CS202002013_91,OPC,OPC,Zizhen Yao,PMID:34616066,primary motor cortex,UBERON:0001384,Mouse,RNAseq,CCN202002013,Mouse MOp BICCN taxonomy using multiple RNA-Seq datasets ,,"Cell Type,Subclass",#2E3E39
Astro_Top2a,Astro_Top2a,RNAseq 092,CS202002013_92,,,Zizhen Yao,PMID:34616066,primary motor cortex,UBERON:0001384,Mouse,RNAseq,CCN202002013,Mouse MOp BICCN taxonomy using multiple RNA-Seq datasets ,,Cell Type,#332F26
Astro Aqp4_Gfap,Astro Aqp4_Gfap,RNAseq 093,CS202002013_93,,,Zizhen Yao,PMID:34616066,primary motor cortex,UBERON:0001384,Mouse,RNAseq,CCN202002013,Mouse MOp BICCN taxonomy using multiple RNA-Seq datasets ,,Cell Type,#5A503F
Astro Aqp4_Slc7a10,Astro Aqp4_Slc7a10,RNAseq 094,CS202002013_94,,,Zizhen Yao,PMID:34616066,primary motor cortex,UBERON:0001384,Mouse,RNAseq,CCN202002013,Mouse MOp BICCN taxonomy using multiple RNA-Seq datasets ,,Cell Type,#8D7C5D
Oligo Enpp6_1,Oligo Enpp6_1,RNAseq 095,CS202002013_95,,,Zizhen Yao,PMID:34616066,primary motor cortex,UBERON:0001384,Mouse,RNAseq,CCN202002013,Mouse MOp BICCN taxonomy using multiple RNA-Seq datasets ,,Cell Type,#374A45
Oligo Enpp6_2,Oligo Enpp6_2,RNAseq 096,CS202002013_96,,,Zizhen Yao,PMID:34616066,primary motor cortex,UBERON:0001384,Mouse,RNAseq,CCN202002013,Mouse MOp BICCN taxonomy using multiple RNA-Seq datasets ,,Cell Type,#5E8A79
Oligo Enpp6_3,Oligo Enpp6_3,RNAseq 097,CS202002013_97,,,Zizhen Yao,PMID:34616066,primary motor cortex,UBERON:0001384,Mouse,RNAseq,CCN202002013,Mouse MOp BICCN taxonomy using multiple RNA-Seq datasets ,,Cell Type,#3F574E
Oligo Enpp6_4,Oligo Enpp6_4,RNAseq 098,CS202002013_98,,,Zizhen Yao,PMID:34616066,primary motor cortex,UBERON:0001384,Mouse,RNAseq,CCN202002013,Mouse MOp BICCN taxonomy using multiple RNA-Seq datasets ,,Cell Type,#65978A
Oligo Opalin_1,Oligo Opalin_1,RNAseq 099,CS202002013_99,Oligo_1,,Zizhen Yao|Nikolas Jorstad,PMID:34616066|PMID:34616062,primary motor cortex,UBERON:0001384,Mouse,RNAseq,CCN202002013,Mouse MOp BICCN taxonomy using multiple RNA-Seq datasets ,,Cell Type,#474662
Oligo Opalin_2,Oligo Opalin_2,RNAseq 100,CS202002013_100,,,Zizhen Yao,PMID:34616066,primary motor cortex,UBERON:0001384,Mouse,RNAseq,CCN202002013,Mouse MOp BICCN taxonomy using multiple RNA-Seq datasets ,,Cell Type,#6CA491
Oligo Opalin_3,Oligo Opalin_3,RNAseq 101,CS202002013_101,,,Zizhen Yao,PMID:34616066,primary motor cortex,UBERON:0001384,Mouse,RNAseq,CCN202002013,Mouse MOp BICCN taxonomy using multiple RNA-Seq datasets ,,Cell Type,#4F7165
Oligo Opalin_4,Oligo Opalin_4,RNAseq 102,CS202002013_102,,,Zizhen Yao,PMID:34616066,primary motor cortex,UBERON:0001384,Mouse,RNAseq,CCN202002013,Mouse MOp BICCN taxonomy using multiple RNA-Seq datasets ,,Cell Type,#72B09C
Endo,Endo,RNAseq 103,CS202002013_103,Endothelial,Endo,Zizhen Yao,PMID:34616066,primary motor cortex,UBERON:0001384,Mouse,RNAseq,CCN202002013,Mouse MOp BICCN taxonomy using multiple RNA-Seq datasets ,,"Cell Type,Subclass",#8D6A62
VLMC_1,VLMC_1,RNAseq 104,CS202002013_104,,,Zizhen Yao,PMID:34616066,primary motor cortex,UBERON:0001384,Mouse,RNAseq,CCN202002013,Mouse MOp BICCN taxonomy using multiple RNA-Seq datasets ,,Cell Type,#3B3F32
VLMC_2,VLMC_2,RNAseq 105,CS202002013_105,,,Zizhen Yao,PMID:34616066,primary motor cortex,UBERON:0001384,Mouse,RNAseq,CCN202002013,Mouse MOp BICCN taxonomy using multiple RNA-Seq datasets ,,Cell Type,#697255
VLMC_3,VLMC_3,RNAseq 106,CS202002013_106,,,Zizhen Yao,PMID:34616066,primary motor cortex,UBERON:0001384,Mouse,RNAseq,CCN202002013,Mouse MOp BICCN taxonomy using multiple RNA-Seq datasets ,,Cell Type,#535944
VLMC_4,VLMC_4,RNAseq 107,CS202002013_107,,,Zizhen Yao,PMID:34616066,primary motor cortex,UBERON:0001384,Mouse,RNAseq,CCN202002013,Mouse MOp BICCN taxonomy using multiple RNA-Seq datasets ,,Cell Type,#535945
VLMC_5,VLMC_5,RNAseq 108,CS202002013_108,,,Zizhen Yao,PMID:34616066,primary motor cortex,UBERON:0001384,Mouse,RNAseq,CCN202002013,Mouse MOp BICCN taxonomy using multiple RNA-Seq datasets ,,Cell Type,#535946
VLMC_6,VLMC_6,RNAseq 109,CS202002013_109,,,Zizhen Yao,PMID:34616066,primary motor cortex,UBERON:0001384,Mouse,RNAseq,CCN202002013,Mouse MOp BICCN taxonomy using multiple RNA-Seq datasets ,,Cell Type,#535947
VLMC_7,VLMC_7,RNAseq 110,CS202002013_110,,,Zizhen Yao,PMID:34616066,primary motor cortex,UBERON:0001384,Mouse,RNAseq,CCN202002013,Mouse MOp BICCN taxonomy using multiple RNA-Seq datasets ,,Cell Type,#535948
SMC,SMC,RNAseq 111,CS202002013_111,SMC,,Zizhen Yao,PMID:34616066,primary motor cortex,UBERON:0001384,Mouse,RNAseq,CCN202002013,Mouse MOp BICCN taxonomy using multiple RNA-Seq datasets ,,"Cell Type,Subclass",#A6906F
Peri,Peri,RNAseq 112,CS202002013_112,Pericyte,,Zizhen Yao,PMID:34616066,primary motor cortex,UBERON:0001384,Mouse,RNAseq,CCN202002013,Mouse MOp BICCN taxonomy using multiple RNA-Seq datasets ,,"Cell Type,Subclass",#A77C70
Micro,Micro,RNAseq 113,CS202002013_113,Microglia,,Zizhen Yao,PMID:34616066,primary motor cortex,UBERON:0001384,Mouse,RNAseq,CCN202002013,Mouse MOp BICCN taxonomy using multiple RNA-Seq datasets ,,Cell Type,#6E7C6F
PVM_1,PVM_1,RNAseq 114,CS202002013_114,,,Zizhen Yao,PMID:34616066,primary motor cortex,UBERON:0001384,Mouse,RNAseq,CCN202002013,Mouse MOp BICCN taxonomy using multiple RNA-Seq datasets ,,Cell Type,#8BA38D
PVM_2,PVM_2,RNAseq 115,CS202002013_115,,,Zizhen Yao,PMID:34616066,primary motor cortex,UBERON:0001384,Mouse,RNAseq,CCN202002013,Mouse MOp BICCN taxonomy using multiple RNA-Seq datasets ,,Cell Type,#73967F
PVM_3,PVM_3,RNAseq 116,CS202002013_116,,,Zizhen Yao,PMID:34616066,primary motor cortex,UBERON:0001384,Mouse,RNAseq,CCN202002013,Mouse MOp BICCN taxonomy using multiple RNA-Seq datasets ,,Cell Type,#709F6D
All cells,n1,RNAseq 001-116,CS202002013_117,,,Zizhen Yao,PMID:34616066,primary motor cortex,UBERON:0001384,Mouse,RNAseq,CCN202002013,Mouse MOp BICCN taxonomy using multiple RNA-Seq datasets ,CS202002013_1|CS202002013_2|CS202002013_3|CS202002013_4|CS202002013_5|CS202002013_6|CS202002013_7|CS202002013_8|CS202002013_9|CS202002013_10|CS202002013_11|CS202002013_12|CS202002013_13|CS202002013_14|CS202002013_15|CS202002013_16|CS202002013_17|CS202002013_18|CS202002013_19|CS202002013_20|CS202002013_21|CS202002013_22|CS202002013_23|CS202002013_24|CS202002013_25|CS202002013_26|CS202002013_27|CS202002013_28|CS202002013_29|CS202002013_30|CS202002013_31|CS202002013_32|CS202002013_33|CS202002013_34|CS202002013_35|CS202002013_36|CS202002013_37|CS202002013_38|CS202002013_39|CS202002013_40|CS202002013_41|CS202002013_42|CS202002013_43|CS202002013_44|CS202002013_45|CS202002013_46|CS202002013_47|CS202002013_48|CS202002013_49|CS202002013_50|CS202002013_51|CS202002013_52|CS202002013_53|CS202002013_54|CS202002013_55|CS202002013_56|CS202002013_57|CS202002013_58|CS202002013_59|CS202002013_60|CS202002013_61|CS202002013_62|CS202002013_63|CS202002013_64|CS202002013_65|CS202002013_66|CS202002013_67|CS202002013_68|CS202002013_69|CS202002013_70|CS202002013_71|CS202002013_72|CS202002013_73|CS202002013_74|CS202002013_75|CS202002013_76|CS202002013_77|CS202002013_78|CS202002013_79|CS202002013_80|CS202002013_81|CS202002013_82|CS202002013_83|CS202002013_84|CS202002013_85|CS202002013_86|CS202002013_87|CS202002013_88|CS202002013_89|CS202002013_90|CS202002013_91|CS202002013_92|CS202002013_93|CS202002013_94|CS202002013_95|CS202002013_96|CS202002013_97|CS202002013_98|CS202002013_99|CS202002013_100|CS202002013_101|CS202002013_102|CS202002013_103|CS202002013_104|CS202002013_105|CS202002013_106|CS202002013_107|CS202002013_108|CS202002013_109|CS202002013_110|CS202002013_111|CS202002013_112|CS202002013_113|CS202002013_114|CS202002013_115|CS202002013_116,No,
,n2,RNAseq 001-102,CS202002013_118,,,Zizhen Yao,PMID:34616066,primary motor cortex,UBERON:0001384,Mouse,RNAseq,CCN202002013,Mouse MOp BICCN taxonomy using multiple RNA-Seq datasets ,CS202002013_1|CS202002013_2|CS202002013_3|CS202002013_4|CS202002013_5|CS202002013_6|CS202002013_7|CS202002013_8|CS202002013_9|CS202002013_10|CS202002013_11|CS202002013_12|CS202002013_13|CS202002013_14|CS202002013_15|CS202002013_16|CS202002013_17|CS202002013_18|CS202002013_19|CS202002013_20|CS202002013_21|CS202002013_22|CS202002013_23|CS202002013_24|CS202002013_25|CS202002013_26|CS202002013_27|CS202002013_28|CS202002013_29|CS202002013_30|CS202002013_31|CS202002013_32|CS202002013_33|CS202002013_34|CS202002013_35|CS202002013_36|CS202002013_37|CS202002013_38|CS202002013_39|CS202002013_40|CS202002013_41|CS202002013_42|CS202002013_43|CS202002013_44|CS202002013_45|CS202002013_46|CS202002013_47|CS202002013_48|CS202002013_49|CS202002013_50|CS202002013_51|CS202002013_52|CS202002013_53|CS202002013_54|CS202002013_55|CS202002013_56|CS202002013_57|CS202002013_58|CS202002013_59|CS202002013_60|CS202002013_61|CS202002013_62|CS202002013_63|CS202002013_64|CS202002013_65|CS202002013_66|CS202002013_67|CS202002013_68|CS202002013_69|CS202002013_70|CS202002013_71|CS202002013_72|CS202002013_73|CS202002013_74|CS202002013_75|CS202002013_76|CS202002013_77|CS202002013_78|CS202002013_79|CS202002013_80|CS202002013_81|CS202002013_82|CS202002013_83|CS202002013_84|CS202002013_85|CS202002013_86|CS202002013_87|CS202002013_88|CS202002013_89|CS202002013_90|CS202002013_91|CS202002013_92|CS202002013_93|CS202002013_94|CS202002013_95|CS202002013_96|CS202002013_97|CS202002013_98|CS202002013_99|CS202002013_100|CS202002013_101|CS202002013_102,No,
,n3,RNAseq 001-094,CS202002013_119,,,Zizhen Yao,PMID:34616066,primary motor cortex,UBERON:0001384,Mouse,RNAseq,CCN202002013,Mouse MOp BICCN taxonomy using multiple RNA-Seq datasets ,CS202002013_1|CS202002013_2|CS202002013_3|CS202002013_4|CS202002013_5|CS202002013_6|CS202002013_7|CS202002013_8|CS202002013_9|CS202002013_10|CS202002013_11|CS202002013_12|CS202002013_13|CS202002013_14|CS202002013_15|CS202002013_16|CS202002013_17|CS202002013_18|CS202002013_19|CS202002013_20|CS202002013_21|CS202002013_22|CS202002013_23|CS202002013_24|CS202002013_25|CS202002013_26|CS202002013_27|CS202002013_28|CS202002013_29|CS202002013_30|CS202002013_31|CS202002013_32|CS202002013_33|CS202002013_34|CS202002013_35|CS202002013_36|CS202002013_37|CS202002013_38|CS202002013_39|CS202002013_40|CS202002013_41|CS202002013_42|CS202002013_43|CS202002013_44|CS202002013_45|CS202002013_46|CS202002013_47|CS202002013_48|CS202002013_49|CS202002013_50|CS202002013_51|CS202002013_52|CS202002013_53|CS202002013_54|CS202002013_55|CS202002013_56|CS202002013_57|CS202002013_58|CS202002013_59|CS202002013_60|CS202002013_61|CS202002013_62|CS202002013_63|CS202002013_64|CS202002013_65|CS202002013_66|CS202002013_67|CS202002013_68|CS202002013_69|CS202002013_70|CS202002013_71|CS202002013_72|CS202002013_73|CS202002013_74|CS202002013_75|CS202002013_76|CS202002013_77|CS202002013_78|CS202002013_79|CS202002013_80|CS202002013_81|CS202002013_82|CS202002013_83|CS202002013_84|CS202002013_85|CS202002013_86|CS202002013_87|CS202002013_88|CS202002013_89|CS202002013_90|CS202002013_91|CS202002013_92|CS202002013_93|CS202002013_94,No,
,n4,RNAseq 001-091,CS202002013_120,,,Zizhen Yao,PMID:34616066,primary motor cortex,UBERON:0001384,Mouse,RNAseq,CCN202002013,Mouse MOp BICCN taxonomy using multiple RNA-Seq datasets ,CS202002013_1|CS202002013_2|CS202002013_3|CS202002013_4|CS202002013_5|CS202002013_6|CS202002013_7|CS202002013_8|CS202002013_9|CS202002013_10|CS202002013_11|CS202002013_12|CS202002013_13|CS202002013_14|CS202002013_15|CS202002013_16|CS202002013_17|CS202002013_18|CS202002013_19|CS202002013_20|CS202002013_21|CS202002013_22|CS202002013_23|CS202002013_24|CS202002013_25|CS202002013_26|CS202002013_27|CS202002013_28|CS202002013_29|CS202002013_30|CS202002013_31|CS202002013_32|CS202002013_33|CS202002013_34|CS202002013_35|CS202002013_36|CS202002013_37|CS202002013_38|CS202002013_39|CS202002013_40|CS202002013_41|CS202002013_42|CS202002013_43|CS202002013_44|CS202002013_45|CS202002013_46|CS202002013_47|CS202002013_48|CS202002013_49|CS202002013_50|CS202002013_51|CS202002013_52|CS202002013_53|CS202002013_54|CS202002013_55|CS202002013_56|CS202002013_57|CS202002013_58|CS202002013_59|CS202002013_60|CS202002013_61|CS202002013_62|CS202002013_63|CS202002013_64|CS202002013_65|CS202002013_66|CS202002013_67|CS202002013_68|CS202002013_69|CS202002013_70|CS202002013_71|CS202002013_72|CS202002013_73|CS202002013_74|CS202002013_75|CS202002013_76|CS202002013_77|CS202002013_78|CS202002013_79|CS202002013_80|CS202002013_81|CS202002013_82|CS202002013_83|CS202002013_84|CS202002013_85|CS202002013_86|CS202002013_87|CS202002013_88|CS202002013_89|CS202002013_90|CS202002013_91,No,
,n5,RNAseq 001-090,CS202002013_121,,,Zizhen Yao,PMID:34616066,primary motor cortex,UBERON:0001384,Mouse,RNAseq,CCN202002013,Mouse MOp BICCN taxonomy using multiple RNA-Seq datasets ,CS202002013_1|CS202002013_2|CS202002013_3|CS202002013_4|CS202002013_5|CS202002013_6|CS202002013_7|CS202002013_8|CS202002013_9|CS202002013_10|CS202002013_11|CS202002013_12|CS202002013_13|CS202002013_14|CS202002013_15|CS202002013_16|CS202002013_17|CS202002013_18|CS202002013_19|CS202002013_20|CS202002013_21|CS202002013_22|CS202002013_23|CS202002013_24|CS202002013_25|CS202002013_26|CS202002013_27|CS202002013_28|CS202002013_29|CS202002013_30|CS202002013_31|CS202002013_32|CS202002013_33|CS202002013_34|CS202002013_35|CS202002013_36|CS202002013_37|CS202002013_38|CS202002013_39|CS202002013_40|CS202002013_41|CS202002013_42|CS202002013_43|CS202002013_44|CS202002013_45|CS202002013_46|CS202002013_47|CS202002013_48|CS202002013_49|CS202002013_50|CS202002013_51|CS202002013_52|CS202002013_53|CS202002013_54|CS202002013_55|CS202002013_56|CS202002013_57|CS202002013_58|CS202002013_59|CS202002013_60|CS202002013_61|CS202002013_62|CS202002013_63|CS202002013_64|CS202002013_65|CS202002013_66|CS202002013_67|CS202002013_68|CS202002013_69|CS202002013_70|CS202002013_71|CS202002013_72|CS202002013_73|CS202002013_74|CS202002013_75|CS202002013_76|CS202002013_77|CS202002013_78|CS202002013_79|CS202002013_80|CS202002013_81|CS202002013_82|CS202002013_83|CS202002013_84|CS202002013_85|CS202002013_86|CS202002013_87|CS202002013_88|CS202002013_89|CS202002013_90,No,
,n6,RNAseq 001-088,CS202002013_122,,,Zizhen Yao,PMID:34616066,primary motor cortex,UBERON:0001384,Mouse,RNAseq,CCN202002013,Mouse MOp BICCN taxonomy using multiple RNA-Seq datasets ,CS202002013_1|CS202002013_2|CS202002013_3|CS202002013_4|CS202002013_5|CS202002013_6|CS202002013_7|CS202002013_8|CS202002013_9|CS202002013_10|CS202002013_11|CS202002013_12|CS202002013_13|CS202002013_14|CS202002013_15|CS202002013_16|CS202002013_17|CS202002013_18|CS202002013_19|CS202002013_20|CS202002013_21|CS202002013_22|CS202002013_23|CS202002013_24|CS202002013_25|CS202002013_26|CS202002013_27|CS202002013_28|CS202002013_29|CS202002013_30|CS202002013_31|CS202002013_32|CS202002013_33|CS202002013_34|CS202002013_35|CS202002013_36|CS202002013_37|CS202002013_38|CS202002013_39|CS202002013_40|CS202002013_41|CS202002013_42|CS202002013_43|CS202002013_44|CS202002013_45|CS202002013_46|CS202002013_47|CS202002013_48|CS202002013_49|CS202002013_50|CS202002013_51|CS202002013_52|CS202002013_53|CS202002013_54|CS202002013_55|CS202002013_56|CS202002013_57|CS202002013_58|CS202002013_59|CS202002013_60|CS202002013_61|CS202002013_62|CS202002013_63|CS202002013_64|CS202002013_65|CS202002013_66|CS202002013_67|CS202002013_68|CS202002013_69|CS202002013_70|CS202002013_71|CS202002013_72|CS202002013_73|CS202002013_74|CS202002013_75|CS202002013_76|CS202002013_77|CS202002013_78|CS202002013_79|CS202002013_80|CS202002013_81|CS202002013_82|CS202002013_83|CS202002013_84|CS202002013_85|CS202002013_86|CS202002013_87|CS202002013_88,No,
GABAergic,n7,"RNAseq 001-057, 089-090",CS202002013_123,Neuronal: GABAergic,,Zizhen Yao,PMID:34616066,primary motor cortex,UBERON:0001384,Mouse,RNAseq,CCN202002013,Mouse MOp BICCN taxonomy using multiple RNA-Seq datasets ,CS202002013_1|CS202002013_2|CS202002013_3|CS202002013_4|CS202002013_5|CS202002013_6|CS202002013_7|CS202002013_8|CS202002013_9|CS202002013_10|CS202002013_11|CS202002013_12|CS202002013_13|CS202002013_14|CS202002013_15|CS202002013_16|CS202002013_17|CS202002013_18|CS202002013_19|CS202002013_20|CS202002013_21|CS202002013_22|CS202002013_23|CS202002013_24|CS202002013_25|CS202002013_26|CS202002013_27|CS202002013_28|CS202002013_29|CS202002013_30|CS202002013_31|CS202002013_32|CS202002013_33|CS202002013_34|CS202002013_35|CS202002013_36|CS202002013_37|CS202002013_38|CS202002013_39|CS202002013_40|CS202002013_41|CS202002013_42|CS202002013_43|CS202002013_44|CS202002013_45|CS202002013_46|CS202002013_47|CS202002013_48|CS202002013_49|CS202002013_50|CS202002013_51|CS202002013_52|CS202002013_53|CS202002013_54|CS202002013_55|CS202002013_56|CS202002013_57|CS202002013_89|CS202002013_90,Class,#F05A28
CGE/PoA,n8,"RNAseq 001-027, 089-090",CS202002013_124,CGE/PoA,,Zizhen Yao,PMID:34616066,primary motor cortex,UBERON:0001384,Mouse,RNAseq,CCN202002013,Mouse MOp BICCN taxonomy using multiple RNA-Seq datasets ,CS202002013_1|CS202002013_2|CS202002013_3|CS202002013_4|CS202002013_5|CS202002013_6|CS202002013_7|CS202002013_8|CS202002013_9|CS202002013_10|CS202002013_11|CS202002013_12|CS202002013_13|CS202002013_14|CS202002013_15|CS202002013_16|CS202002013_17|CS202002013_18|CS202002013_19|CS202002013_20|CS202002013_21|CS202002013_22|CS202002013_23|CS202002013_24|CS202002013_25|CS202002013_26|CS202002013_27|CS202002013_89|CS202002013_90,No,#C456AA
Lamp5-like,n9,RNAseq 001-008,CS202002013_125,Lamp5,,Zizhen Yao,PMID:34616066,primary motor cortex,UBERON:0001384,Mouse,RNAseq,CCN202002013,Mouse MOp BICCN taxonomy using multiple RNA-Seq datasets ,CS202002013_1|CS202002013_2|CS202002013_3|CS202002013_4|CS202002013_5|CS202002013_6|CS202002013_7|CS202002013_8,Subclass,#DA808C
,n10,RNAseq 001-004,CS202002013_126,,,Zizhen Yao,PMID:34616066,primary motor cortex,UBERON:0001384,Mouse,RNAseq,CCN202002013,Mouse MOp BICCN taxonomy using multiple RNA-Seq datasets ,CS202002013_1|CS202002013_2|CS202002013_3|CS202002013_4,No,
,n11,RNAseq 002-004,CS202002013_127,,,Zizhen Yao,PMID:34616066,primary motor cortex,UBERON:0001384,Mouse,RNAseq,CCN202002013,Mouse MOp BICCN taxonomy using multiple RNA-Seq datasets ,CS202002013_2|CS202002013_3|CS202002013_4,No,
Lamp5-like_C5,n12,RNAseq 003-004,CS202002013_128,,Lamp5_5,Zizhen Yao|Nikolas Jorstad,PMID:34616066|PMID:34616062,primary motor cortex,UBERON:0001384,Mouse,RNAseq,CCN202002013,Mouse MOp BICCN taxonomy using multiple RNA-Seq datasets ,CS202002013_3|CS202002013_4,No,
,n13,RNAseq 005-008,CS202002013_129,,,Zizhen Yao,PMID:34616066,primary motor cortex,UBERON:0001384,Mouse,RNAseq,CCN202002013,Mouse MOp BICCN taxonomy using multiple RNA-Seq datasets ,CS202002013_5|CS202002013_6|CS202002013_7|CS202002013_8,No,
,n14,RNAseq 005-007,CS202002013_130,,,Zizhen Yao|Federico Scala,PMID:34616066|PMID:33184512,primary motor cortex,UBERON:0001384,Mouse,RNAseq,CCN202002013,Mouse MOp BICCN taxonomy using multiple RNA-Seq datasets ,CS202002013_5|CS202002013_6|CS202002013_7,No,
,n15,RNAseq 005-006,CS202002013_131,,,Zizhen Yao,PMID:34616066,primary motor cortex,UBERON:0001384,Mouse,RNAseq,CCN202002013,Mouse MOp BICCN taxonomy using multiple RNA-Seq datasets ,CS202002013_5|CS202002013_6,No,
,n16,RNAseq 009-027,CS202002013_132,,,Zizhen Yao,PMID:34616066,primary motor cortex,UBERON:0001384,Mouse,RNAseq,CCN202002013,Mouse MOp BICCN taxonomy using multiple RNA-Seq datasets ,CS202002013_9|CS202002013_10|CS202002013_11|CS202002013_12|CS202002013_13|CS202002013_14|CS202002013_15|CS202002013_16|CS202002013_17|CS202002013_18|CS202002013_19|CS202002013_20|CS202002013_21|CS202002013_22|CS202002013_23|CS202002013_24|CS202002013_25|CS202002013_26|CS202002013_27,No,
Sncg-like,n17,RNAseq 009-014,CS202002013_133,Sncg,,Zizhen Yao,PMID:34616066,primary motor cortex,UBERON:0001384,Mouse,RNAseq,CCN202002013,Mouse MOp BICCN taxonomy using multiple RNA-Seq datasets ,CS202002013_9|CS202002013_10|CS202002013_11|CS202002013_12|CS202002013_13|CS202002013_14,Subclass,#D633FF
Sncg-like_C2,n18,RNAseq 009-010,CS202002013_134,Sncg_2,,Zizhen Yao|Nikolas Jorstad,PMID:34616066|PMID:34616062,primary motor cortex,UBERON:0001384,Mouse,RNAseq,CCN202002013,Mouse MOp BICCN taxonomy using multiple RNA-Seq datasets ,CS202002013_9|CS202002013_10,No,
,n19,RNAseq 011-014,CS202002013_135,,,Zizhen Yao,PMID:34616066,primary motor cortex,UBERON:0001384,Mouse,RNAseq,CCN202002013,Mouse MOp BICCN taxonomy using multiple RNA-Seq datasets ,CS202002013_11|CS202002013_12|CS202002013_13|CS202002013_14,No,
,n20,RNAseq 011-012,CS202002013_136,,,Zizhen Yao,PMID:34616066,primary motor cortex,UBERON:0001384,Mouse,RNAseq,CCN202002013,Mouse MOp BICCN taxonomy using multiple RNA-Seq datasets ,CS202002013_11|CS202002013_12,No,
,n21,RNAseq 013-014,CS202002013_137,,,Zizhen Yao,PMID:34616066,primary motor cortex,UBERON:0001384,Mouse,RNAseq,CCN202002013,Mouse MOp BICCN taxonomy using multiple RNA-Seq datasets ,CS202002013_13|CS202002013_14,No,
Vip-like,n22,RNAseq 015-027,CS202002013_138,Vip,,Zizhen Yao,PMID:34616066,primary motor cortex,UBERON:0001384,Mouse,RNAseq,CCN202002013,Mouse MOp BICCN taxonomy using multiple RNA-Seq datasets ,CS202002013_15|CS202002013_16|CS202002013_17|CS202002013_18|CS202002013_19|CS202002013_20|CS202002013_21|CS202002013_22|CS202002013_23|CS202002013_24|CS202002013_25|CS202002013_26|CS202002013_27,Subclass,#B864CC
L5/6 CCK cell,n23,RNAseq 015-017,CS202002013_139,,L5/6 CCK cell,Zizhen Yao|Federico Scala,PMID:34616066|PMID:33184512,primary motor cortex,UBERON:0001384,Mouse,RNAseq,CCN202002013,Mouse MOp BICCN taxonomy using multiple RNA-Seq datasets ,CS202002013_15|CS202002013_16|CS202002013_17,No,
,n24,RNAseq 015-016,CS202002013_140,,,Zizhen Yao,PMID:34616066,primary motor cortex,UBERON:0001384,Mouse,RNAseq,CCN202002013,Mouse MOp BICCN taxonomy using multiple RNA-Seq datasets ,CS202002013_15|CS202002013_16,No,
,n25,RNAseq 018-027,CS202002013_141,,,Zizhen Yao,PMID:34616066,primary motor cortex,UBERON:0001384,Mouse,RNAseq,CCN202002013,Mouse MOp BICCN taxonomy using multiple RNA-Seq datasets ,CS202002013_18|CS202002013_19|CS202002013_20|CS202002013_21|CS202002013_22|CS202002013_23|CS202002013_24|CS202002013_25|CS202002013_26|CS202002013_27,No,
,n26,RNAseq 018-025,CS202002013_142,,,Zizhen Yao,PMID:34616066,primary motor cortex,UBERON:0001384,Mouse,RNAseq,CCN202002013,Mouse MOp BICCN taxonomy using multiple RNA-Seq datasets ,CS202002013_18|CS202002013_19|CS202002013_20|CS202002013_21|CS202002013_22|CS202002013_23|CS202002013_24|CS202002013_25,No,
L5 VIP cell,n27,RNAseq 018-020,CS202002013_143,,L5 VIP cell,Zizhen Yao|Federico Scala,PMID:34616066|PMID:33184512,primary motor cortex,UBERON:0001384,Mouse,RNAseq,CCN202002013,Mouse MOp BICCN taxonomy using multiple RNA-Seq datasets ,CS202002013_18|CS202002013_19|CS202002013_20,No,
,n28,RNAseq 019-020,CS202002013_144,,,Zizhen Yao,PMID:34616066,primary motor cortex,UBERON:0001384,Mouse,RNAseq,CCN202002013,Mouse MOp BICCN taxonomy using multiple RNA-Seq datasets ,CS202002013_19|CS202002013_20,No,
L2/3 Bipolar VIP cell,n29,RNAseq 021-025,CS202002013_145,,L2/3 Bipolar VIP cell,Zizhen Yao|Federico Scala,PMID:34616066|PMID:33184512,primary motor cortex,UBERON:0001384,Mouse,RNAseq,CCN202002013,Mouse MOp BICCN taxonomy using multiple RNA-Seq datasets ,CS202002013_21|CS202002013_22|CS202002013_23|CS202002013_24|CS202002013_25,No,
,n30,RNAseq 022-025,CS202002013_146,,,Zizhen Yao,PMID:34616066,primary motor cortex,UBERON:0001384,Mouse,RNAseq,CCN202002013,Mouse MOp BICCN taxonomy using multiple RNA-Seq datasets ,CS202002013_22|CS202002013_23|CS202002013_24|CS202002013_25,No,
,n31,RNAseq 022-023,CS202002013_147,,,Zizhen Yao,PMID:34616066,primary motor cortex,UBERON:0001384,Mouse,RNAseq,CCN202002013,Mouse MOp BICCN taxonomy using multiple RNA-Seq datasets ,CS202002013_22|CS202002013_23,No,
,n32,RNAseq 024-025,CS202002013_148,,,Zizhen Yao,PMID:34616066,primary motor cortex,UBERON:0001384,Mouse,RNAseq,CCN202002013,Mouse MOp BICCN taxonomy using multiple RNA-Seq datasets ,CS202002013_24|CS202002013_25,No,
Vip-like_C4,n33,RNAseq 026-027,CS202002013_149,Vip_4,Uncharacterized VIP cell,Zizhen Yao|Nikolas Jorstad|Federico Scala,PMID:34616066|PMID:34616062|PMID:33184512,primary motor cortex,UBERON:0001384,Mouse,RNAseq,CCN202002013,Mouse MOp BICCN taxonomy using multiple RNA-Seq datasets ,CS202002013_26|CS202002013_27,No,
MGE,n34,RNAseq 028-057,CS202002013_150,MGE,,Zizhen Yao,PMID:34616066,primary motor cortex,UBERON:0001384,Mouse,RNAseq,CCN202002013,Mouse MOp BICCN taxonomy using multiple RNA-Seq datasets ,CS202002013_28|CS202002013_29|CS202002013_30|CS202002013_31|CS202002013_32|CS202002013_33|CS202002013_34|CS202002013_35|CS202002013_36|CS202002013_37|CS202002013_38|CS202002013_39|CS202002013_40|CS202002013_41|CS202002013_42|CS202002013_43|CS202002013_44|CS202002013_45|CS202002013_46|CS202002013_47|CS202002013_48|CS202002013_49|CS202002013_50|CS202002013_51|CS202002013_52|CS202002013_53|CS202002013_54|CS202002013_55|CS202002013_56|CS202002013_57,No,#ED892E
,n35,RNAseq 029-057,CS202002013_151,,,Zizhen Yao,PMID:34616066,primary motor cortex,UBERON:0001384,Mouse,RNAseq,CCN202002013,Mouse MOp BICCN taxonomy using multiple RNA-Seq datasets ,CS202002013_29|CS202002013_30|CS202002013_31|CS202002013_32|CS202002013_33|CS202002013_34|CS202002013_35|CS202002013_36|CS202002013_37|CS202002013_38|CS202002013_39|CS202002013_40|CS202002013_41|CS202002013_42|CS202002013_43|CS202002013_44|CS202002013_45|CS202002013_46|CS202002013_47|CS202002013_48|CS202002013_49|CS202002013_50|CS202002013_51|CS202002013_52|CS202002013_53|CS202002013_54|CS202002013_55|CS202002013_56|CS202002013_57,No,
,n36,RNAseq 029-045,CS202002013_152,,,Zizhen Yao,PMID:34616066,primary motor cortex,UBERON:0001384,Mouse,RNAseq,CCN202002013,Mouse MOp BICCN taxonomy using multiple RNA-Seq datasets ,CS202002013_29|CS202002013_30|CS202002013_31|CS202002013_32|CS202002013_33|CS202002013_34|CS202002013_35|CS202002013_36|CS202002013_37|CS202002013_38|CS202002013_39|CS202002013_40|CS202002013_41|CS202002013_42|CS202002013_43|CS202002013_44|CS202002013_45,No,
,n37,RNAseq 029-041,CS202002013_153,,,Zizhen Yao,PMID:34616066,primary motor cortex,UBERON:0001384,Mouse,RNAseq,CCN202002013,Mouse MOp BICCN taxonomy using multiple RNA-Seq datasets ,CS202002013_29|CS202002013_30|CS202002013_31|CS202002013_32|CS202002013_33|CS202002013_34|CS202002013_35|CS202002013_36|CS202002013_37|CS202002013_38|CS202002013_39|CS202002013_40|CS202002013_41,No,
,n38,RNAseq 029-033,CS202002013_154,,,Zizhen Yao,PMID:34616066,primary motor cortex,UBERON:0001384,Mouse,RNAseq,CCN202002013,Mouse MOp BICCN taxonomy using multiple RNA-Seq datasets ,CS202002013_29|CS202002013_30|CS202002013_31|CS202002013_32|CS202002013_33,No,
,n39,RNAseq 029-030,CS202002013_155,,,Zizhen Yao,PMID:34616066,primary motor cortex,UBERON:0001384,Mouse,RNAseq,CCN202002013,Mouse MOp BICCN taxonomy using multiple RNA-Seq datasets ,CS202002013_29|CS202002013_30,No,
Sst-like_C1,n40,RNAseq 031-033,CS202002013_156,Sst_1,,Zizhen Yao|Nikolas Jorstad,PMID:34616066|PMID:34616062,primary motor cortex,UBERON:0001384,Mouse,RNAseq,CCN202002013,Mouse MOp BICCN taxonomy using multiple RNA-Seq datasets ,CS202002013_31|CS202002013_32|CS202002013_33,No,
,n41,RNAseq 031-032,CS202002013_157,,,Zizhen Yao,PMID:34616066,primary motor cortex,UBERON:0001384,Mouse,RNAseq,CCN202002013,Mouse MOp BICCN taxonomy using multiple RNA-Seq datasets ,CS202002013_31|CS202002013_32,No,
,n42,RNAseq 034-041,CS202002013_158,,,Zizhen Yao,PMID:34616066,primary motor cortex,UBERON:0001384,Mouse,RNAseq,CCN202002013,Mouse MOp BICCN taxonomy using multiple RNA-Seq datasets ,CS202002013_34|CS202002013_35|CS202002013_36|CS202002013_37|CS202002013_38|CS202002013_39|CS202002013_40|CS202002013_41,No,
,n43,RNAseq 034-035,CS202002013_159,,,Zizhen Yao|Federico Scala,PMID:34616066|PMID:33184512,primary motor cortex,UBERON:0001384,Mouse,RNAseq,CCN202002013,Mouse MOp BICCN taxonomy using multiple RNA-Seq datasets ,CS202002013_34|CS202002013_35,No,
,n44,RNAseq 036-041,CS202002013_160,,,Zizhen Yao,PMID:34616066,primary motor cortex,UBERON:0001384,Mouse,RNAseq,CCN202002013,Mouse MOp BICCN taxonomy using multiple RNA-Seq datasets ,CS202002013_36|CS202002013_37|CS202002013_38|CS202002013_39|CS202002013_40|CS202002013_41,No,
L5 non-Martinotti cell,n45,RNAseq 036-037,CS202002013_161,,L5 non-Martinotti cell,Zizhen Yao|Federico Scala,PMID:34616066|PMID:33184512,primary motor cortex,UBERON:0001384,Mouse,RNAseq,CCN202002013,Mouse MOp BICCN taxonomy using multiple RNA-Seq datasets ,CS202002013_36|CS202002013_37,No,
,n46,RNAseq 038-041,CS202002013_162,,,Zizhen Yao,PMID:34616066,primary motor cortex,UBERON:0001384,Mouse,RNAseq,CCN202002013,Mouse MOp BICCN taxonomy using multiple RNA-Seq datasets ,CS202002013_38|CS202002013_39|CS202002013_40|CS202002013_41,No,
,n47,RNAseq 038-040,CS202002013_163,,,Zizhen Yao,PMID:34616066,primary motor cortex,UBERON:0001384,Mouse,RNAseq,CCN202002013,Mouse MOp BICCN taxonomy using multiple RNA-Seq datasets ,CS202002013_38|CS202002013_39|CS202002013_40,No,
L2/3/5 fan Martinotti cell,n48,RNAseq 039-040,CS202002013_164,,L2/3/5 fan Martinotti cell,Zizhen Yao|Federico Scala,PMID:34616066|PMID:33184512,primary motor cortex,UBERON:0001384,Mouse,RNAseq,CCN202002013,Mouse MOp BICCN taxonomy using multiple RNA-Seq datasets ,CS202002013_39|CS202002013_40,No,
L5/6 non-Martinotti cell,n49,RNAseq 042-045,CS202002013_165,,L5/6 non-Martinotti cell,Zizhen Yao|Federico Scala,PMID:34616066|PMID:33184512,primary motor cortex,UBERON:0001384,Mouse,RNAseq,CCN202002013,Mouse MOp BICCN taxonomy using multiple RNA-Seq datasets ,CS202002013_42|CS202002013_43|CS202002013_44|CS202002013_45,No,
,n50,RNAseq 042-043,CS202002013_166,,,Zizhen Yao,PMID:34616066,primary motor cortex,UBERON:0001384,Mouse,RNAseq,CCN202002013,Mouse MOp BICCN taxonomy using multiple RNA-Seq datasets ,CS202002013_42|CS202002013_43,No,
,n51,RNAseq 044-045,CS202002013_167,,,Zizhen Yao,PMID:34616066,primary motor cortex,UBERON:0001384,Mouse,RNAseq,CCN202002013,Mouse MOp BICCN taxonomy using multiple RNA-Seq datasets ,CS202002013_44|CS202002013_45,No,
,n52,RNAseq 046-057,CS202002013_168,,,Zizhen Yao,PMID:34616066,primary motor cortex,UBERON:0001384,Mouse,RNAseq,CCN202002013,Mouse MOp BICCN taxonomy using multiple RNA-Seq datasets ,CS202002013_46|CS202002013_47|CS202002013_48|CS202002013_49|CS202002013_50|CS202002013_51|CS202002013_52|CS202002013_53|CS202002013_54|CS202002013_55|CS202002013_56|CS202002013_57,No,
,n53,RNAseq 046-048,CS202002013_169,,,Zizhen Yao,PMID:34616066,primary motor cortex,UBERON:0001384,Mouse,RNAseq,CCN202002013,Mouse MOp BICCN taxonomy using multiple RNA-Seq datasets ,CS202002013_46|CS202002013_47|CS202002013_48,No,
L6 Th+ SST/PV cell,n54,RNAseq 046-047,CS202002013_170,,L6 Th+ SST/PV cell,Zizhen Yao|Federico Scala,PMID:34616066|PMID:33184512,primary motor cortex,UBERON:0001384,Mouse,RNAseq,CCN202002013,Mouse MOp BICCN taxonomy using multiple RNA-Seq datasets ,CS202002013_46|CS202002013_47,No,
,n55,RNAseq 049-057,CS202002013_171,,,Zizhen Yao,PMID:34616066,primary motor cortex,UBERON:0001384,Mouse,RNAseq,CCN202002013,Mouse MOp BICCN taxonomy using multiple RNA-Seq datasets ,CS202002013_49|CS202002013_50|CS202002013_51|CS202002013_52|CS202002013_53|CS202002013_54|CS202002013_55|CS202002013_56|CS202002013_57,No,
,n56,RNAseq 049-055,CS202002013_172,,,Zizhen Yao,PMID:34616066,primary motor cortex,UBERON:0001384,Mouse,RNAseq,CCN202002013,Mouse MOp BICCN taxonomy using multiple RNA-Seq datasets ,CS202002013_49|CS202002013_50|CS202002013_51|CS202002013_52|CS202002013_53|CS202002013_54|CS202002013_55,No,
,n57,RNAseq 050-055,CS202002013_173,,,Zizhen Yao,PMID:34616066,primary motor cortex,UBERON:0001384,Mouse,RNAseq,CCN202002013,Mouse MOp BICCN taxonomy using multiple RNA-Seq datasets ,CS202002013_50|CS202002013_51|CS202002013_52|CS202002013_53|CS202002013_54|CS202002013_55,No,
,n58,RNAseq 051-055,CS202002013_174,,,Zizhen Yao,PMID:34616066,primary motor cortex,UBERON:0001384,Mouse,RNAseq,CCN202002013,Mouse MOp BICCN taxonomy using multiple RNA-Seq datasets ,CS202002013_51|CS202002013_52|CS202002013_53|CS202002013_54|CS202002013_55,No,
,n59,RNAseq 051-053,CS202002013_175,,,Zizhen Yao,PMID:34616066,primary motor cortex,UBERON:0001384,Mouse,RNAseq,CCN202002013,Mouse MOp BICCN taxonomy using multiple RNA-Seq datasets ,CS202002013_51|CS202002013_52|CS202002013_53,No,
,n60,RNAseq 052-053,CS202002013_176,,,Zizhen Yao,PMID:34616066,primary motor cortex,UBERON:0001384,Mouse,RNAseq,CCN202002013,Mouse MOp BICCN taxonomy using multiple RNA-Seq datasets ,CS202002013_52|CS202002013_53,No,
Upper FS Basket cell,n61,RNAseq 054-055,CS202002013_177,,Upper FS Basket cell,Zizhen Yao|Federico Scala,PMID:34616066|PMID:33184512,primary motor cortex,UBERON:0001384,Mouse,RNAseq,CCN202002013,Mouse MOp BICCN taxonomy using multiple RNA-Seq datasets ,CS202002013_54|CS202002013_55,No,
Chandelier,n62,RNAseq 056-057,CS202002013_178,Chandelier,Chandelier cell,Zizhen Yao||Federico Scala,PMID:34616066||PMID:33184512,primary motor cortex,UBERON:0001384,Mouse,RNAseq,CCN202002013,Mouse MOp BICCN taxonomy using multiple RNA-Seq datasets ,CS202002013_56|CS202002013_57,No,
Glutamatergic,n63,RNAseq 058-088,CS202002013_179,Neuronal: Glutamatergic,,Zizhen Yao,PMID:34616066,primary motor cortex,UBERON:0001384,Mouse,RNAseq,CCN202002013,Mouse MOp BICCN taxonomy using multiple RNA-Seq datasets ,CS202002013_58|CS202002013_59|CS202002013_60|CS202002013_61|CS202002013_62|CS202002013_63|CS202002013_64|CS202002013_65|CS202002013_66|CS202002013_67|CS202002013_68|CS202002013_69|CS202002013_70|CS202002013_71|CS202002013_72|CS202002013_73|CS202002013_74|CS202002013_75|CS202002013_76|CS202002013_77|CS202002013_78|CS202002013_79|CS202002013_80|CS202002013_81|CS202002013_82|CS202002013_83|CS202002013_84|CS202002013_85|CS202002013_86|CS202002013_87|CS202002013_88,Class,#00ADEE
,n64,RNAseq 058-085,CS202002013_180,,,Zizhen Yao,PMID:34616066,primary motor cortex,UBERON:0001384,Mouse,RNAseq,CCN202002013,Mouse MOp BICCN taxonomy using multiple RNA-Seq datasets ,CS202002013_58|CS202002013_59|CS202002013_60|CS202002013_61|CS202002013_62|CS202002013_63|CS202002013_64|CS202002013_65|CS202002013_66|CS202002013_67|CS202002013_68|CS202002013_69|CS202002013_70|CS202002013_71|CS202002013_72|CS202002013_73|CS202002013_74|CS202002013_75|CS202002013_76|CS202002013_77|CS202002013_78|CS202002013_79|CS202002013_80|CS202002013_81|CS202002013_82|CS202002013_83|CS202002013_84|CS202002013_85,No,
,n65,RNAseq 058-073,CS202002013_181,,,Zizhen Yao,PMID:34616066,primary motor cortex,UBERON:0001384,Mouse,RNAseq,CCN202002013,Mouse MOp BICCN taxonomy using multiple RNA-Seq datasets ,CS202002013_58|CS202002013_59|CS202002013_60|CS202002013_61|CS202002013_62|CS202002013_63|CS202002013_64|CS202002013_65|CS202002013_66|CS202002013_67|CS202002013_68|CS202002013_69|CS202002013_70|CS202002013_71|CS202002013_72|CS202002013_73,No,
IT projecting,n66,RNAseq 058-069,CS202002013_182,IT projecting,,Zizhen Yao,PMID:34616066,primary motor cortex,UBERON:0001384,Mouse,RNAseq,CCN202002013,Mouse MOp BICCN taxonomy using multiple RNA-Seq datasets ,CS202002013_58|CS202002013_59|CS202002013_60|CS202002013_61|CS202002013_62|CS202002013_63|CS202002013_64|CS202002013_65|CS202002013_66|CS202002013_67|CS202002013_68|CS202002013_69,No,
L2/3 IT,n67,RNAseq 058-060,CS202002013_183,L2/3 IT,L2/3 IT,Zizhen Yao,PMID:34616066,primary motor cortex,UBERON:0001384,Mouse,RNAseq,CCN202002013,Mouse MOp BICCN taxonomy using multiple RNA-Seq datasets ,CS202002013_58|CS202002013_59|CS202002013_60,Subclass,#C4EC04
,n68,RNAseq 058-059,CS202002013_184,,,Zizhen Yao,PMID:34616066,primary motor cortex,UBERON:0001384,Mouse,RNAseq,CCN202002013,Mouse MOp BICCN taxonomy using multiple RNA-Seq datasets ,CS202002013_58|CS202002013_59,No,
,n69,RNAseq 061-069,CS202002013_185,,,Zizhen Yao,PMID:34616066,primary motor cortex,UBERON:0001384,Mouse,RNAseq,CCN202002013,Mouse MOp BICCN taxonomy using multiple RNA-Seq datasets ,CS202002013_61|CS202002013_62|CS202002013_63|CS202002013_64|CS202002013_65|CS202002013_66|CS202002013_67|CS202002013_68|CS202002013_69,No,
,n70,RNAseq 061-068,CS202002013_186,,,Zizhen Yao,PMID:34616066,primary motor cortex,UBERON:0001384,Mouse,RNAseq,CCN202002013,Mouse MOp BICCN taxonomy using multiple RNA-Seq datasets ,CS202002013_61|CS202002013_62|CS202002013_63|CS202002013_64|CS202002013_65|CS202002013_66|CS202002013_67|CS202002013_68,No,
,n71,RNAseq 061-066,CS202002013_187,,,Zizhen Yao,PMID:34616066,primary motor cortex,UBERON:0001384,Mouse,RNAseq,CCN202002013,Mouse MOp BICCN taxonomy using multiple RNA-Seq datasets ,CS202002013_61|CS202002013_62|CS202002013_63|CS202002013_64|CS202002013_65|CS202002013_66,No,
L4,n72,RNAseq 061-062,CS202002013_188,L4/5 IT,,Zizhen Yao,PMID:34616066,primary motor cortex,UBERON:0001384,Mouse,RNAseq,CCN202002013,Mouse MOp BICCN taxonomy using multiple RNA-Seq datasets ,CS202002013_61|CS202002013_62,Subclass,#09CCC6
L5 IT,n73,RNAseq 063-066,CS202002013_189,L5 IT,,Zizhen Yao,PMID:34616066,primary motor cortex,UBERON:0001384,Mouse,RNAseq,CCN202002013,Mouse MOp BICCN taxonomy using multiple RNA-Seq datasets ,CS202002013_63|CS202002013_64|CS202002013_65|CS202002013_66,Subclass,#50B2AD
L5 IT_C2,n74,RNAseq 063-064,CS202002013_190,L5 IT_2,,Zizhen Yao|Nikolas Jorstad,PMID:34616066|PMID:34616062,primary motor cortex,UBERON:0001384,Mouse,RNAseq,CCN202002013,Mouse MOp BICCN taxonomy using multiple RNA-Seq datasets ,CS202002013_63|CS202002013_64,No,
,n75,RNAseq 065-066,CS202002013_191,,,Zizhen Yao,PMID:34616066,primary motor cortex,UBERON:0001384,Mouse,RNAseq,CCN202002013,Mouse MOp BICCN taxonomy using multiple RNA-Seq datasets ,CS202002013_65|CS202002013_66,No,
L6 IT,n76,RNAseq 067-068,CS202002013_192,L6 IT,,Zizhen Yao,PMID:34616066,primary motor cortex,UBERON:0001384,Mouse,RNAseq,CCN202002013,Mouse MOp BICCN taxonomy using multiple RNA-Seq datasets ,CS202002013_67|CS202002013_68,Subclass,#A19922
L5 ET,n77,RNAseq 070-073,CS202002013_193,L5 ET,,Zizhen Yao,PMID:34616066,primary motor cortex,UBERON:0001384,Mouse,RNAseq,CCN202002013,Mouse MOp BICCN taxonomy using multiple RNA-Seq datasets ,CS202002013_70|CS202002013_71|CS202002013_72|CS202002013_73,Subclass,#0D5B78
L5 ET (Non-MY-projecting),n78,RNAseq 071-073,CS202002013_194,,L5 ET (Non-MY-projecting)|Non-MY-projecting L5 ET,Zizhen Yao|Bosiljka Tasic|Federico Scala,PMID:34616066|PMID:30382198|PMID:33184512,primary motor cortex,UBERON:0001384,Mouse,RNAseq,CCN202002013,Mouse MOp BICCN taxonomy using multiple RNA-Seq datasets ,CS202002013_71|CS202002013_72|CS202002013_73,No,
,n79,RNAseq 071-072,CS202002013_195,,,Zizhen Yao,PMID:34616066,primary motor cortex,UBERON:0001384,Mouse,RNAseq,CCN202002013,Mouse MOp BICCN taxonomy using multiple RNA-Seq datasets ,CS202002013_71|CS202002013_72,No,
,n80,RNAseq 074-085,CS202002013_196,,,Zizhen Yao,PMID:34616066,primary motor cortex,UBERON:0001384,Mouse,RNAseq,CCN202002013,Mouse MOp BICCN taxonomy using multiple RNA-Seq datasets ,CS202002013_74|CS202002013_75|CS202002013_76|CS202002013_77|CS202002013_78|CS202002013_79|CS202002013_80|CS202002013_81|CS202002013_82|CS202002013_83|CS202002013_84|CS202002013_85,No,
L6 CT,n81,RNAseq 074-080,CS202002013_197,L6 CT,Corticothalamic|VAL/VM Projecting,Zizhen Yao|||Federico Scala,PMID:34616066|||PMID:33184512,primary motor cortex,UBERON:0001384,Mouse,RNAseq,CCN202002013,Mouse MOp BICCN taxonomy using multiple RNA-Seq datasets ,CS202002013_74|CS202002013_75|CS202002013_76|CS202002013_77|CS202002013_78|CS202002013_79|CS202002013_80,Subclass,#2D8CB8
,n82,RNAseq 075-080,CS202002013_198,,,Zizhen Yao,PMID:34616066,primary motor cortex,UBERON:0001384,Mouse,RNAseq,CCN202002013,Mouse MOp BICCN taxonomy using multiple RNA-Seq datasets ,CS202002013_75|CS202002013_76|CS202002013_77|CS202002013_78|CS202002013_79|CS202002013_80,No,
,n83,RNAseq 075-078,CS202002013_199,,,Zizhen Yao,PMID:34616066,primary motor cortex,UBERON:0001384,Mouse,RNAseq,CCN202002013,Mouse MOp BICCN taxonomy using multiple RNA-Seq datasets ,CS202002013_75|CS202002013_76|CS202002013_77|CS202002013_78,No,
,n84,RNAseq 076-078,CS202002013_200,,,Zizhen Yao,PMID:34616066,primary motor cortex,UBERON:0001384,Mouse,RNAseq,CCN202002013,Mouse MOp BICCN taxonomy using multiple RNA-Seq datasets ,CS202002013_76|CS202002013_77|CS202002013_78,No,
,n85,RNAseq 077-078,CS202002013_201,,,Zizhen Yao,PMID:34616066,primary motor cortex,UBERON:0001384,Mouse,RNAseq,CCN202002013,Mouse MOp BICCN taxonomy using multiple RNA-Seq datasets ,CS202002013_77|CS202002013_78,No,
,n86,RNAseq 079-080,CS202002013_202,,,Zizhen Yao,PMID:34616066,primary motor cortex,UBERON:0001384,Mouse,RNAseq,CCN202002013,Mouse MOp BICCN taxonomy using multiple RNA-Seq datasets ,CS202002013_79|CS202002013_80,No,
L6b,n87,RNAseq 081-085,CS202002013_203,L6b,L6b|L6b subplate,Zizhen Yao||Nikolas Jorstad|Federico Scala,PMID:34616066||PMID:34616062|PMID:33184512,primary motor cortex,UBERON:0001384,Mouse,RNAseq,CCN202002013,Mouse MOp BICCN taxonomy using multiple RNA-Seq datasets ,CS202002013_81|CS202002013_82|CS202002013_83|CS202002013_84|CS202002013_85,Subclass,#53377D
,n88,RNAseq 081-084,CS202002013_204,,,Zizhen Yao,PMID:34616066,primary motor cortex,UBERON:0001384,Mouse,RNAseq,CCN202002013,Mouse MOp BICCN taxonomy using multiple RNA-Seq datasets ,CS202002013_81|CS202002013_82|CS202002013_83|CS202002013_84,No,
,n89,RNAseq 082-084,CS202002013_205,,,Zizhen Yao,PMID:34616066,primary motor cortex,UBERON:0001384,Mouse,RNAseq,CCN202002013,Mouse MOp BICCN taxonomy using multiple RNA-Seq datasets ,CS202002013_82|CS202002013_83|CS202002013_84,No,
,n90,RNAseq 082-083,CS202002013_206,,,Zizhen Yao,PMID:34616066,primary motor cortex,UBERON:0001384,Mouse,RNAseq,CCN202002013,Mouse MOp BICCN taxonomy using multiple RNA-Seq datasets ,CS202002013_82|CS202002013_83,No,
L5/6 NP,n91,RNAseq 086-088,CS202002013_207,L5/6 NP,L5/6 NP|Near-projecting,Zizhen Yao||Nikolas Jorstad|Federico Scala,PMID:34616066||PMID:34616062|PMID:33184512,primary motor cortex,UBERON:0001384,Mouse,RNAseq,CCN202002013,Mouse MOp BICCN taxonomy using multiple RNA-Seq datasets ,CS202002013_86|CS202002013_87|CS202002013_88,Subclass,#3E9E64
,n92,RNAseq 086-087,CS202002013_208,,,Zizhen Yao,PMID:34616066,primary motor cortex,UBERON:0001384,Mouse,RNAseq,CCN202002013,Mouse MOp BICCN taxonomy using multiple RNA-Seq datasets ,CS202002013_86|CS202002013_87,No,
Meis2,n93,RNAseq 089-090,CS202002013_209,Meis2,,Zizhen Yao,PMID:34616066,primary motor cortex,UBERON:0001384,Mouse,RNAseq,CCN202002013,Mouse MOp BICCN taxonomy using multiple RNA-Seq datasets ,CS202002013_89|CS202002013_90,Subclass,#C60C0F
Astro,n94,RNAseq 092-094,CS202002013_210,Astrocyte,,Zizhen Yao,PMID:34616066,primary motor cortex,UBERON:0001384,Mouse,RNAseq,CCN202002013,Mouse MOp BICCN taxonomy using multiple RNA-Seq datasets ,CS202002013_92|CS202002013_93|CS202002013_94,Subclass,#665C47
Astro_C1,n95,RNAseq 093-094,CS202002013_211,Astro_1,,Zizhen Yao|Nikolas Jorstad,PMID:34616066|PMID:34616062,primary motor cortex,UBERON:0001384,Mouse,RNAseq,CCN202002013,Mouse MOp BICCN taxonomy using multiple RNA-Seq datasets ,CS202002013_93|CS202002013_94,No,
Oligo,n96,RNAseq 095-102,CS202002013_212,Oligodendrocyte,,Zizhen Yao,PMID:34616066,primary motor cortex,UBERON:0001384,Mouse,RNAseq,CCN202002013,Mouse MOp BICCN taxonomy using multiple RNA-Seq datasets ,CS202002013_95|CS202002013_96|CS202002013_97|CS202002013_98|CS202002013_99|CS202002013_100|CS202002013_101|CS202002013_102,Subclass,#2E3E39
,n97,RNAseq 095-098,CS202002013_213,,,Zizhen Yao,PMID:34616066,primary motor cortex,UBERON:0001384,Mouse,RNAseq,CCN202002013,Mouse MOp BICCN taxonomy using multiple RNA-Seq datasets ,CS202002013_95|CS202002013_96|CS202002013_97|CS202002013_98,No,
,n98,RNAseq 095-096,CS202002013_214,,,Zizhen Yao,PMID:34616066,primary motor cortex,UBERON:0001384,Mouse,RNAseq,CCN202002013,Mouse MOp BICCN taxonomy using multiple RNA-Seq datasets ,CS202002013_95|CS202002013_96,No,
,n99,RNAseq 097-098,CS202002013_215,,,Zizhen Yao,PMID:34616066,primary motor cortex,UBERON:0001384,Mouse,RNAseq,CCN202002013,Mouse MOp BICCN taxonomy using multiple RNA-Seq datasets ,CS202002013_97|CS202002013_98,No,
,n100,RNAseq 099-102,CS202002013_216,,,Zizhen Yao,PMID:34616066,primary motor cortex,UBERON:0001384,Mouse,RNAseq,CCN202002013,Mouse MOp BICCN taxonomy using multiple RNA-Seq datasets ,CS202002013_99|CS202002013_100|CS202002013_101|CS202002013_102,No,
,n101,RNAseq 099-100,CS202002013_217,,,Zizhen Yao,PMID:34616066,primary motor cortex,UBERON:0001384,Mouse,RNAseq,CCN202002013,Mouse MOp BICCN taxonomy using multiple RNA-Seq datasets ,CS202002013_99|CS202002013_100,No,
,n102,RNAseq 101-102,CS202002013_218,,,Zizhen Yao,PMID:34616066,primary motor cortex,UBERON:0001384,Mouse,RNAseq,CCN202002013,Mouse MOp BICCN taxonomy using multiple RNA-Seq datasets ,CS202002013_101|CS202002013_102,No,
Non-neural,n103,RNAseq 103-116,CS202002013_219,Non-neural,,Zizhen Yao,PMID:34616066,primary motor cortex,UBERON:0001384,Mouse,RNAseq,CCN202002013,Mouse MOp BICCN taxonomy using multiple RNA-Seq datasets ,CS202002013_103|CS202002013_104|CS202002013_105|CS202002013_106|CS202002013_107|CS202002013_108|CS202002013_109|CS202002013_110|CS202002013_111|CS202002013_112|CS202002013_113|CS202002013_114|CS202002013_115|CS202002013_116,Class,#6C7557
,n104,RNAseq 103-112,CS202002013_220,,,Zizhen Yao,PMID:34616066,primary motor cortex,UBERON:0001384,Mouse,RNAseq,CCN202002013,Mouse MOp BICCN taxonomy using multiple RNA-Seq datasets ,CS202002013_103|CS202002013_104|CS202002013_105|CS202002013_106|CS202002013_107|CS202002013_108|CS202002013_109|CS202002013_110|CS202002013_111|CS202002013_112,No,
,n105,RNAseq 104-112,CS202002013_221,,,Zizhen Yao,PMID:34616066,primary motor cortex,UBERON:0001384,Mouse,RNAseq,CCN202002013,Mouse MOp BICCN taxonomy using multiple RNA-Seq datasets ,CS202002013_104|CS202002013_105|CS202002013_106|CS202002013_107|CS202002013_108|CS202002013_109|CS202002013_110|CS202002013_111|CS202002013_112,No,
VLMC,n106,RNAseq 104-110,CS202002013_222,VLMC,,Zizhen Yao,PMID:34616066,primary motor cortex,UBERON:0001384,Mouse,RNAseq,CCN202002013,Mouse MOp BICCN taxonomy using multiple RNA-Seq datasets ,CS202002013_104|CS202002013_105|CS202002013_106|CS202002013_107|CS202002013_108|CS202002013_109|CS202002013_110,Subclass,#697255
,n107,RNAseq 104-107,CS202002013_223,,,Zizhen Yao,PMID:34616066,primary motor cortex,UBERON:0001384,Mouse,RNAseq,CCN202002013,Mouse MOp BICCN taxonomy using multiple RNA-Seq datasets ,CS202002013_104|CS202002013_105|CS202002013_106|CS202002013_107,No,
,n108,RNAseq 104-105,CS202002013_224,,,Zizhen Yao,PMID:34616066,primary motor cortex,UBERON:0001384,Mouse,RNAseq,CCN202002013,Mouse MOp BICCN taxonomy using multiple RNA-Seq datasets ,CS202002013_104|CS202002013_105,No,
,n109,RNAseq 106-107,CS202002013_225,,,Zizhen Yao,PMID:34616066,primary motor cortex,UBERON:0001384,Mouse,RNAseq,CCN202002013,Mouse MOp BICCN taxonomy using multiple RNA-Seq datasets ,CS202002013_106|CS202002013_107,No,
,n110,RNAseq 108-110,CS202002013_226,,,Zizhen Yao,PMID:34616066,primary motor cortex,UBERON:0001384,Mouse,RNAseq,CCN202002013,Mouse MOp BICCN taxonomy using multiple RNA-Seq datasets ,CS202002013_108|CS202002013_109|CS202002013_110,No,
,n111,RNAseq 108-109,CS202002013_227,,,Zizhen Yao,PMID:34616066,primary motor cortex,UBERON:0001384,Mouse,RNAseq,CCN202002013,Mouse MOp BICCN taxonomy using multiple RNA-Seq datasets ,CS202002013_108|CS202002013_109,No,
,n112,RNAseq 111-112,CS202002013_228,,,Zizhen Yao,PMID:34616066,primary motor cortex,UBERON:0001384,Mouse,RNAseq,CCN202002013,Mouse MOp BICCN taxonomy using multiple RNA-Seq datasets ,CS202002013_111|CS202002013_112,No,
Micro-PVM,n113,RNAseq 113-116,CS202002013_229,Microglia-PVM,Microglia/PVM,Zizhen Yao,PMID:34616066,primary motor cortex,UBERON:0001384,Mouse,RNAseq,CCN202002013,Mouse MOp BICCN taxonomy using multiple RNA-Seq datasets ,CS202002013_113|CS202002013_114|CS202002013_115|CS202002013_116,Subclass,#94AF97
,n114,RNAseq 113-115,CS202002013_230,,,Zizhen Yao,PMID:34616066,primary motor cortex,UBERON:0001384,Mouse,RNAseq,CCN202002013,Mouse MOp BICCN taxonomy using multiple RNA-Seq datasets ,CS202002013_113|CS202002013_114|CS202002013_115,No,
,n115,RNAseq 114-115,CS202002013_231,,,Zizhen Yao,PMID:34616066,primary motor cortex,UBERON:0001384,Mouse,RNAseq,CCN202002013,Mouse MOp BICCN taxonomy using multiple RNA-Seq datasets ,CS202002013_114|CS202002013_115,No,
Sst-like,,RNAseq 029-047,CS202002013_232,Sst,,Zizhen Yao,PMID:34616066,primary motor cortex,UBERON:0001384,Mouse,RNAseq,CCN202002013,Mouse MOp BICCN taxonomy using multiple RNA-Seq datasets ,CS202002013_29|CS202002013_30|CS202002013_31|CS202002013_32|CS202002013_33|CS202002013_34|CS202002013_35|CS202002013_36|CS202002013_37|CS202002013_38|CS202002013_39|CS202002013_40|CS202002013_41|CS202002013_42|CS202002013_43|CS202002013_44|CS202002013_45|CS202002013_46|CS202002013_47,Subclass,#FF9900
Pvalb-like,,RNAseq 048-057,CS202002013_233,Pvalb,,Zizhen Yao,PMID:34616066,primary motor cortex,UBERON:0001384,Mouse,RNAseq,CCN202002013,Mouse MOp BICCN taxonomy using multiple RNA-Seq datasets ,CS202002013_48|CS202002013_49|CS202002013_50|CS202002013_51|CS202002013_52|CS202002013_53|CS202002013_54|CS202002013_55|CS202002013_56|CS202002013_57,Subclass,#D93137
Non-IT projecting,,RNAseq 070-088,CS202002013_234,Non-IT projecting,,Zizhen Yao,PMID:34616066,primary motor cortex,UBERON:0001384,Mouse,RNAseq,CCN202002013,Mouse MOp BICCN taxonomy using multiple RNA-Seq datasets ,CS202002013_70|CS202002013_71|CS202002013_72|CS202002013_73|CS202002013_74|CS202002013_75|CS202002013_76|CS202002013_77|CS202002013_78|CS202002013_79|CS202002013_80|CS202002013_81|CS202002013_82|CS202002013_83|CS202002013_84|CS202002013_85|CS202002013_86|CS202002013_87|CS202002013_88,No,
Non-Neuronal,,RNAseq 091-102,CS202002013_235,Non-neuronal,,Zizhen Yao,PMID:34616066,primary motor cortex,UBERON:0001384,Mouse,RNAseq,CCN202002013,Mouse MOp BICCN taxonomy using multiple RNA-Seq datasets ,CS202002013_91|CS202002013_92|CS202002013_93|CS202002013_94|CS202002013_95|CS202002013_96|CS202002013_97|CS202002013_98|CS202002013_99|CS202002013_100|CS202002013_101|CS202002013_102,Class,#808080
Oligo-OPC,,"RNAseq 091,095-102",CS202002013_236,Oligodendrocyte-OPC,,Zizhen Yao,PMID:34616066,primary motor cortex,UBERON:0001384,Mouse,RNAseq,CCN202002013,Mouse MOp BICCN taxonomy using multiple RNA-Seq datasets ,CS202002013_91|CS202002013_95|CS202002013_96|CS202002013_97|CS202002013_98|CS202002013_99|CS202002013_100|CS202002013_101|CS202002013_102,No,#598077
PVM,,RNAseq 114-116,CS202002013_237,PVM,,Zizhen Yao,PMID:34616066,primary motor cortex,UBERON:0001384,Mouse,RNAseq,CCN202002013,Mouse MOp BICCN taxonomy using multiple RNA-Seq datasets ,CS202002013_114|CS202002013_115|CS202002013_116,No,
Lamp5-like_C2,,RNAseq 006-007,CS202002013_238,Lamp5_2,,Nikolas Jorstad,PMID:34616062,primary motor cortex,UBERON:0001384,Mouse,RNAseq,CCN202002013,Mouse MOp BICCN taxonomy using multiple RNA-Seq datasets ,CS202002013_6|CS202002013_7,No,
Sncg-like_C3,,RNAseq 011-013,CS202002013_239,Sncg_3,,Nikolas Jorstad,PMID:34616062,primary motor cortex,UBERON:0001384,Mouse,RNAseq,CCN202002013,Mouse MOp BICCN taxonomy using multiple RNA-Seq datasets ,CS202002013_11|CS202002013_12|CS202002013_13,No,
Sncg-like_C1,,"RNAseq 014, 016",CS202002013_240,Sncg_1,,Nikolas Jorstad,PMID:34616062,primary motor cortex,UBERON:0001384,Mouse,RNAseq,CCN202002013,Mouse MOp BICCN taxonomy using multiple RNA-Seq datasets ,CS202002013_14|CS202002013_16,No,
Vip-like_C3,,"RNAseq 015, 019, 022",CS202002013_241,Vip_3,,Nikolas Jorstad,PMID:34616062,primary motor cortex,UBERON:0001384,Mouse,RNAseq,CCN202002013,Mouse MOp BICCN taxonomy using multiple RNA-Seq datasets ,CS202002013_15|CS202002013_19|CS202002013_22,No,
Vip-like_C2,,"RNAseq 017-018, 020-021",CS202002013_242,Vip_2,,Nikolas Jorstad,PMID:34616062,primary motor cortex,UBERON:0001384,Mouse,RNAseq,CCN202002013,Mouse MOp BICCN taxonomy using multiple RNA-Seq datasets ,CS202002013_17|CS202002013_18|CS202002013_20|CS202002013_21,No,
Vip-like_C1,,RNAseq 023-025,CS202002013_243,Vip_1,,Nikolas Jorstad,PMID:34616062,primary motor cortex,UBERON:0001384,Mouse,RNAseq,CCN202002013,Mouse MOp BICCN taxonomy using multiple RNA-Seq datasets ,CS202002013_23|CS202002013_24|CS202002013_25,No,
Sst-like_C2,,"RNAseq 029-030, 034",CS202002013_244,Sst_2,,Nikolas Jorstad,PMID:34616062,primary motor cortex,UBERON:0001384,Mouse,RNAseq,CCN202002013,Mouse MOp BICCN taxonomy using multiple RNA-Seq datasets ,CS202002013_29|CS202002013_30|CS202002013_34,No,
Sst-like_C3,,"RNAseq 035-036, 038-041",CS202002013_245,Sst_3,,Nikolas Jorstad,PMID:34616062,primary motor cortex,UBERON:0001384,Mouse,RNAseq,CCN202002013,Mouse MOp BICCN taxonomy using multiple RNA-Seq datasets ,CS202002013_35|CS202002013_36|CS202002013_38|CS202002013_39|CS202002013_40|CS202002013_41,No,
Sst-like_C6,,RNAseq 043-045,CS202002013_246,Sst_6,,Nikolas Jorstad,PMID:34616062,primary motor cortex,UBERON:0001384,Mouse,RNAseq,CCN202002013,Mouse MOp BICCN taxonomy using multiple RNA-Seq datasets ,CS202002013_43|CS202002013_44|CS202002013_45,No,
Pvalb-like_C1,,"RNAseq 046, 050-055",CS202002013_247,Pvalb_1,,Nikolas Jorstad,PMID:34616062,primary motor cortex,UBERON:0001384,Mouse,RNAseq,CCN202002013,Mouse MOp BICCN taxonomy using multiple RNA-Seq datasets ,CS202002013_46|CS202002013_50|CS202002013_51|CS202002013_52|CS202002013_53|CS202002013_54|CS202002013_55,No,
Pvalb-like_C2,,RNAseq 048-049,CS202002013_248,Pvalb_2,,Nikolas Jorstad,PMID:34616062,primary motor cortex,UBERON:0001384,Mouse,RNAseq,CCN202002013,Mouse MOp BICCN taxonomy using multiple RNA-Seq datasets ,CS202002013_48|CS202002013_49,No,
L5 IT_C1,,"RNAseq 061-062, 065",CS202002013_249,L5 IT_1,,Nikolas Jorstad,PMID:34616062,primary motor cortex,UBERON:0001384,Mouse,RNAseq,CCN202002013,Mouse MOp BICCN taxonomy using multiple RNA-Seq datasets ,CS202002013_61|CS202002013_62|CS202002013_65,No,
L6 IT_C2,,"RNAseq 066, 068",CS202002013_250,L6 IT_2,,Nikolas Jorstad,PMID:34616062,primary motor cortex,UBERON:0001384,Mouse,RNAseq,CCN202002013,Mouse MOp BICCN taxonomy using multiple RNA-Seq datasets ,CS202002013_66|CS202002013_68,No,
L5 ET_C1,,"RNAseq 070, 072-073",CS202002013_251,L5 ET_1,,Nikolas Jorstad,PMID:34616062,primary motor cortex,UBERON:0001384,Mouse,RNAseq,CCN202002013,Mouse MOp BICCN taxonomy using multiple RNA-Seq datasets ,CS202002013_70|CS202002013_72|CS202002013_73,No,
L6 CT_C1,,"RNAseq 075, 077-081",CS202002013_252,L6 CT_1,,Nikolas Jorstad,PMID:34616062,primary motor cortex,UBERON:0001384,Mouse,RNAseq,CCN202002013,Mouse MOp BICCN taxonomy using multiple RNA-Seq datasets ,CS202002013_75|CS202002013_77|CS202002013_78|CS202002013_79|CS202002013_80|CS202002013_81,No,
Oligo_C2,,"RNAseq 098, 100-102",CS202002013_253,Oligo_2,,Nikolas Jorstad,PMID:34616062,primary motor cortex,UBERON:0001384,Mouse,RNAseq,CCN202002013,Mouse MOp BICCN taxonomy using multiple RNA-Seq datasets ,CS202002013_98|CS202002013_100|CS202002013_101|CS202002013_102,No,
VLMC(i),,"RNAseq 104-107, 110",CS202002013_254,,VLMC(i),Nikolas Jorstad,PMID:34616062,primary motor cortex,UBERON:0001384,Mouse,RNAseq,CCN202002013,Mouse MOp BICCN taxonomy using multiple RNA-Seq datasets ,CS202002013_104|CS202002013_105|CS202002013_106|CS202002013_107|CS202002013_110,No,
Large CCK basket cell,,RNAseq 009-012,CS202002013_255,,Large CCK basket cell,Federico Scala,PMID:33184512,primary motor cortex,UBERON:0001384,Mouse,RNAseq,CCN202002013,Mouse MOp BICCN taxonomy using multiple RNA-Seq datasets ,CS202002013_9|CS202002013_10|CS202002013_11|CS202002013_12,No,
L5 T Martinotti cell,,"RNAseq 030-032, 034-035",CS202002013_256,,L5 T Martinotti cell,Federico Scala,PMID:33184512,primary motor cortex,UBERON:0001384,Mouse,RNAseq,CCN202002013,Mouse MOp BICCN taxonomy using multiple RNA-Seq datasets ,CS202002013_30|CS202002013_31|CS202002013_32|CS202002013_34|CS202002013_35,No,
Lower FS Basket cell,,RNAseq 049-053,CS202002013_257,,Lower FS Basket cell,Federico Scala,PMID:33184512,primary motor cortex,UBERON:0001384,Mouse,RNAseq,CCN202002013,Mouse MOp BICCN taxonomy using multiple RNA-Seq datasets ,CS202002013_49|CS202002013_50|CS202002013_51|CS202002013_52|CS202002013_53,No,