defined_class	prefLabel	Synonyms_from_taxonomy	Comment	Gross_cell_type	Taxon	Brain_region	Alias_citations	Minimal_markers	Allen_markers	Brain_region_abbv	Species_abbv	Individual	part_of	has_soma_location	Curated_synonyms	Classification	Classification_comment	Classification_pub	Expresses	Expresses_comment	Expresses_pub	Projection_type	Layers
http://www.semanticweb.org/brain_data_standards/AllenDendClass_CS202002013_124	CGE/PoA	"CGE/PoA|RNAseq 001-027, 089-090|n8"	"cell_set_preferred_alias:CGE/PoA ; original_label:n8 ; cell_set_label:RNAseq 001-027, 089-090 ; cell_set_aligned_alias:CGE/PoA ; cell_set_additional_aliases:''"	CL:0011005	NCBITaxon:10090	UBERON:0001384	DOI:10.1101/2020.02.29.970558	ensembl:ENSMUSG00000010175|ensembl:ENSMUSG00000052551		MOp	Mouse	AllenDend:CS202002013_124		UBERON:0001384									
http://www.semanticweb.org/brain_data_standards/AllenDendClass_CS202002013_125	Lamp5-like	Lamp5-like|Lamp5|n9|RNAseq 001-008	cell_set_preferred_alias:Lamp5-like ; original_label:n9 ; cell_set_label:RNAseq 001-008 ; cell_set_aligned_alias:Lamp5 ; cell_set_additional_aliases:''	CL:0011005	NCBITaxon:10090	UBERON:0001384	DOI:10.1101/2020.02.29.970558	ensembl:ENSMUSG00000029819|ensembl:ENSMUSG00000075270		MOp	Mouse	AllenDend:CS202002013_125		UBERON:0001384									
http://www.semanticweb.org/brain_data_standards/AllenDendClass_CS202002013_1	Lamp5-like Pax6	Lamp5 Pax6|Lamp5_4|Lamp5 Pax6|RNAseq 001|Lamp5-like Pax6	cell_set_preferred_alias:Lamp5-like Pax6 ; original_label:Lamp5 Pax6 ; cell_set_label:RNAseq 001 ; cell_set_aligned_alias:'' ; cell_set_additional_aliases:Lamp5_4|Lamp5 Pax6	CL:0011005	NCBITaxon:10090	UBERON:0001384	DOI:10.1101/2020.02.29.970558|DOI:10.1101/2020.03.31.016972|DOI:10.1101/2020.02.29.970558	ensembl:ENSMUSG00000024867|ensembl:ENSMUSG00000027168	ensembl:ENSMUSG00000027168	MOp	Mouse	AllenDend:CS202002013_1		UBERON:0001384					PR:P63015		DOI:10.1101/2020.03.31.016972		
http://www.semanticweb.org/brain_data_standards/AllenDendClass_CS202002013_2	Lamp5-like Egln3_1	Lamp5 Egln3_1|Sncg_4|Alpha7 cell|Lamp5-like Egln3_1|RNAseq 002	cell_set_preferred_alias:Lamp5-like Egln3_1 ; original_label:Lamp5 Egln3_1 ; cell_set_label:RNAseq 002 ; cell_set_aligned_alias:'' ; cell_set_additional_aliases:Sncg_4|Alpha7 cell	CL:0011005	NCBITaxon:10090	UBERON:0001384	DOI:10.1101/2020.02.29.970558|DOI:10.1101/2020.03.31.016972|DOI:10.1101/2020.02.03.929158	ensembl:ENSMUSG00000024598|ensembl:ENSMUSG00000030525|ensembl:ENSMUSG00000059187	ensembl:ENSMUSG00000035105	MOp	Mouse	AllenDend:CS202002013_2		UBERON:0001384		CL:4023010		DOI:10.1101/2020.02.29.970558	PR:Q91UZ4		DOI:10.1101/2020.03.31.016972		
http://www.semanticweb.org/brain_data_standards/AllenDendClass_CS202002013_128	Lamp5-like_C5	Lamp5-like_C5|RNAseq 003-004|n12|Lamp5_5	cell_set_preferred_alias:Lamp5-like_C5 ; original_label:n12 ; cell_set_label:RNAseq 003-004 ; cell_set_aligned_alias:'' ; cell_set_additional_aliases:Lamp5_5	CL:0011005	NCBITaxon:10090	UBERON:0001384	DOI:10.1101/2020.02.29.970558|DOI:10.1101/2020.03.31.016972	ensembl:ENSMUSG00000021508|ensembl:ENSMUSG00000049001	ensembl:ENSMUSG00000027270	MOp	Mouse	AllenDend:CS202002013_128		UBERON:0001384									
http://www.semanticweb.org/brain_data_standards/AllenDendClass_CS202002013_3	Lamp5 Egln3_2	Canopy cell|Lamp5 Egln3_2|Lamp5 Egln3_2|RNAseq 003	cell_set_preferred_alias:Lamp5 Egln3_2 ; original_label:Lamp5 Egln3_2 ; cell_set_label:RNAseq 003 ; cell_set_aligned_alias:'' ; cell_set_additional_aliases:Canopy cell|Lamp5 Egln3_2	CL:0011005	NCBITaxon:10090	UBERON:0001384	DOI:10.1101/2020.02.29.970558|DOI:10.1101/2020.02.03.929158|DOI:10.1101/2020.02.29.970558	ensembl:ENSMUSG00000024074|ensembl:ENSMUSG00000092094	ensembl:ENSMUSG00000027270|ensembl:ENSMUSG00000035105	MOp	Mouse	AllenDend:CS202002013_3		UBERON:0001384		CL:4023022		DOI:10.1101/2020.02.29.970558	PR:Q9D387|PR:Q91UZ4		DOI:10.1101/2020.03.31.016972		
http://www.semanticweb.org/brain_data_standards/AllenDendClass_CS202002013_4	Lamp5 Egln3_3	RNAseq 004|Lamp5 Egln3_3	cell_set_preferred_alias:Lamp5 Egln3_3 ; original_label:Lamp5 Egln3_3 ; cell_set_label:RNAseq 004 ; cell_set_aligned_alias:'' ; cell_set_additional_aliases:''	CL:0011005	NCBITaxon:10090	UBERON:0001384	DOI:10.1101/2020.02.29.970558	ensembl:ENSMUSG00000020902|ensembl:ENSMUSG00000021508|ensembl:ENSMUSG00000042453	ensembl:ENSMUSG00000027270|ensembl:ENSMUSG00000035105	MOp	Mouse	AllenDend:CS202002013_4		UBERON:0001384					PR:Q9D387|PR:Q91UZ4		DOI:10.1101/2020.03.31.016972		
http://www.semanticweb.org/brain_data_standards/AllenDendClass_CS202002013_130	Neurogliaform cell	n14|RNAseq 005-007|Neurogliaform cell	cell_set_preferred_alias:Neurogliaform cell ; original_label:n14 ; cell_set_label:RNAseq 005-007 ; cell_set_aligned_alias:'' ; cell_set_additional_aliases:Neurogliaform cell	CL:0011005	NCBITaxon:10090	UBERON:0001384	DOI:10.1101/2020.02.29.970558|DOI:10.1101/2020.02.03.929158	ensembl:ENSMUSG00000005672|ensembl:ENSMUSG00000075270		MOp	Mouse	AllenDend:CS202002013_130		UBERON:0001384		CL:4023024		DOI:10.1101/2020.02.29.970558					
http://www.semanticweb.org/brain_data_standards/AllenDendClass_CS202002013_5	Lamp5 Pdlim5_1	RNAseq 005|Lamp5_1|Lamp5 Pdlim5_1	cell_set_preferred_alias:Lamp5 Pdlim5_1 ; original_label:Lamp5 Pdlim5_1 ; cell_set_label:RNAseq 005 ; cell_set_aligned_alias:'' ; cell_set_additional_aliases:Lamp5_1	CL:0011005	NCBITaxon:10090	UBERON:0001384	DOI:10.1101/2020.02.29.970558|DOI:10.1101/2020.03.31.016972	ensembl:ENSMUSG00000027971|ensembl:ENSMUSG00000044447|ensembl:ENSMUSG00000049001	ensembl:ENSMUSG00000027270|ensembl:ENSMUSG00000028273	MOp	Mouse	AllenDend:CS202002013_5		UBERON:0001384					PR:Q9D387|PR:Q8CI51		DOI:10.1101/2020.03.31.016972		
http://www.semanticweb.org/brain_data_standards/AllenDendClass_CS202002013_6	Lamp5 Pdlim5_2	RNAseq 006|Lamp5 Pdlim5_2	cell_set_preferred_alias:Lamp5 Pdlim5_2 ; original_label:Lamp5 Pdlim5_2 ; cell_set_label:RNAseq 006 ; cell_set_aligned_alias:'' ; cell_set_additional_aliases:''	CL:0011005	NCBITaxon:10090	UBERON:0001384	DOI:10.1101/2020.02.29.970558	ensembl:ENSMUSG00000049001|ensembl:ENSMUSG00000075270	ensembl:ENSMUSG00000027270|ensembl:ENSMUSG00000028273	MOp	Mouse	AllenDend:CS202002013_6		UBERON:0001384					PR:Q9D387|PR:Q8CI51		DOI:10.1101/2020.03.31.016972		
http://www.semanticweb.org/brain_data_standards/AllenDendClass_CS202002013_7	Lamp5 Slc35d3	Lamp5 Slc35d3|RNAseq 007	cell_set_preferred_alias:Lamp5 Slc35d3 ; original_label:Lamp5 Slc35d3 ; cell_set_label:RNAseq 007 ; cell_set_aligned_alias:'' ; cell_set_additional_aliases:''	CL:0011005	NCBITaxon:10090	UBERON:0001384	DOI:10.1101/2020.02.29.970558	ensembl:ENSMUSG00000022231|ensembl:ENSMUSG00000055471	ensembl:ENSMUSG00000027270|ensembl:ENSMUSG00000050473	MOp	Mouse	AllenDend:CS202002013_7		UBERON:0001384					PR:Q9D387|PR:Q8BGF8		DOI:10.1101/2020.03.31.016972		
http://www.semanticweb.org/brain_data_standards/AllenDendClass_CS202002013_8	Lamp5 Lhx6	Lamp5 Lhx6|RNAseq 008|Lamp5_3|L5/6 neurogliaform cell	cell_set_preferred_alias:Lamp5 Lhx6 ; original_label:Lamp5 Lhx6 ; cell_set_label:RNAseq 008 ; cell_set_aligned_alias:Lamp5 Lhx6 ; cell_set_additional_aliases:Lamp5_3|L5/6 neurogliaform cell	CL:0011005	NCBITaxon:10090	UBERON:0001384	DOI:10.1101/2020.02.29.970558|DOI:10.1101/2020.03.31.016972|DOI:10.1101/2020.02.03.929158	ensembl:ENSMUSG00000029361|ensembl:ENSMUSG00000110002	ensembl:ENSMUSG00000026890|ensembl:ENSMUSG00000027270	MOp	Mouse	AllenDend:CS202002013_8		UBERON:0001384		CL:4023023		DOI:10.1101/2020.02.29.970558	PR:Q9D387|PR:Q9R1R0		DOI:10.1101/2020.03.31.016972		
http://www.semanticweb.org/brain_data_standards/AllenDendClass_CS202002013_133	Sncg-like	RNAseq 009-014|n17|Sncg-like|Sncg	cell_set_preferred_alias:Sncg-like ; original_label:n17 ; cell_set_label:RNAseq 009-014 ; cell_set_aligned_alias:Sncg ; cell_set_additional_aliases:''	CL:0011005	NCBITaxon:10090	UBERON:0001384	DOI:10.1101/2020.02.29.970558	ensembl:ENSMUSG00000044288|ensembl:ENSMUSG00000058897		MOp	Mouse	AllenDend:CS202002013_133		UBERON:0001384									
http://www.semanticweb.org/brain_data_standards/AllenDendClass_CS202002013_134	Sncg-like_C2	RNAseq 009-010|n18|Sncg_2|Sncg-like_C2	cell_set_preferred_alias:Sncg-like_C2 ; original_label:n18 ; cell_set_label:RNAseq 009-010 ; cell_set_aligned_alias:'' ; cell_set_additional_aliases:Sncg_2	CL:0011005	NCBITaxon:10090	UBERON:0001384	DOI:10.1101/2020.02.29.970558|DOI:10.1101/2020.03.31.016972	ensembl:ENSMUSG00000048967|ensembl:ENSMUSG00000059049	ensembl:ENSMUSG00000023064	MOp	Mouse	AllenDend:CS202002013_134		UBERON:0001384									
http://www.semanticweb.org/brain_data_standards/AllenDendClass_CS202002013_9	Sncg Col14a1	RNAseq 009|Sncg Col14a1	cell_set_preferred_alias:Sncg Col14a1 ; original_label:Sncg Col14a1 ; cell_set_label:RNAseq 009 ; cell_set_aligned_alias:'' ; cell_set_additional_aliases:''	CL:0011005	NCBITaxon:10090	UBERON:0001384	DOI:10.1101/2020.02.29.970558	ensembl:ENSMUSG00000015766|ensembl:ENSMUSG00000039385|ensembl:ENSMUSG00000058897	ensembl:ENSMUSG00000022371|ensembl:ENSMUSG00000023064	MOp	Mouse	AllenDend:CS202002013_9		UBERON:0001384					PR:Q9Z0F7|PR:Q80X19		DOI:10.1101/2020.03.31.016972		
http://www.semanticweb.org/brain_data_standards/AllenDendClass_CS202002013_10	Sncg Slc17a8	RNAseq 010|Sncg Slc17a8	cell_set_preferred_alias:Sncg Slc17a8 ; original_label:Sncg Slc17a8 ; cell_set_label:RNAseq 010 ; cell_set_aligned_alias:'' ; cell_set_additional_aliases:''	CL:0011005	NCBITaxon:10090	UBERON:0001384	DOI:10.1101/2020.02.29.970558	ensembl:ENSMUSG00000019935|ensembl:ENSMUSG00000048967	ensembl:ENSMUSG00000019935|ensembl:ENSMUSG00000023064	MOp	Mouse	AllenDend:CS202002013_10		UBERON:0001384					PR:Q9Z0F7|PR:Q8BFU8	Low expression	DOI:10.1101/2020.03.31.016972		
http://www.semanticweb.org/brain_data_standards/AllenDendClass_CS202002013_11	Sncg Calb1_1	RNAseq 011|Sncg Calb1_1	cell_set_preferred_alias:Sncg Calb1_1 ; original_label:Sncg Calb1_1 ; cell_set_label:RNAseq 011 ; cell_set_aligned_alias:'' ; cell_set_additional_aliases:''	CL:0011005	NCBITaxon:10090	UBERON:0001384	DOI:10.1101/2020.02.29.970558	ensembl:ENSMUSG00000027849|ensembl:ENSMUSG00000042045|ensembl:ENSMUSG00000063661	ensembl:ENSMUSG00000023064|ensembl:ENSMUSG00000028222	MOp	Mouse	AllenDend:CS202002013_11		UBERON:0001384					PR:Q9Z0F7|PR:P12658		DOI:10.1101/2020.03.31.016972		
http://www.semanticweb.org/brain_data_standards/AllenDendClass_CS202002013_12	Sncg Calb1_2	RNAseq 012|Sncg Calb1_2	cell_set_preferred_alias:Sncg Calb1_2 ; original_label:Sncg Calb1_2 ; cell_set_label:RNAseq 012 ; cell_set_aligned_alias:'' ; cell_set_additional_aliases:''	CL:0011005	NCBITaxon:10090	UBERON:0001384	DOI:10.1101/2020.02.29.970558	ensembl:ENSMUSG00000024376|ensembl:ENSMUSG00000027849|ensembl:ENSMUSG00000028222	ensembl:ENSMUSG00000023064|ensembl:ENSMUSG00000028222	MOp	Mouse	AllenDend:CS202002013_12		UBERON:0001384					PR:Q9Z0F7|PR:P12658		DOI:10.1101/2020.03.31.016972		
http://www.semanticweb.org/brain_data_standards/AllenDendClass_CS202002013_13	Sncg Npy2r	RNAseq 013|Sncg Npy2r	cell_set_preferred_alias:Sncg Npy2r ; original_label:Sncg Npy2r ; cell_set_label:RNAseq 013 ; cell_set_aligned_alias:'' ; cell_set_additional_aliases:''	CL:0011005	NCBITaxon:10090	UBERON:0001384	DOI:10.1101/2020.02.29.970558	ensembl:ENSMUSG00000028004|ensembl:ENSMUSG00000029101	ensembl:ENSMUSG00000023064|ensembl:ENSMUSG00000028004	MOp	Mouse	AllenDend:CS202002013_13		UBERON:0001384					PR:Q9Z0F7|PR:P97295		DOI:10.1101/2020.03.31.016972		
http://www.semanticweb.org/brain_data_standards/AllenDendClass_CS202002013_14	Vip Sncg	Vip Sncg|Small CCK basket cell|RNAseq 014	cell_set_preferred_alias:Vip Sncg ; original_label:Vip Sncg ; cell_set_label:RNAseq 014 ; cell_set_aligned_alias:'' ; cell_set_additional_aliases:Small CCK basket cell	CL:0011005	NCBITaxon:10090	UBERON:0001384	DOI:10.1101/2020.02.29.970558|DOI:10.1101/2020.02.03.929158	ensembl:ENSMUSG00000020099|ensembl:ENSMUSG00000022656|ensembl:ENSMUSG00000049796	ensembl:ENSMUSG00000019772|ensembl:ENSMUSG00000023064|ensembl:ENSMUSG00000032532	MOp	Mouse	AllenDend:CS202002013_14		UBERON:0001384					PR:P32648|PR:000017299	Barely any Sncg expression	DOI:10.1101/2020.03.31.016972		
http://www.semanticweb.org/brain_data_standards/AllenDendClass_CS202002013_138	Vip-like	RNAseq 015-027|n22|Vip|Vip-like	cell_set_preferred_alias:Vip-like ; original_label:n22 ; cell_set_label:RNAseq 015-027 ; cell_set_aligned_alias:Vip ; cell_set_additional_aliases:''	CL:0011005	NCBITaxon:10090	UBERON:0001384	DOI:10.1101/2020.02.29.970558	ensembl:ENSMUSG00000019772		MOp	Mouse	AllenDend:CS202002013_138		UBERON:0001384									
http://www.semanticweb.org/brain_data_standards/AllenDendClass_CS202002013_139	L5/6 CCK cell	n23|RNAseq 015-017|L5/6 CCK cell	cell_set_preferred_alias:L5/6 CCK cell ; original_label:n23 ; cell_set_label:RNAseq 015-017 ; cell_set_aligned_alias:'' ; cell_set_additional_aliases:L5/6 CCK cell	CL:0011005	NCBITaxon:10090	UBERON:0001384	DOI:10.1101/2020.02.29.970558|DOI:10.1101/2020.02.03.929158	ensembl:ENSMUSG00000022371|ensembl:ENSMUSG00000022425|ensembl:ENSMUSG00000038718	ensembl:ENSMUSG00000032532	MOp	Mouse	AllenDend:CS202002013_139		UBERON:0001384		CL:4023071		DOI:10.1101/2020.02.29.970558	PR:P09240		DOI:10.1101/2020.03.31.016972		
http://www.semanticweb.org/brain_data_standards/AllenDendClass_CS202002013_15	Vip Serpinf1_1	Vip Serpinf1_1|RNAseq 015	cell_set_preferred_alias:Vip Serpinf1_1 ; original_label:Vip Serpinf1_1 ; cell_set_label:RNAseq 015 ; cell_set_aligned_alias:'' ; cell_set_additional_aliases:''	CL:0011005	NCBITaxon:10090	UBERON:0001384	DOI:10.1101/2020.02.29.970558	ensembl:ENSMUSG00000026475|ensembl:ENSMUSG00000027996	ensembl:ENSMUSG00000000753|ensembl:ENSMUSG00000019772	MOp	Mouse	AllenDend:CS202002013_15		UBERON:0001384					PR:P32648|PR:P97298		DOI:10.1101/2020.03.31.016972		
http://www.semanticweb.org/brain_data_standards/AllenDendClass_CS202002013_16	Vip Serpinf1_2	Vip Serpinf1_2|RNAseq 016	cell_set_preferred_alias:Vip Serpinf1_2 ; original_label:Vip Serpinf1_2 ; cell_set_label:RNAseq 016 ; cell_set_aligned_alias:'' ; cell_set_additional_aliases:''	CL:0011005	NCBITaxon:10090	UBERON:0001384	DOI:10.1101/2020.02.29.970558	ensembl:ENSMUSG00000022371|ensembl:ENSMUSG00000037362|ensembl:ENSMUSG00000038718	ensembl:ENSMUSG00000000753|ensembl:ENSMUSG00000019772	MOp	Mouse	AllenDend:CS202002013_16		UBERON:0001384					PR:P32648|PR:P97298		DOI:10.1101/2020.03.31.016972		
http://www.semanticweb.org/brain_data_standards/AllenDendClass_CS202002013_17	Vip-like Serpinf1_3	RNAseq 017|Vip-like Serpinf1_3|Vip Serpinf1_3	cell_set_preferred_alias:Vip-like Serpinf1_3 ; original_label:Vip Serpinf1_3 ; cell_set_label:RNAseq 017 ; cell_set_aligned_alias:'' ; cell_set_additional_aliases:Vip Serpinf1_3	CL:0011005	NCBITaxon:10090	UBERON:0001384	DOI:10.1101/2020.02.29.970558	ensembl:ENSMUSG00000022425|ensembl:ENSMUSG00000025813|ensembl:ENSMUSG00000037362|ensembl:ENSMUSG00000040624	ensembl:ENSMUSG00000000753	MOp	Mouse	AllenDend:CS202002013_17		UBERON:0001384					PR:P97298		DOI:10.1101/2020.03.31.016972		
http://www.semanticweb.org/brain_data_standards/AllenDendClass_CS202002013_143	L5 VIP cell	n27|RNAseq 018-020|L5 VIP cell	cell_set_preferred_alias:L5 VIP cell ; original_label:n27 ; cell_set_label:RNAseq 018-020 ; cell_set_aligned_alias:'' ; cell_set_additional_aliases:L5 VIP cell	CL:0011005	NCBITaxon:10090	UBERON:0001384	DOI:10.1101/2020.02.29.970558|DOI:10.1101/2020.02.03.929158	ensembl:ENSMUSG00000000805|ensembl:ENSMUSG00000019772|ensembl:ENSMUSG00000049796	ensembl:ENSMUSG00000019772	MOp	Mouse	AllenDend:CS202002013_143		UBERON:0001384		CL:4023014		DOI:10.1101/2020.02.29.970558					
http://www.semanticweb.org/brain_data_standards/AllenDendClass_CS202002013_18	Vip Htr1f	Vip Htr1f|RNAseq 018	cell_set_preferred_alias:Vip Htr1f ; original_label:Vip Htr1f ; cell_set_label:RNAseq 018 ; cell_set_aligned_alias:'' ; cell_set_additional_aliases:''	CL:0011005	NCBITaxon:10090	UBERON:0001384	DOI:10.1101/2020.02.29.970558	ensembl:ENSMUSG00000019772|ensembl:ENSMUSG00000037362|ensembl:ENSMUSG00000045648	ensembl:ENSMUSG00000019772|ensembl:ENSMUSG00000050783	MOp	Mouse	AllenDend:CS202002013_18		UBERON:0001384					PR:P32648|PR:Q02284		DOI:10.1101/2020.03.31.016972		
http://www.semanticweb.org/brain_data_standards/AllenDendClass_CS202002013_19	Vip Gpc3	RNAseq 019|Vip Gpc3	cell_set_preferred_alias:Vip Gpc3 ; original_label:Vip Gpc3 ; cell_set_label:RNAseq 019 ; cell_set_aligned_alias:'' ; cell_set_additional_aliases:''	CL:0011005	NCBITaxon:10090	UBERON:0001384	DOI:10.1101/2020.02.29.970558	ensembl:ENSMUSG00000019772|ensembl:ENSMUSG00000038718|ensembl:ENSMUSG00000041741	ensembl:ENSMUSG00000019772|ensembl:ENSMUSG00000055653	MOp	Mouse	AllenDend:CS202002013_19		UBERON:0001384					PR:P32648|PR:Q8CFZ4		DOI:10.1101/2020.03.31.016972		
http://www.semanticweb.org/brain_data_standards/AllenDendClass_CS202002013_20	Vip C1ql1	RNAseq 020|Vip C1ql1	cell_set_preferred_alias:Vip C1ql1 ; original_label:Vip C1ql1 ; cell_set_label:RNAseq 020 ; cell_set_aligned_alias:'' ; cell_set_additional_aliases:''	CL:0011005	NCBITaxon:10090	UBERON:0001384	DOI:10.1101/2020.02.29.970558	ensembl:ENSMUSG00000019772|ensembl:ENSMUSG00000020042|ensembl:ENSMUSG00000031963|ensembl:ENSMUSG00000049796	ensembl:ENSMUSG00000019772|ensembl:ENSMUSG00000045532	MOp	Mouse	AllenDend:CS202002013_20		UBERON:0001384					PR:P32648|PR:O88992		DOI:10.1101/2020.03.31.016972		
http://www.semanticweb.org/brain_data_standards/AllenDendClass_CS202002013_145	L2/3 Bipolar VIP cell	L2/3 Bipolar VIP cell|n29|RNAseq 021-025	cell_set_preferred_alias:L2/3 Bipolar VIP cell ; original_label:n29 ; cell_set_label:RNAseq 021-025 ; cell_set_aligned_alias:'' ; cell_set_additional_aliases:L2/3 Bipolar VIP cell	CL:0011005	NCBITaxon:10090	UBERON:0001384	DOI:10.1101/2020.02.29.970558|DOI:10.1101/2020.02.03.929158	ensembl:ENSMUSG00000019772|ensembl:ENSMUSG00000030170		MOp	Mouse	AllenDend:CS202002013_145		UBERON:0001384		CL:4023007		DOI:10.1101/2020.02.29.970558					
http://www.semanticweb.org/brain_data_standards/AllenDendClass_CS202002013_21	Vip Mybpc1_2	RNAseq 021|Vip Mybpc1_2	cell_set_preferred_alias:Vip Mybpc1_2 ; original_label:Vip Mybpc1_2 ; cell_set_label:RNAseq 021 ; cell_set_aligned_alias:'' ; cell_set_additional_aliases:''	CL:0011005	NCBITaxon:10090	UBERON:0001384	DOI:10.1101/2020.02.29.970558	ensembl:ENSMUSG00000032269|ensembl:ENSMUSG00000112276	ensembl:ENSMUSG00000019772|ensembl:ENSMUSG00000020061	MOp	Mouse	AllenDend:CS202002013_21		UBERON:0001384					PR:P32648|PR:000010803		DOI:10.1101/2020.03.31.016972		
http://www.semanticweb.org/brain_data_standards/AllenDendClass_CS202002013_22	Vip Mybpc1_1	RNAseq 022|Vip Mybpc1_1	cell_set_preferred_alias:Vip Mybpc1_1 ; original_label:Vip Mybpc1_1 ; cell_set_label:RNAseq 022 ; cell_set_aligned_alias:'' ; cell_set_additional_aliases:''	CL:0011005	NCBITaxon:10090	UBERON:0001384	DOI:10.1101/2020.02.29.970558	ensembl:ENSMUSG00000003657|ensembl:ENSMUSG00000110281	ensembl:ENSMUSG00000019772|ensembl:ENSMUSG00000020061	MOp	Mouse	AllenDend:CS202002013_22		UBERON:0001384					PR:P32648|PR:000010803		DOI:10.1101/2020.03.31.016972		
http://www.semanticweb.org/brain_data_standards/AllenDendClass_CS202002013_23	Vip Chat_1	Vip Chat_1|RNAseq 023	cell_set_preferred_alias:Vip Chat_1 ; original_label:Vip Chat_1 ; cell_set_label:RNAseq 023 ; cell_set_aligned_alias:'' ; cell_set_additional_aliases:''	CL:0011005	NCBITaxon:10090	UBERON:0001384	DOI:10.1101/2020.02.29.970558	ensembl:ENSMUSG00000021919|ensembl:ENSMUSG00000028004	ensembl:ENSMUSG00000019772|ensembl:ENSMUSG00000021919	MOp	Mouse	AllenDend:CS202002013_23		UBERON:0001384					PR:P32648|PR:Q03059		DOI:10.1101/2020.03.31.016972		
http://www.semanticweb.org/brain_data_standards/AllenDendClass_CS202002013_24	Vip Mybpc1_3	RNAseq 024|Vip Mybpc1_3	cell_set_preferred_alias:Vip Mybpc1_3 ; original_label:Vip Mybpc1_3 ; cell_set_label:RNAseq 024 ; cell_set_aligned_alias:'' ; cell_set_additional_aliases:''	CL:0011005	NCBITaxon:10090	UBERON:0001384	DOI:10.1101/2020.02.29.970558	ensembl:ENSMUSG00000024211|ensembl:ENSMUSG00000060371	ensembl:ENSMUSG00000019772|ensembl:ENSMUSG00000020061	MOp	Mouse	AllenDend:CS202002013_24		UBERON:0001384					PR:P32648|PR:000010803		DOI:10.1101/2020.03.31.016972		
http://www.semanticweb.org/brain_data_standards/AllenDendClass_CS202002013_25	Vip Chat_2	Vip Chat_2|RNAseq 025	cell_set_preferred_alias:Vip Chat_2 ; original_label:Vip Chat_2 ; cell_set_label:RNAseq 025 ; cell_set_aligned_alias:'' ; cell_set_additional_aliases:''	CL:0011005	NCBITaxon:10090	UBERON:0001384	DOI:10.1101/2020.02.29.970558	ensembl:ENSMUSG00000026322|ensembl:ENSMUSG00000032017	ensembl:ENSMUSG00000019772|ensembl:ENSMUSG00000021919	MOp	Mouse	AllenDend:CS202002013_25		UBERON:0001384					PR:P32648|PR:Q03059		DOI:10.1101/2020.03.31.016972		
http://www.semanticweb.org/brain_data_standards/AllenDendClass_CS202002013_149	Vip-like_C4	RNAseq 026-027|n33|Vip-like_C4|Vip_4|Uncharacterized VIP cell	cell_set_preferred_alias:Vip-like_C4 ; original_label:n33 ; cell_set_label:RNAseq 026-027 ; cell_set_aligned_alias:'' ; cell_set_additional_aliases:Vip_4|Uncharacterized VIP cell	CL:0011005	NCBITaxon:10090	UBERON:0001384	DOI:10.1101/2020.02.29.970558|DOI:10.1101/2020.03.31.016972|DOI:10.1101/2020.02.03.929158	ensembl:ENSMUSG00000042581|ensembl:ENSMUSG00000110468		MOp	Mouse	AllenDend:CS202002013_149		UBERON:0001384									
http://www.semanticweb.org/brain_data_standards/AllenDendClass_CS202002013_26	Vip-like Igfbp6_1	RNAseq 026|Vip Igfbp6_1|Vip-like Igfbp6_1	cell_set_preferred_alias:Vip-like Igfbp6_1 ; original_label:Vip Igfbp6_1 ; cell_set_label:RNAseq 026 ; cell_set_aligned_alias:'' ; cell_set_additional_aliases:Vip Igfbp6_1	CL:0011005	NCBITaxon:10090	UBERON:0001384	DOI:10.1101/2020.02.29.970558	ensembl:ENSMUSG00000032625|ensembl:ENSMUSG00000110468	ensembl:ENSMUSG00000023046	MOp	Mouse	AllenDend:CS202002013_26		UBERON:0001384					PR:P47880		DOI:10.1101/2020.03.31.016972		
http://www.semanticweb.org/brain_data_standards/AllenDendClass_CS202002013_27	Vip Igfbp6_2	RNAseq 027|Vip Igfbp6_2	cell_set_preferred_alias:Vip Igfbp6_2 ; original_label:Vip Igfbp6_2 ; cell_set_label:RNAseq 027 ; cell_set_aligned_alias:'' ; cell_set_additional_aliases:''	CL:0011005	NCBITaxon:10090	UBERON:0001384	DOI:10.1101/2020.02.29.970558	ensembl:ENSMUSG00000042581|ensembl:ENSMUSG00000049796	ensembl:ENSMUSG00000019772|ensembl:ENSMUSG00000023046	MOp	Mouse	AllenDend:CS202002013_27		UBERON:0001384					PR:P32648|PR:P47880		DOI:10.1101/2020.03.31.016972		
http://www.semanticweb.org/brain_data_standards/AllenDendClass_CS202002013_150	MGE	n34|RNAseq 028-057|MGE	cell_set_preferred_alias:MGE ; original_label:n34 ; cell_set_label:RNAseq 028-057 ; cell_set_aligned_alias:MGE ; cell_set_additional_aliases:''	CL:0011005	NCBITaxon:10090	UBERON:0001384	DOI:10.1101/2020.02.29.970558	ensembl:ENSMUSG00000046178|ensembl:ENSMUSG00000094083		MOp	Mouse	AllenDend:CS202002013_150		UBERON:0001384									
http://www.semanticweb.org/brain_data_standards/AllenDendClass_CS202002013_28	Sst Chodl	Sst Chodl|Sst Chodl|Long-projecting SST cell|RNAseq 028	cell_set_preferred_alias:Sst Chodl ; original_label:Sst Chodl ; cell_set_label:RNAseq 028 ; cell_set_aligned_alias:Sst Chodl ; cell_set_additional_aliases:Sst Chodl|Long-projecting SST cell	CL:0011005	NCBITaxon:10090	UBERON:0001384	DOI:10.1101/2020.02.29.970558|DOI:10.1101/2020.03.31.016972|DOI:10.1101/2020.02.03.929158	ensembl:ENSMUSG00000022860|ensembl:ENSMUSG00000029361	ensembl:ENSMUSG00000004366|ensembl:ENSMUSG00000022860	MOp	Mouse	AllenDend:CS202002013_28		UBERON:0001384		CL:4023025		DOI:10.1101/2020.02.29.970558	PR:P60041|PR:Q9CXM0		DOI:10.1101/2020.03.31.016972		
http://www.semanticweb.org/brain_data_standards/AllenDendClass_CS202002013_29	Sst Penk	Sst Penk|RNAseq 029	cell_set_preferred_alias:Sst Penk ; original_label:Sst Penk ; cell_set_label:RNAseq 029 ; cell_set_aligned_alias:'' ; cell_set_additional_aliases:''	CL:0011005	NCBITaxon:10090	UBERON:0001384	DOI:10.1101/2020.02.29.970558	ensembl:ENSMUSG00000021647|ensembl:ENSMUSG00000059203|ensembl:ENSMUSG00000097462	ensembl:ENSMUSG00000004366|ensembl:ENSMUSG00000045573	MOp	Mouse	AllenDend:CS202002013_29		UBERON:0001384					PR:P60041|PR:P22005		DOI:10.1101/2020.03.31.016972		
http://www.semanticweb.org/brain_data_standards/AllenDendClass_CS202002013_30	Sst Myh8_1	RNAseq 030|Sst Myh8_1	cell_set_preferred_alias:Sst Myh8_1 ; original_label:Sst Myh8_1 ; cell_set_label:RNAseq 030 ; cell_set_aligned_alias:'' ; cell_set_additional_aliases:''	CL:0011005	NCBITaxon:10090	UBERON:0001384	DOI:10.1101/2020.02.29.970558	ensembl:ENSMUSG00000042453|ensembl:ENSMUSG00000059203	ensembl:ENSMUSG00000004366|ensembl:ENSMUSG00000055775	MOp	Mouse	AllenDend:CS202002013_30		UBERON:0001384					PR:P60041|PR:P13542		DOI:10.1101/2020.03.31.016972		
http://www.semanticweb.org/brain_data_standards/AllenDendClass_CS202002013_156	Sst-like_C1	Sst-like_C1|RNAseq 031-033|Sst_1|n40	cell_set_preferred_alias:Sst-like_C1 ; original_label:n40 ; cell_set_label:RNAseq 031-033 ; cell_set_aligned_alias:'' ; cell_set_additional_aliases:Sst_1	CL:0011005	NCBITaxon:10090	UBERON:0001384	DOI:10.1101/2020.02.29.970558|DOI:10.1101/2020.03.31.016972	ensembl:ENSMUSG00000027400|ensembl:ENSMUSG00000062151	ensembl:ENSMUSG00000004366	MOp	Mouse	AllenDend:CS202002013_156		UBERON:0001384									
http://www.semanticweb.org/brain_data_standards/AllenDendClass_CS202002013_31	Sst Myh8_2	RNAseq 031|Sst Myh8_2	cell_set_preferred_alias:Sst Myh8_2 ; original_label:Sst Myh8_2 ; cell_set_label:RNAseq 031 ; cell_set_aligned_alias:'' ; cell_set_additional_aliases:''	CL:0011005	NCBITaxon:10090	UBERON:0001384	DOI:10.1101/2020.02.29.970558	ensembl:ENSMUSG00000031841|ensembl:ENSMUSG00000051910|ensembl:ENSMUSG00000055214	ensembl:ENSMUSG00000004366|ensembl:ENSMUSG00000055775	MOp	Mouse	AllenDend:CS202002013_31		UBERON:0001384					PR:P60041|PR:P13542		DOI:10.1101/2020.03.31.016972		
http://www.semanticweb.org/brain_data_standards/AllenDendClass_CS202002013_32	Sst Myh8_3	RNAseq 032|Sst Myh8_3	cell_set_preferred_alias:Sst Myh8_3 ; original_label:Sst Myh8_3 ; cell_set_label:RNAseq 032 ; cell_set_aligned_alias:'' ; cell_set_additional_aliases:''	CL:0011005	NCBITaxon:10090	UBERON:0001384	DOI:10.1101/2020.02.29.970558	ensembl:ENSMUSG00000019828|ensembl:ENSMUSG00000025370	ensembl:ENSMUSG00000004366|ensembl:ENSMUSG00000055775	MOp	Mouse	AllenDend:CS202002013_32		UBERON:0001384					PR:P60041|PR:P13542		DOI:10.1101/2020.03.31.016972		
http://www.semanticweb.org/brain_data_standards/AllenDendClass_CS202002013_33	Sst Htr1a	RNAseq 033|Sst Htr1a	cell_set_preferred_alias:Sst Htr1a ; original_label:Sst Htr1a ; cell_set_label:RNAseq 033 ; cell_set_aligned_alias:'' ; cell_set_additional_aliases:''	CL:0011005	NCBITaxon:10090	UBERON:0001384	DOI:10.1101/2020.02.29.970558	ensembl:ENSMUSG00000027400|ensembl:ENSMUSG00000105068	ensembl:ENSMUSG00000004366|ensembl:ENSMUSG00000021721	MOp	Mouse	AllenDend:CS202002013_33		UBERON:0001384					PR:P60041|PR:Q64264		DOI:10.1101/2020.03.31.016972		
http://www.semanticweb.org/brain_data_standards/AllenDendClass_CS202002013_34	Sst Etv1	Sst Etv1|RNAseq 034	cell_set_preferred_alias:Sst Etv1 ; original_label:Sst Etv1 ; cell_set_label:RNAseq 034 ; cell_set_aligned_alias:'' ; cell_set_additional_aliases:''	CL:0011005	NCBITaxon:10090	UBERON:0001384	DOI:10.1101/2020.02.29.970558	ensembl:ENSMUSG00000024598|ensembl:ENSMUSG00000026141|ensembl:ENSMUSG00000031997	ensembl:ENSMUSG00000004151|ensembl:ENSMUSG00000004366	MOp	Mouse	AllenDend:CS202002013_34		UBERON:0001384					PR:P60041|PR:P41164		DOI:10.1101/2020.03.31.016972		
http://www.semanticweb.org/brain_data_standards/AllenDendClass_CS202002013_35	Sst Pvalb Etv1	Sst Pvalb Etv1|RNAseq 035	cell_set_preferred_alias:Sst Pvalb Etv1 ; original_label:Sst Pvalb Etv1 ; cell_set_label:RNAseq 035 ; cell_set_aligned_alias:'' ; cell_set_additional_aliases:''	CL:0011005	NCBITaxon:10090	UBERON:0001384	DOI:10.1101/2020.02.29.970558	ensembl:ENSMUSG00000038156|ensembl:ENSMUSG00000039137|ensembl:ENSMUSG00000095105	ensembl:ENSMUSG00000004151|ensembl:ENSMUSG00000004366|ensembl:ENSMUSG00000005716	MOp	Mouse	AllenDend:CS202002013_35		UBERON:0001384					PR:P60041|PR:P32848|PR:P41164	Low Pvalb expression	DOI:10.1101/2020.03.31.016972		
http://www.semanticweb.org/brain_data_standards/AllenDendClass_CS202002013_161	L5 non-Martinotti cell	n45|RNAseq 036-037|L5 non-Martinotti cell	cell_set_preferred_alias:L5 non-Martinotti cell ; original_label:n45 ; cell_set_label:RNAseq 036-037 ; cell_set_aligned_alias:'' ; cell_set_additional_aliases:L5 non-Martinotti cell	CL:0011005	NCBITaxon:10090	UBERON:0001384	DOI:10.1101/2020.02.29.970558|DOI:10.1101/2020.02.03.929158	ensembl:ENSMUSG00000024990|ensembl:ENSMUSG00000031997|ensembl:ENSMUSG00000068220		MOp	Mouse	AllenDend:CS202002013_161		UBERON:0001384		CL:4023028		DOI:10.1101/2020.02.29.970558					
http://www.semanticweb.org/brain_data_standards/AllenDendClass_CS202002013_36	Sst Crhr2_1	Sst Crhr2_1|RNAseq 036	cell_set_preferred_alias:Sst Crhr2_1 ; original_label:Sst Crhr2_1 ; cell_set_label:RNAseq 036 ; cell_set_aligned_alias:'' ; cell_set_additional_aliases:''	CL:0011005	NCBITaxon:10090	UBERON:0001384	DOI:10.1101/2020.02.29.970558	ensembl:ENSMUSG00000010461|ensembl:ENSMUSG00000026393|ensembl:ENSMUSG00000031997	ensembl:ENSMUSG00000003476|ensembl:ENSMUSG00000004366	MOp	Mouse	AllenDend:CS202002013_36		UBERON:0001384					PR:P60041|PR:Q60748		DOI:10.1101/2020.03.31.016972		
http://www.semanticweb.org/brain_data_standards/AllenDendClass_CS202002013_37	Sst Crhr2_2	RNAseq 037|Sst_4|Sst Crhr2_2	cell_set_preferred_alias:Sst Crhr2_2 ; original_label:Sst Crhr2_2 ; cell_set_label:RNAseq 037 ; cell_set_aligned_alias:'' ; cell_set_additional_aliases:Sst_4	CL:0011005	NCBITaxon:10090	UBERON:0001384	DOI:10.1101/2020.02.29.970558|DOI:10.1101/2020.03.31.016972	ensembl:ENSMUSG00000026765|ensembl:ENSMUSG00000031997	ensembl:ENSMUSG00000003476|ensembl:ENSMUSG00000004366	MOp	Mouse	AllenDend:CS202002013_37		UBERON:0001384					PR:P60041|PR:Q60748		DOI:10.1101/2020.03.31.016972		
http://www.semanticweb.org/brain_data_standards/AllenDendClass_CS202002013_38	Sst Hpse	L4 SST cell|Sst Hpse|RNAseq 038	cell_set_preferred_alias:Sst Hpse ; original_label:Sst Hpse ; cell_set_label:RNAseq 038 ; cell_set_aligned_alias:'' ; cell_set_additional_aliases:L4 SST cell	CL:0011005	NCBITaxon:10090	UBERON:0001384	DOI:10.1101/2020.02.29.970558|DOI:10.1101/2020.02.03.929158	ensembl:ENSMUSG00000030222|ensembl:ENSMUSG00000035273	ensembl:ENSMUSG00000004366|ensembl:ENSMUSG00000035273	MOp	Mouse	AllenDend:CS202002013_38		UBERON:0001384		CL:4023031		DOI:10.1101/2020.02.29.970558	PR:P60041|PR:Q6YGZ1		DOI:10.1101/2020.03.31.016972		
http://www.semanticweb.org/brain_data_standards/AllenDendClass_CS202002013_164	L2/3/5 fan Martinotti cell	n48|RNAseq 039-040|L2/3/5 fan Martinotti cell	cell_set_preferred_alias:L2/3/5 fan Martinotti cell ; original_label:n48 ; cell_set_label:RNAseq 039-040 ; cell_set_aligned_alias:'' ; cell_set_additional_aliases:L2/3/5 fan Martinotti cell	CL:0011005	NCBITaxon:10090	UBERON:0001384	DOI:10.1101/2020.02.29.970558|DOI:10.1101/2020.02.03.929158	ensembl:ENSMUSG00000004366|ensembl:ENSMUSG00000027965		MOp	Mouse	AllenDend:CS202002013_164		UBERON:0001384		CL:4023030		DOI:10.1101/2020.02.29.970558					
http://www.semanticweb.org/brain_data_standards/AllenDendClass_CS202002013_39	Sst Calb2	Sst Calb2|RNAseq 039	cell_set_preferred_alias:Sst Calb2 ; original_label:Sst Calb2 ; cell_set_label:RNAseq 039 ; cell_set_aligned_alias:'' ; cell_set_additional_aliases:''	CL:0011005	NCBITaxon:10090	UBERON:0001384	DOI:10.1101/2020.02.29.970558	ensembl:ENSMUSG00000004366|ensembl:ENSMUSG00000027965	ensembl:ENSMUSG00000003657|ensembl:ENSMUSG00000004366	MOp	Mouse	AllenDend:CS202002013_39		UBERON:0001384					PR:P60041|PR:Q08331		DOI:10.1101/2020.03.31.016972		
http://www.semanticweb.org/brain_data_standards/AllenDendClass_CS202002013_40	Sst Pappa	RNAseq 040|Sst Pappa	cell_set_preferred_alias:Sst Pappa ; original_label:Sst Pappa ; cell_set_label:RNAseq 040 ; cell_set_aligned_alias:'' ; cell_set_additional_aliases:''	CL:0011005	NCBITaxon:10090	UBERON:0001384	DOI:10.1101/2020.02.29.970558	ensembl:ENSMUSG00000031997|ensembl:ENSMUSG00000116610	ensembl:ENSMUSG00000004366|ensembl:ENSMUSG00000028370	MOp	Mouse	AllenDend:CS202002013_40		UBERON:0001384					PR:P60041|PR:Q8R4K8		DOI:10.1101/2020.03.31.016972		
http://www.semanticweb.org/brain_data_standards/AllenDendClass_CS202002013_41	Sst Pvalb Calb2	L2/3 PV-like cell|Sst Pvalb Calb2|RNAseq 041	cell_set_preferred_alias:Sst Pvalb Calb2 ; original_label:Sst Pvalb Calb2 ; cell_set_label:RNAseq 041 ; cell_set_aligned_alias:'' ; cell_set_additional_aliases:L2/3 PV-like cell	CL:0011005	NCBITaxon:10090	UBERON:0001384	DOI:10.1101/2020.02.29.970558|DOI:10.1101/2020.02.03.929158	ensembl:ENSMUSG00000020000|ensembl:ENSMUSG00000029334	ensembl:ENSMUSG00000003657|ensembl:ENSMUSG00000004366|ensembl:ENSMUSG00000005716	MOp	Mouse	AllenDend:CS202002013_41		UBERON:0001384		CL:4023034		DOI:10.1101/2020.02.29.970558	PR:P60041|PR:P32848|PR:Q08331	Low Pvalb expression	DOI:10.1101/2020.03.31.016972		
http://www.semanticweb.org/brain_data_standards/AllenDendClass_CS202002013_165	L5/6 non-Martinotti cell	RNAseq 042-045|L5/6 non-Martinotti cell|n49	cell_set_preferred_alias:L5/6 non-Martinotti cell ; original_label:n49 ; cell_set_label:RNAseq 042-045 ; cell_set_aligned_alias:'' ; cell_set_additional_aliases:L5/6 non-Martinotti cell	CL:0011005	NCBITaxon:10090	UBERON:0001384	DOI:10.1101/2020.02.29.970558|DOI:10.1101/2020.02.03.929158	ensembl:ENSMUSG00000031841|ensembl:ENSMUSG00000036019|ensembl:ENSMUSG00000049796		MOp	Mouse	AllenDend:CS202002013_165		UBERON:0001384		CL:4023118		DOI:10.1101/2020.02.29.970558					
http://www.semanticweb.org/brain_data_standards/AllenDendClass_CS202002013_42	Sst C1ql3_1	Sst_5|RNAseq 042|Sst C1ql3_1	cell_set_preferred_alias:Sst C1ql3_1 ; original_label:Sst C1ql3_1 ; cell_set_label:RNAseq 042 ; cell_set_aligned_alias:'' ; cell_set_additional_aliases:Sst_5	CL:0011005	NCBITaxon:10090	UBERON:0001384	DOI:10.1101/2020.02.29.970558|DOI:10.1101/2020.03.31.016972	ensembl:ENSMUSG00000052062|ensembl:ENSMUSG00000111950	ensembl:ENSMUSG00000004366|ensembl:ENSMUSG00000049630	MOp	Mouse	AllenDend:CS202002013_42		UBERON:0001384					PR:P60041|PR:Q9ESN4		DOI:10.1101/2020.03.31.016972		
http://www.semanticweb.org/brain_data_standards/AllenDendClass_CS202002013_43	Sst C1ql3_2	RNAseq 043|Sst C1ql3_2	cell_set_preferred_alias:Sst C1ql3_2 ; original_label:Sst C1ql3_2 ; cell_set_label:RNAseq 043 ; cell_set_aligned_alias:'' ; cell_set_additional_aliases:''	CL:0011005	NCBITaxon:10090	UBERON:0001384	DOI:10.1101/2020.02.29.970558	ensembl:ENSMUSG00000030074|ensembl:ENSMUSG00000035131|ensembl:ENSMUSG00000049001	ensembl:ENSMUSG00000004366|ensembl:ENSMUSG00000049630	MOp	Mouse	AllenDend:CS202002013_43		UBERON:0001384					PR:P60041|PR:Q9ESN4		DOI:10.1101/2020.03.31.016972		
http://www.semanticweb.org/brain_data_standards/AllenDendClass_CS202002013_44	Sst Tac2	RNAseq 044|Sst Tac2	cell_set_preferred_alias:Sst Tac2 ; original_label:Sst Tac2 ; cell_set_label:RNAseq 044 ; cell_set_aligned_alias:'' ; cell_set_additional_aliases:''	CL:0011005	NCBITaxon:10090	UBERON:0001384	DOI:10.1101/2020.02.29.970558	ensembl:ENSMUSG00000025400|ensembl:ENSMUSG00000031841|ensembl:ENSMUSG00000036019	ensembl:ENSMUSG00000004366|ensembl:ENSMUSG00000025400	MOp	Mouse	AllenDend:CS202002013_44		UBERON:0001384					PR:P60041|PR:P55099		DOI:10.1101/2020.03.31.016972		
http://www.semanticweb.org/brain_data_standards/AllenDendClass_CS202002013_45	Sst Th_1	Sst Th_1|RNAseq 045	cell_set_preferred_alias:Sst Th_1 ; original_label:Sst Th_1 ; cell_set_label:RNAseq 045 ; cell_set_aligned_alias:'' ; cell_set_additional_aliases:''	CL:0011005	NCBITaxon:10090	UBERON:0001384	DOI:10.1101/2020.02.29.970558	ensembl:ENSMUSG00000022306|ensembl:ENSMUSG00000039037|ensembl:ENSMUSG00000040710	ensembl:ENSMUSG00000000214|ensembl:ENSMUSG00000004366	MOp	Mouse	AllenDend:CS202002013_45		UBERON:0001384					PR:P60041|PR:P24529		DOI:10.1101/2020.03.31.016972		
http://www.semanticweb.org/brain_data_standards/AllenDendClass_CS202002013_170	L6 Th+ SST/PV cell	L6 Th+ SST/PV cell|RNAseq 046-047|n54	cell_set_preferred_alias:L6 Th+ SST/PV cell ; original_label:n54 ; cell_set_label:RNAseq 046-047 ; cell_set_aligned_alias:'' ; cell_set_additional_aliases:L6 Th+ SST/PV cell	CL:0011005	NCBITaxon:10090	UBERON:0001384	DOI:10.1101/2020.02.29.970558|DOI:10.1101/2020.02.03.929158	ensembl:ENSMUSG00000000214|ensembl:ENSMUSG00000028971	ensembl:ENSMUSG00000000214|ensembl:ENSMUSG00000004366	MOp	Mouse	AllenDend:CS202002013_170		UBERON:0001384									
http://www.semanticweb.org/brain_data_standards/AllenDendClass_CS202002013_46	Sst Th_2	RNAseq 046|Sst Th_2	cell_set_preferred_alias:Sst Th_2 ; original_label:Sst Th_2 ; cell_set_label:RNAseq 046 ; cell_set_aligned_alias:'' ; cell_set_additional_aliases:''	CL:0011005	NCBITaxon:10090	UBERON:0001384	DOI:10.1101/2020.02.29.970558	ensembl:ENSMUSG00000004366|ensembl:ENSMUSG00000045731|ensembl:ENSMUSG00000052062	ensembl:ENSMUSG00000000214|ensembl:ENSMUSG00000004366	MOp	Mouse	AllenDend:CS202002013_46		UBERON:0001384					PR:P60041|PR:P24529		DOI:10.1101/2020.03.31.016972		
http://www.semanticweb.org/brain_data_standards/AllenDendClass_CS202002013_47	Sst Th_3	Sst Th_3|RNAseq 047|Sst_7	cell_set_preferred_alias:Sst Th_3 ; original_label:Sst Th_3 ; cell_set_label:RNAseq 047 ; cell_set_aligned_alias:'' ; cell_set_additional_aliases:Sst_7	CL:0011005	NCBITaxon:10090	UBERON:0001384	DOI:10.1101/2020.02.29.970558|DOI:10.1101/2020.03.31.016972	ensembl:ENSMUSG00000000214|ensembl:ENSMUSG00000028971	ensembl:ENSMUSG00000000214|ensembl:ENSMUSG00000004366	MOp	Mouse	AllenDend:CS202002013_47		UBERON:0001384					PR:P60041|PR:P24529		DOI:10.1101/2020.03.31.016972		
http://www.semanticweb.org/brain_data_standards/AllenDendClass_CS202002013_48	Pvalb Gabrg1	Pvalb Gabrg1|L6 FS cell w/ large sag|RNAseq 048	cell_set_preferred_alias:Pvalb Gabrg1 ; original_label:Pvalb Gabrg1 ; cell_set_label:RNAseq 048 ; cell_set_aligned_alias:'' ; cell_set_additional_aliases:L6 FS cell w/ large sag	CL:0011005	NCBITaxon:10090	UBERON:0001384	DOI:10.1101/2020.02.29.970558|DOI:10.1101/2020.02.03.929158	ensembl:ENSMUSG00000000214|ensembl:ENSMUSG00000001260	ensembl:ENSMUSG00000001260|ensembl:ENSMUSG00000005716	MOp	Mouse	AllenDend:CS202002013_48		UBERON:0001384					PR:P32848|PR:Q9R0Y8		DOI:10.1101/2020.03.31.016972		
http://www.semanticweb.org/brain_data_standards/AllenDendClass_CS202002013_49	Pvalb Egfem1	Pvalb Egfem1|RNAseq 049	cell_set_preferred_alias:Pvalb Egfem1 ; original_label:Pvalb Egfem1 ; cell_set_label:RNAseq 049 ; cell_set_aligned_alias:'' ; cell_set_additional_aliases:''	CL:0011005	NCBITaxon:10090	UBERON:0001384	DOI:10.1101/2020.02.29.970558	ensembl:ENSMUSG00000036834|ensembl:ENSMUSG00000061762|ensembl:ENSMUSG00000073154	ensembl:ENSMUSG00000005716|ensembl:ENSMUSG00000063600	MOp	Mouse	AllenDend:CS202002013_49		UBERON:0001384					PR:P32848|PR:Q8C088		DOI:10.1101/2020.03.31.016972		
http://www.semanticweb.org/brain_data_standards/AllenDendClass_CS202002013_50	Pvalb Gpr149	RNAseq 050|Pvalb Gpr149	cell_set_preferred_alias:Pvalb Gpr149 ; original_label:Pvalb Gpr149 ; cell_set_label:RNAseq 050 ; cell_set_aligned_alias:'' ; cell_set_additional_aliases:''	CL:0011005	NCBITaxon:10090	UBERON:0001384	DOI:10.1101/2020.02.29.970558	ensembl:ENSMUSG00000022297|ensembl:ENSMUSG00000026452|ensembl:ENSMUSG00000031558	ensembl:ENSMUSG00000005716|ensembl:ENSMUSG00000043441	MOp	Mouse	AllenDend:CS202002013_50		UBERON:0001384					PR:P32848|PR:Q3UVY1		DOI:10.1101/2020.03.31.016972		
http://www.semanticweb.org/brain_data_standards/AllenDendClass_CS202002013_51	Pvalb Kank4	RNAseq 051|Pvalb Kank4	cell_set_preferred_alias:Pvalb Kank4 ; original_label:Pvalb Kank4 ; cell_set_label:RNAseq 051 ; cell_set_aligned_alias:'' ; cell_set_additional_aliases:''	CL:0011005	NCBITaxon:10090	UBERON:0001384	DOI:10.1101/2020.02.29.970558	ensembl:ENSMUSG00000010066|ensembl:ENSMUSG00000026452|ensembl:ENSMUSG00000034310|ensembl:ENSMUSG00000063531	ensembl:ENSMUSG00000005716|ensembl:ENSMUSG00000035407	MOp	Mouse	AllenDend:CS202002013_51		UBERON:0001384					PR:P32848|PR:Q6P9J5		DOI:10.1101/2020.03.31.016972		
http://www.semanticweb.org/brain_data_standards/AllenDendClass_CS202002013_52	Pvalb Calb1_1	Pvalb Calb1_1|RNAseq 052	cell_set_preferred_alias:Pvalb Calb1_1 ; original_label:Pvalb Calb1_1 ; cell_set_label:RNAseq 052 ; cell_set_aligned_alias:'' ; cell_set_additional_aliases:''	CL:0011005	NCBITaxon:10090	UBERON:0001384	DOI:10.1101/2020.02.29.970558	ensembl:ENSMUSG00000028971|ensembl:ENSMUSG00000069132|ensembl:ENSMUSG00000100650	ensembl:ENSMUSG00000005716|ensembl:ENSMUSG00000028222	MOp	Mouse	AllenDend:CS202002013_52		UBERON:0001384					PR:P32848|PR:P12658		DOI:10.1101/2020.03.31.016972		
http://www.semanticweb.org/brain_data_standards/AllenDendClass_CS202002013_53	Pvalb Calb1_2	RNAseq 053|Pvalb Calb1_2	cell_set_preferred_alias:Pvalb Calb1_2 ; original_label:Pvalb Calb1_2 ; cell_set_label:RNAseq 053 ; cell_set_aligned_alias:'' ; cell_set_additional_aliases:''	CL:0011005	NCBITaxon:10090	UBERON:0001384	DOI:10.1101/2020.02.29.970558	ensembl:ENSMUSG00000034324|ensembl:ENSMUSG00000038048|ensembl:ENSMUSG00000061762	ensembl:ENSMUSG00000005716|ensembl:ENSMUSG00000028222	MOp	Mouse	AllenDend:CS202002013_53		UBERON:0001384					PR:P32848|PR:P12658		DOI:10.1101/2020.03.31.016972		
http://www.semanticweb.org/brain_data_standards/AllenDendClass_CS202002013_177	Upper FS Basket cell	n61|RNAseq 054-055|Upper FS Basket cell	cell_set_preferred_alias:Upper FS Basket cell ; original_label:n61 ; cell_set_label:RNAseq 054-055 ; cell_set_aligned_alias:'' ; cell_set_additional_aliases:Upper FS Basket cell	CL:0011005	NCBITaxon:10090	UBERON:0001384	DOI:10.1101/2020.02.29.970558|DOI:10.1101/2020.02.03.929158	ensembl:ENSMUSG00000010461|ensembl:ENSMUSG00000052353		MOp	Mouse	AllenDend:CS202002013_177		UBERON:0001384									
http://www.semanticweb.org/brain_data_standards/AllenDendClass_CS202002013_54	Pvalb Reln	RNAseq 054|Pvalb Reln	cell_set_preferred_alias:Pvalb Reln ; original_label:Pvalb Reln ; cell_set_label:RNAseq 054 ; cell_set_aligned_alias:'' ; cell_set_additional_aliases:''	CL:0011005	NCBITaxon:10090	UBERON:0001384	DOI:10.1101/2020.02.29.970558	ensembl:ENSMUSG00000031772|ensembl:ENSMUSG00000111061	ensembl:ENSMUSG00000005716|ensembl:ENSMUSG00000042453	MOp	Mouse	AllenDend:CS202002013_54		UBERON:0001384					PR:P32848|PR:Q60841		DOI:10.1101/2020.03.31.016972		
http://www.semanticweb.org/brain_data_standards/AllenDendClass_CS202002013_55	Pvalb Il1rapl2	RNAseq 055|Pvalb Il1rapl2	cell_set_preferred_alias:Pvalb Il1rapl2 ; original_label:Pvalb Il1rapl2 ; cell_set_label:RNAseq 055 ; cell_set_aligned_alias:'' ; cell_set_additional_aliases:''	CL:0011005	NCBITaxon:10090	UBERON:0001384	DOI:10.1101/2020.02.29.970558	ensembl:ENSMUSG00000010461|ensembl:ENSMUSG00000059203	ensembl:ENSMUSG00000005716|ensembl:ENSMUSG00000059203	MOp	Mouse	AllenDend:CS202002013_55		UBERON:0001384					PR:P32848|PR:Q9ERS6		DOI:10.1101/2020.03.31.016972		
http://www.semanticweb.org/brain_data_standards/AllenDendClass_CS202002013_178	Chandelier	Chandelier|RNAseq 056-057|Chandelier cell|n62	cell_set_preferred_alias:Chandelier ; original_label:n62 ; cell_set_label:RNAseq 056-057 ; cell_set_aligned_alias:Chandelier ; cell_set_additional_aliases:Chandelier cell	CL:0011005	NCBITaxon:10090	UBERON:0001384	DOI:10.1101/2020.02.29.970558|DOI:10.1101/2020.02.03.929158	ensembl:ENSMUSG00000020099|ensembl:ENSMUSG00000067028		MOp	Mouse	AllenDend:CS202002013_178		UBERON:0001384		CL:4023036		DOI:10.1101/2020.02.29.970558					
http://www.semanticweb.org/brain_data_standards/AllenDendClass_CS202002013_56	Pvalb Vipr2_1	Pvalb Vipr2_1|RNAseq 056	cell_set_preferred_alias:Pvalb Vipr2_1 ; original_label:Pvalb Vipr2_1 ; cell_set_label:RNAseq 056 ; cell_set_aligned_alias:'' ; cell_set_additional_aliases:''	CL:0011005	NCBITaxon:10090	UBERON:0001384	DOI:10.1101/2020.02.29.970558	ensembl:ENSMUSG00000001496|ensembl:ENSMUSG00000002900	ensembl:ENSMUSG00000005716	MOp	Mouse	AllenDend:CS202002013_56		UBERON:0001384					PR:P32848|PR:P41588		DOI:10.1101/2020.03.31.016972		
http://www.semanticweb.org/brain_data_standards/AllenDendClass_CS202002013_57	Pvalb Vipr2_2	RNAseq 057|Pvalb Vipr2_2	cell_set_preferred_alias:Pvalb Vipr2_2 ; original_label:Pvalb Vipr2_2 ; cell_set_label:RNAseq 057 ; cell_set_aligned_alias:'' ; cell_set_additional_aliases:''	CL:0011005	NCBITaxon:10090	UBERON:0001384	DOI:10.1101/2020.02.29.970558	ensembl:ENSMUSG00000020099|ensembl:ENSMUSG00000067028	ensembl:ENSMUSG00000005716|ensembl:ENSMUSG00000011171	MOp	Mouse	AllenDend:CS202002013_57		UBERON:0001384					PR:P32848|PR:P41588		DOI:10.1101/2020.03.31.016972		
http://www.semanticweb.org/brain_data_standards/AllenDendClass_CS202002013_182	IT projecting	n66|IT projecting|RNAseq 058-069	cell_set_preferred_alias:IT projecting ; original_label:n66 ; cell_set_label:RNAseq 058-069 ; cell_set_aligned_alias:IT projecting ; cell_set_additional_aliases:''	CL:0000679	NCBITaxon:10090	UBERON:0001384	DOI:10.1101/2020.02.29.970558	ensembl:ENSMUSG00000036264|ensembl:ENSMUSG00000038331		MOp	Mouse	AllenDend:CS202002013_182		UBERON:0001384		CL:4023008		DOI:10.1101/2020.02.29.970558				PATO:0070034	
http://www.semanticweb.org/brain_data_standards/AllenDendClass_CS202002013_183	L2/3 IT	L2/3 IT|n67|RNAseq 058-060	cell_set_preferred_alias:L2/3 IT ; original_label:n67 ; cell_set_label:RNAseq 058-060 ; cell_set_aligned_alias:L2/3 IT ; cell_set_additional_aliases:L2/3 IT	CL:0000679	NCBITaxon:10090	UBERON:0001384	DOI:10.1101/2020.02.29.970558	ensembl:ENSMUSG00000021708|ensembl:ENSMUSG00000028222		MOp	Mouse	AllenDend:CS202002013_183		UBERON:0001384		CL:4023047		DOI:10.1101/2020.02.29.970558				PATO:0070034	
http://www.semanticweb.org/brain_data_standards/AllenDendClass_CS202002013_58	L2/3 IT_1	RNAseq 058|L2/3 IT_1	cell_set_preferred_alias:L2/3 IT_1 ; original_label:L2/3 IT_1 ; cell_set_label:RNAseq 058 ; cell_set_aligned_alias:'' ; cell_set_additional_aliases:''	CL:0000679	NCBITaxon:10090	UBERON:0001384	DOI:10.1101/2020.02.29.970558	ensembl:ENSMUSG00000009376|ensembl:ENSMUSG00000036545|ensembl:ENSMUSG00000098097		MOp	Mouse	AllenDend:CS202002013_58		UBERON:0001384								PATO:0070034	
http://www.semanticweb.org/brain_data_standards/AllenDendClass_CS202002013_59	L2/3 IT_2	L2/3 IT_2|RNAseq 059	cell_set_preferred_alias:L2/3 IT_2 ; original_label:L2/3 IT_2 ; cell_set_label:RNAseq 059 ; cell_set_aligned_alias:'' ; cell_set_additional_aliases:''	CL:0000679	NCBITaxon:10090	UBERON:0001384	DOI:10.1101/2020.02.29.970558	ensembl:ENSMUSG00000026676|ensembl:ENSMUSG00000027210|ensembl:ENSMUSG00000029705|ensembl:ENSMUSG00000062372		MOp	Mouse	AllenDend:CS202002013_59		UBERON:0001384								PATO:0070034	
http://www.semanticweb.org/brain_data_standards/AllenDendClass_CS202002013_60	L2/3 IT_3	L2/3 IT_3|RNAseq 060	cell_set_preferred_alias:L2/3 IT_3 ; original_label:L2/3 IT_3 ; cell_set_label:RNAseq 060 ; cell_set_aligned_alias:'' ; cell_set_additional_aliases:''	CL:0000679	NCBITaxon:10090	UBERON:0001384	DOI:10.1101/2020.02.29.970558	ensembl:ENSMUSG00000031216|ensembl:ENSMUSG00000042589|ensembl:ENSMUSG00000056427		MOp	Mouse	AllenDend:CS202002013_60		UBERON:0001384								PATO:0070034	
http://www.semanticweb.org/brain_data_standards/AllenDendClass_CS202002013_188	L4	L4|L4/5 IT|RNAseq 061-062|n72	cell_set_preferred_alias:L4 ; original_label:n72 ; cell_set_label:RNAseq 061-062 ; cell_set_aligned_alias:L4/5 IT ; cell_set_additional_aliases:''	CL:0000679	NCBITaxon:10090	UBERON:0001384	DOI:10.1101/2020.02.29.970558	ensembl:ENSMUSG00000034402|ensembl:ENSMUSG00000036192|ensembl:ENSMUSG00000084890		MOp	Mouse	AllenDend:CS202002013_188		UBERON:0001384									
http://www.semanticweb.org/brain_data_standards/AllenDendClass_CS202002013_61	L4/5 IT_1	RNAseq 061|L4 IT|L4/5 IT_1	cell_set_preferred_alias:L4/5 IT_1 ; original_label:L4/5 IT_1 ; cell_set_label:RNAseq 061 ; cell_set_aligned_alias:'' ; cell_set_additional_aliases:L4 IT	CL:0000679	NCBITaxon:10090	UBERON:0001384	DOI:10.1101/2020.02.29.970558|DOI:10.1101/2020.03.31.016972	ensembl:ENSMUSG00000017978|ensembl:ENSMUSG00000036192|ensembl:ENSMUSG00000073565	ensembl:ENSMUSG00000028871	MOp	Mouse	AllenDend:CS202002013_61		UBERON:0001384								PATO:0070034	
http://www.semanticweb.org/brain_data_standards/AllenDendClass_CS202002013_62	L4/5 IT_2	RNAseq 062|L4/5 IT|L4/5 IT_2	cell_set_preferred_alias:L4/5 IT_2 ; original_label:L4/5 IT_2 ; cell_set_label:RNAseq 062 ; cell_set_aligned_alias:'' ; cell_set_additional_aliases:L4/5 IT	CL:0000679	NCBITaxon:10090	UBERON:0001384	DOI:10.1101/2020.02.29.970558|DOI:10.1101/2020.03.31.016972	ensembl:ENSMUSG00000004415|ensembl:ENSMUSG00000032564|ensembl:ENSMUSG00000059203	ensembl:ENSMUSG00000028871	MOp	Mouse	AllenDend:CS202002013_62		UBERON:0001384		CL:4023048		DOI:10.1101/2020.02.29.970558				PATO:0070034	
http://www.semanticweb.org/brain_data_standards/AllenDendClass_CS202002013_189	L5 IT	RNAseq 063-066|L5 IT|n73	cell_set_preferred_alias:L5 IT ; original_label:n73 ; cell_set_label:RNAseq 063-066 ; cell_set_aligned_alias:L5 IT ; cell_set_additional_aliases:''	CL:0000679	NCBITaxon:10090	UBERON:0001384	DOI:10.1101/2020.02.29.970558	ensembl:ENSMUSG00000035357|ensembl:ENSMUSG00000039037|ensembl:ENSMUSG00000040452		MOp	Mouse	AllenDend:CS202002013_189		UBERON:0001384		CL:4023049		DOI:10.1101/2020.02.29.970558				PATO:0070034	
http://www.semanticweb.org/brain_data_standards/AllenDendClass_CS202002013_190	L5 IT_C2	RNAseq 063-064|L5 IT_C2|n74|L5 IT_2	cell_set_preferred_alias:L5 IT_C2 ; original_label:n74 ; cell_set_label:RNAseq 063-064 ; cell_set_aligned_alias:'' ; cell_set_additional_aliases:L5 IT_2	CL:0000679	NCBITaxon:10090	UBERON:0001384	DOI:10.1101/2020.02.29.970558|DOI:10.1101/2020.03.31.016972	ensembl:ENSMUSG00000022419|ensembl:ENSMUSG00000059203		MOp	Mouse	AllenDend:CS202002013_190		UBERON:0001384								PATO:0070034	
http://www.semanticweb.org/brain_data_standards/AllenDendClass_CS202002013_63	L5 IT_1	RNAseq 063|L5 IT_1	cell_set_preferred_alias:L5 IT_1 ; original_label:L5 IT_1 ; cell_set_label:RNAseq 063 ; cell_set_aligned_alias:'' ; cell_set_additional_aliases:''	CL:0000679	NCBITaxon:10090	UBERON:0001384	DOI:10.1101/2020.02.29.970558			MOp	Mouse	AllenDend:CS202002013_63		UBERON:0001384								PATO:0070034	
http://www.semanticweb.org/brain_data_standards/AllenDendClass_CS202002013_64	L5 IT_2	RNAseq 064|L5 IT_2	cell_set_preferred_alias:L5 IT_2 ; original_label:L5 IT_2 ; cell_set_label:RNAseq 064 ; cell_set_aligned_alias:'' ; cell_set_additional_aliases:''	CL:0000679	NCBITaxon:10090	UBERON:0001384	DOI:10.1101/2020.02.29.970558	ensembl:ENSMUSG00000003746|ensembl:ENSMUSG00000022419|ensembl:ENSMUSG00000053399|ensembl:ENSMUSG00000116610	ensembl:ENSMUSG00000033208	MOp	Mouse	AllenDend:CS202002013_64		UBERON:0001384								PATO:0070034	
http://www.semanticweb.org/brain_data_standards/AllenDendClass_CS202002013_65	L5 IT_3	RNAseq 065|L5 IT_3	cell_set_preferred_alias:L5 IT_3 ; original_label:L5 IT_3 ; cell_set_label:RNAseq 065 ; cell_set_aligned_alias:'' ; cell_set_additional_aliases:''	CL:0000679	NCBITaxon:10090	UBERON:0001384	DOI:10.1101/2020.02.29.970558	ensembl:ENSMUSG00000017978|ensembl:ENSMUSG00000019889|ensembl:ENSMUSG00000022425|ensembl:ENSMUSG00000034009|ensembl:ENSMUSG00000055214	ensembl:ENSMUSG00000055214	MOp	Mouse	AllenDend:CS202002013_65		UBERON:0001384								PATO:0070034	
http://www.semanticweb.org/brain_data_standards/AllenDendClass_CS202002013_66	L5 IT_4	RNAseq 066|L5 IT_4	cell_set_preferred_alias:L5 IT_4 ; original_label:L5 IT_4 ; cell_set_label:RNAseq 066 ; cell_set_aligned_alias:'' ; cell_set_additional_aliases:''	CL:0000679	NCBITaxon:10090	UBERON:0001384	DOI:10.1101/2020.02.29.970558	ensembl:ENSMUSG00000029154|ensembl:ENSMUSG00000045613|ensembl:ENSMUSG00000055214	ensembl:ENSMUSG00000055214	MOp	Mouse	AllenDend:CS202002013_66		UBERON:0001384								PATO:0070034	
http://www.semanticweb.org/brain_data_standards/AllenDendClass_CS202002013_192	L6 IT	L6 IT|RNAseq 067-068|n76	cell_set_preferred_alias:L6 IT ; original_label:n76 ; cell_set_label:RNAseq 067-068 ; cell_set_aligned_alias:L6 IT ; cell_set_additional_aliases:''	CL:0000679	NCBITaxon:10090	UBERON:0001384	DOI:10.1101/2020.02.29.970558	ensembl:ENSMUSG00000016918|ensembl:ENSMUSG00000052430|ensembl:ENSMUSG00000059203		MOp	Mouse	AllenDend:CS202002013_192		UBERON:0001384								PATO:0070034	
http://www.semanticweb.org/brain_data_standards/AllenDendClass_CS202002013_67	L6 IT_1	RNAseq 067|L6 IT_1	cell_set_preferred_alias:L6 IT_1 ; original_label:L6 IT_1 ; cell_set_label:RNAseq 067 ; cell_set_aligned_alias:'' ; cell_set_additional_aliases:L6 IT_1	CL:0000679	NCBITaxon:10090	UBERON:0001384	DOI:10.1101/2020.02.29.970558|DOI:10.1101/2020.03.31.016972	ensembl:ENSMUSG00000021765|ensembl:ENSMUSG00000052430|ensembl:ENSMUSG00000059857		MOp	Mouse	AllenDend:CS202002013_67		UBERON:0001384								PATO:0070034	
http://www.semanticweb.org/brain_data_standards/AllenDendClass_CS202002013_68	L6 IT_2	RNAseq 068|L6 IT_2	cell_set_preferred_alias:L6 IT_2 ; original_label:L6 IT_2 ; cell_set_label:RNAseq 068 ; cell_set_aligned_alias:'' ; cell_set_additional_aliases:''	CL:0000679	NCBITaxon:10090	UBERON:0001384	DOI:10.1101/2020.02.29.970558	ensembl:ENSMUSG00000028909|ensembl:ENSMUSG00000049630|ensembl:ENSMUSG00000052430		MOp	Mouse	AllenDend:CS202002013_68		UBERON:0001384								PATO:0070034	
http://www.semanticweb.org/brain_data_standards/AllenDendClass_CS202002013_69	L6 IT Car3	L6 IT Car3|RNAseq 069|L6 IT_3|Claustrum-like IT	cell_set_preferred_alias:L6 IT Car3 ; original_label:L6 IT Car3 ; cell_set_label:RNAseq 069 ; cell_set_aligned_alias:L6 IT Car3 ; cell_set_additional_aliases:L6 IT_3|Claustrum-like IT	CL:0000679	NCBITaxon:10090	UBERON:0001384	DOI:10.1101/2020.02.29.970558|DOI:10.1101/2020.03.31.016972|DOI:10.1101/2020.02.03.929158	ensembl:ENSMUSG00000026826|ensembl:ENSMUSG00000042596	ensembl:ENSMUSG00000027559	MOp	Mouse	AllenDend:CS202002013_69		UBERON:0001384					PR:P16015		DOI:10.1101/2020.03.31.016972	PATO:0070034	
http://www.semanticweb.org/brain_data_standards/AllenDendClass_CS202002013_193	L5 ET	RNAseq 070-073|L5 ET|n77	cell_set_preferred_alias:L5 ET ; original_label:n77 ; cell_set_label:RNAseq 070-073 ; cell_set_aligned_alias:L5 ET ; cell_set_additional_aliases:''	CL:0000679	NCBITaxon:10090	UBERON:0001384	DOI:10.1101/2020.02.29.970558	ensembl:ENSMUSG00000022206|ensembl:ENSMUSG00000098760		MOp	Mouse	AllenDend:CS202002013_193		UBERON:0001384		CL:4023041		DOI:10.1101/2020.02.29.970558				PATO:0070028	
http://www.semanticweb.org/brain_data_standards/AllenDendClass_CS202002013_70	L5 ET_1	L5 ET_1|RNAseq 070|MY-projecting L5 ET|L5 ET (MY-projecting)|L5 PT_1	cell_set_preferred_alias:L5 ET_1 ; original_label:L5 ET_1 ; cell_set_label:RNAseq 070 ; cell_set_aligned_alias:'' ; cell_set_additional_aliases:MY-projecting L5 ET|L5 ET (MY-projecting)|L5 PT_1	CL:0000679	NCBITaxon:10090	UBERON:0001384	DOI:10.1101/2020.02.29.970558|DOI:10.1101/2020.02.03.929158|DOI:10.1038/s41586-018-0654-5	ensembl:ENSMUSG00000022206|ensembl:ENSMUSG00000030905|ensembl:ENSMUSG00000098760		MOp	Mouse	AllenDend:CS202002013_70		UBERON:0001384		CL:4023045		DOI:10.1101/2020.02.29.970558				PATO:0070028	
http://www.semanticweb.org/brain_data_standards/AllenDendClass_CS202002013_194	L5 ET (Non-MY-projecting)	L5 ET (Non-MY-projecting)|Non-MY-projecting L5 ET|L5 ET (Non-MY-projecting)|n78|RNAseq 071-073	cell_set_preferred_alias:L5 ET (Non-MY-projecting) ; original_label:n78 ; cell_set_label:RNAseq 071-073 ; cell_set_aligned_alias:'' ; cell_set_additional_aliases:L5 ET (Non-MY-projecting)|Non-MY-projecting L5 ET	CL:0000679	NCBITaxon:10090	UBERON:0001384	DOI:10.1101/2020.02.29.970558|DOI:10.1038/s41586-018-0654-5|DOI:10.1101/2020.02.03.929158	ensembl:ENSMUSG00000021541|ensembl:ENSMUSG00000068196|ensembl:ENSMUSG00000090125		MOp	Mouse	AllenDend:CS202002013_194		UBERON:0001384		CL:4023044		DOI:10.1101/2020.02.29.970558				PATO:0070028	
http://www.semanticweb.org/brain_data_standards/AllenDendClass_CS202002013_71	L5 ET_2	L5 ET_2|L5 ET_2|L5 PT_2|RNAseq 071	cell_set_preferred_alias:L5 ET_2 ; original_label:L5 ET_2 ; cell_set_label:RNAseq 071 ; cell_set_aligned_alias:'' ; cell_set_additional_aliases:L5 ET_2|L5 PT_2	CL:0000679	NCBITaxon:10090	UBERON:0001384	DOI:10.1101/2020.02.29.970558|DOI:10.1101/2020.03.31.016972	ensembl:ENSMUSG00000021541|ensembl:ENSMUSG00000022112|ensembl:ENSMUSG00000040732		MOp	Mouse	AllenDend:CS202002013_71		UBERON:0001384								PATO:0070028	
http://www.semanticweb.org/brain_data_standards/AllenDendClass_CS202002013_72	L5 ET_3	L5 ET_3|RNAseq 072|L5 PT_3	cell_set_preferred_alias:L5 ET_3 ; original_label:L5 ET_3 ; cell_set_label:RNAseq 072 ; cell_set_aligned_alias:'' ; cell_set_additional_aliases:L5 PT_3	CL:0000679	NCBITaxon:10090	UBERON:0001384	DOI:10.1101/2020.02.29.970558	ensembl:ENSMUSG00000021541|ensembl:ENSMUSG00000022112|ensembl:ENSMUSG00000039620|ensembl:ENSMUSG00000042453		MOp	Mouse	AllenDend:CS202002013_72		UBERON:0001384								PATO:0070028	
http://www.semanticweb.org/brain_data_standards/AllenDendClass_CS202002013_73	L5 ET_4	L5 ET_4|L5 PT_4|RNAseq 073	cell_set_preferred_alias:L5 ET_4 ; original_label:L5 ET_4 ; cell_set_label:RNAseq 073 ; cell_set_aligned_alias:'' ; cell_set_additional_aliases:L5 PT_4	CL:0000679	NCBITaxon:10090	UBERON:0001384	DOI:10.1101/2020.02.29.970558	ensembl:ENSMUSG00000043659|ensembl:ENSMUSG00000098760		MOp	Mouse	AllenDend:CS202002013_73		UBERON:0001384								PATO:0070028	
http://www.semanticweb.org/brain_data_standards/AllenDendClass_CS202002013_197	L6 CT	RNAseq 074-080|n81|L6 CT|Corticothalamic|VAL/VM Projecting	cell_set_preferred_alias:L6 CT ; original_label:n81 ; cell_set_label:RNAseq 074-080 ; cell_set_aligned_alias:L6 CT ; cell_set_additional_aliases:Corticothalamic|VAL/VM Projecting	CL:0000679	NCBITaxon:10090	UBERON:0001384	DOI:10.1101/2020.02.29.970558|DOI:10.1101/2020.02.03.929158	ensembl:ENSMUSG00000029563|ensembl:ENSMUSG00000078591		MOp	Mouse	AllenDend:CS202002013_197		UBERON:0001384		CL:4023055		DOI:10.1101/2020.02.29.970558				PATO:0070029	
http://www.semanticweb.org/brain_data_standards/AllenDendClass_CS202002013_74	L5/6 NP CT	RNAseq 074|L5/6 NP CT|L5 IT_3	cell_set_preferred_alias:L5/6 NP CT ; original_label:L5/6 NP CT ; cell_set_label:RNAseq 074 ; cell_set_aligned_alias:'' ; cell_set_additional_aliases:L5 IT_3	CL:0000679	NCBITaxon:10090	UBERON:0001384	DOI:10.1101/2020.02.29.970558|DOI:10.1101/2020.03.31.016972	ensembl:ENSMUSG00000024517|ensembl:ENSMUSG00000034009|ensembl:ENSMUSG00000047907		MOp	Mouse	AllenDend:CS202002013_74		UBERON:0001384								PATO:0070029	
http://www.semanticweb.org/brain_data_standards/AllenDendClass_CS202002013_75	L6 CT Gpr139	L6 CT Gpr139|RNAseq 075	cell_set_preferred_alias:L6 CT Gpr139 ; original_label:L6 CT Gpr139 ; cell_set_label:RNAseq 075 ; cell_set_aligned_alias:'' ; cell_set_additional_aliases:''	CL:0000679	NCBITaxon:10090	UBERON:0001384	DOI:10.1101/2020.02.29.970558	ensembl:ENSMUSG00000010651|ensembl:ENSMUSG00000063564|ensembl:ENSMUSG00000066197	ensembl:ENSMUSG00000066197	MOp	Mouse	AllenDend:CS202002013_75		UBERON:0001384					PR:Q80UC8		DOI:10.1101/2020.03.31.016972	PATO:0070029	
http://www.semanticweb.org/brain_data_standards/AllenDendClass_CS202002013_76	L6 CT Cpa6	L6 CT Cpa6|RNAseq 076|L6 CT_2	cell_set_preferred_alias:L6 CT Cpa6 ; original_label:L6 CT Cpa6 ; cell_set_label:RNAseq 076 ; cell_set_aligned_alias:'' ; cell_set_additional_aliases:L6 CT_2	CL:0000679	NCBITaxon:10090	UBERON:0001384	DOI:10.1101/2020.02.29.970558|DOI:10.1101/2020.03.31.016972	ensembl:ENSMUSG00000022306|ensembl:ENSMUSG00000029563|ensembl:ENSMUSG00000078591	ensembl:ENSMUSG00000042501	MOp	Mouse	AllenDend:CS202002013_76		UBERON:0001384					PR:Q5U901		DOI:10.1101/2020.03.31.016972	PATO:0070029	
http://www.semanticweb.org/brain_data_standards/AllenDendClass_CS202002013_77	L6 CT Grp	L6 CT Grp|RNAseq 077	cell_set_preferred_alias:L6 CT Grp ; original_label:L6 CT Grp ; cell_set_label:RNAseq 077 ; cell_set_aligned_alias:'' ; cell_set_additional_aliases:''	CL:0000679	NCBITaxon:10090	UBERON:0001384	DOI:10.1101/2020.02.29.970558	ensembl:ENSMUSG00000024517|ensembl:ENSMUSG00000027210|ensembl:ENSMUSG00000036218|ensembl:ENSMUSG00000049148	ensembl:ENSMUSG00000024517	MOp	Mouse	AllenDend:CS202002013_77		UBERON:0001384					PR:Q8R1I2		DOI:10.1101/2020.03.31.016972	PATO:0070029	
http://www.semanticweb.org/brain_data_standards/AllenDendClass_CS202002013_78	L6 CT Pou3f2	L6 CT Pou3f2|RNAseq 078	cell_set_preferred_alias:L6 CT Pou3f2 ; original_label:L6 CT Pou3f2 ; cell_set_label:RNAseq 078 ; cell_set_aligned_alias:'' ; cell_set_additional_aliases:''	CL:0000679	NCBITaxon:10090	UBERON:0001384	DOI:10.1101/2020.02.29.970558	ensembl:ENSMUSG00000038331|ensembl:ENSMUSG00000040420|ensembl:ENSMUSG00000111765	ensembl:ENSMUSG00000095139	MOp	Mouse	AllenDend:CS202002013_78		UBERON:0001384					PR:P31360		DOI:10.1101/2020.03.31.016972	PATO:0070029	
http://www.semanticweb.org/brain_data_standards/AllenDendClass_CS202002013_79	L6 CT Kit_1	RNAseq 079|L6 CT Kit_1	cell_set_preferred_alias:L6 CT Kit_1 ; original_label:L6 CT Kit_1 ; cell_set_label:RNAseq 079 ; cell_set_aligned_alias:'' ; cell_set_additional_aliases:''	CL:0000679	NCBITaxon:10090	UBERON:0001384	DOI:10.1101/2020.02.29.970558	ensembl:ENSMUSG00000025997|ensembl:ENSMUSG00000111765	ensembl:ENSMUSG00000005672	MOp	Mouse	AllenDend:CS202002013_79		UBERON:0001384					PR:P05532		DOI:10.1101/2020.03.31.016972	PATO:0070029	
http://www.semanticweb.org/brain_data_standards/AllenDendClass_CS202002013_80	L6 CT Kit_2	L6 CT Kit_2|RNAseq 080	cell_set_preferred_alias:L6 CT Kit_2 ; original_label:L6 CT Kit_2 ; cell_set_label:RNAseq 080 ; cell_set_aligned_alias:'' ; cell_set_additional_aliases:''	CL:0000679	NCBITaxon:10090	UBERON:0001384	DOI:10.1101/2020.02.29.970558	ensembl:ENSMUSG00000026826|ensembl:ENSMUSG00000034009|ensembl:ENSMUSG00000047907	ensembl:ENSMUSG00000005672	MOp	Mouse	AllenDend:CS202002013_80		UBERON:0001384					PR:P05532		DOI:10.1101/2020.03.31.016972	PATO:0070029	
http://www.semanticweb.org/brain_data_standards/AllenDendClass_CS202002013_203	L6b	n87|L6b|L6b subplate|L6b|RNAseq 081-085	cell_set_preferred_alias:L6b ; original_label:n87 ; cell_set_label:RNAseq 081-085 ; cell_set_aligned_alias:L6b ; cell_set_additional_aliases:L6b|L6b subplate	CL:0000679	NCBITaxon:10090	UBERON:0001384	DOI:10.1101/2020.02.29.970558|DOI:10.1101/2020.03.31.016972|DOI:10.1101/2020.02.03.929158	ensembl:ENSMUSG00000019997|ensembl:ENSMUSG00000039714		MOp	Mouse	AllenDend:CS202002013_203		UBERON:0001384		CL:4023046		DOI:10.1101/2020.02.29.970558					
http://www.semanticweb.org/brain_data_standards/AllenDendClass_CS202002013_81	L6b Col6a1	L6b Col6a1|RNAseq 081	cell_set_preferred_alias:L6b Col6a1 ; original_label:L6b Col6a1 ; cell_set_label:RNAseq 081 ; cell_set_aligned_alias:'' ; cell_set_additional_aliases:''	CL:0000679	NCBITaxon:10090	UBERON:0001384	DOI:10.1101/2020.02.29.970558	ensembl:ENSMUSG00000019997|ensembl:ENSMUSG00000046321|ensembl:ENSMUSG00000052430	ensembl:ENSMUSG00000001119	MOp	Mouse	AllenDend:CS202002013_81		UBERON:0001384					PR:Q04857		DOI:10.1101/2020.03.31.016972		
http://www.semanticweb.org/brain_data_standards/AllenDendClass_CS202002013_82	L6b Shisa6_1	L6b Shisa6_1|RNAseq 082	cell_set_preferred_alias:L6b Shisa6_1 ; original_label:L6b Shisa6_1 ; cell_set_label:RNAseq 082 ; cell_set_aligned_alias:'' ; cell_set_additional_aliases:''	CL:0000679	NCBITaxon:10090	UBERON:0001384	DOI:10.1101/2020.02.29.970558	ensembl:ENSMUSG00000013766|ensembl:ENSMUSG00000024236|ensembl:ENSMUSG00000039714	ensembl:ENSMUSG00000053930	MOp	Mouse	AllenDend:CS202002013_82		UBERON:0001384					PR:Q3UH99		DOI:10.1101/2020.03.31.016972		
http://www.semanticweb.org/brain_data_standards/AllenDendClass_CS202002013_83	L6b Shisa6_2	RNAseq 083|L6b Shisa6_2	cell_set_preferred_alias:L6b Shisa6_2 ; original_label:L6b Shisa6_2 ; cell_set_label:RNAseq 083 ; cell_set_aligned_alias:'' ; cell_set_additional_aliases:''	CL:0000679	NCBITaxon:10090	UBERON:0001384	DOI:10.1101/2020.02.29.970558	ensembl:ENSMUSG00000020000|ensembl:ENSMUSG00000026826	ensembl:ENSMUSG00000053930	MOp	Mouse	AllenDend:CS202002013_83		UBERON:0001384					PR:Q3UH99		DOI:10.1101/2020.03.31.016972		
http://www.semanticweb.org/brain_data_standards/AllenDendClass_CS202002013_84	L6b Ror1	RNAseq 084|L6b Ror1	cell_set_preferred_alias:L6b Ror1 ; original_label:L6b Ror1 ; cell_set_label:RNAseq 084 ; cell_set_aligned_alias:'' ; cell_set_additional_aliases:''	CL:0000679	NCBITaxon:10090	UBERON:0001384	DOI:10.1101/2020.02.29.970558	ensembl:ENSMUSG00000019997|ensembl:ENSMUSG00000039714|ensembl:ENSMUSG00000043556	ensembl:ENSMUSG00000035305	MOp	Mouse	AllenDend:CS202002013_84		UBERON:0001384					PR:Q9Z139		DOI:10.1101/2020.03.31.016972		
http://www.semanticweb.org/brain_data_standards/AllenDendClass_CS202002013_85	L6b Kcnip1	RNAseq 085|L6b Kcnip1	cell_set_preferred_alias:L6b Kcnip1 ; original_label:L6b Kcnip1 ; cell_set_label:RNAseq 085 ; cell_set_aligned_alias:'' ; cell_set_additional_aliases:''	CL:0000679	NCBITaxon:10090	UBERON:0001384	DOI:10.1101/2020.02.29.970558	ensembl:ENSMUSG00000051611|ensembl:ENSMUSG00000053368|ensembl:ENSMUSG00000107384	ensembl:ENSMUSG00000053519	MOp	Mouse	AllenDend:CS202002013_85		UBERON:0001384					PR:Q9JJ57		DOI:10.1101/2020.03.31.016972		
http://www.semanticweb.org/brain_data_standards/AllenDendClass_CS202002013_207	L5/6 NP	RNAseq 086-088|L5/6 NP|Near-projecting|L5/6 NP|n91	cell_set_preferred_alias:L5/6 NP ; original_label:n91 ; cell_set_label:RNAseq 086-088 ; cell_set_aligned_alias:L5/6 NP ; cell_set_additional_aliases:L5/6 NP|Near-projecting	CL:0000679	NCBITaxon:10090	UBERON:0001384	DOI:10.1101/2020.02.29.970558|DOI:10.1101/2020.03.31.016972|DOI:10.1101/2020.02.03.929158	ensembl:ENSMUSG00000004151|ensembl:ENSMUSG00000047907		MOp	Mouse	AllenDend:CS202002013_207		UBERON:0001384		CL:4023043		DOI:10.1101/2020.02.29.970558				PATO:0070030	
http://www.semanticweb.org/brain_data_standards/AllenDendClass_CS202002013_86	L5/6 NP_1	L5/6 NP_1|RNAseq 086	cell_set_preferred_alias:L5/6 NP_1 ; original_label:L5/6 NP_1 ; cell_set_label:RNAseq 086 ; cell_set_aligned_alias:'' ; cell_set_additional_aliases:''	CL:0000679	NCBITaxon:10090	UBERON:0001384	DOI:10.1101/2020.02.29.970558	ensembl:ENSMUSG00000028031|ensembl:ENSMUSG00000039519|ensembl:ENSMUSG00000045648		MOp	Mouse	AllenDend:CS202002013_86		UBERON:0001384								PATO:0070030	
http://www.semanticweb.org/brain_data_standards/AllenDendClass_CS202002013_87	L5/6 NP_2	RNAseq 087|L5/6 NP_2	cell_set_preferred_alias:L5/6 NP_2 ; original_label:L5/6 NP_2 ; cell_set_label:RNAseq 087 ; cell_set_aligned_alias:'' ; cell_set_additional_aliases:''	CL:0000679	NCBITaxon:10090	UBERON:0001384	DOI:10.1101/2020.02.29.970558	ensembl:ENSMUSG00000019935|ensembl:ENSMUSG00000035258		MOp	Mouse	AllenDend:CS202002013_87		UBERON:0001384								PATO:0070030	
http://www.semanticweb.org/brain_data_standards/AllenDendClass_CS202002013_88	L5/6 NP_3	L5/6 NP_3|RNAseq 088	cell_set_preferred_alias:L5/6 NP_3 ; original_label:L5/6 NP_3 ; cell_set_label:RNAseq 088 ; cell_set_aligned_alias:'' ; cell_set_additional_aliases:''	CL:0000679	NCBITaxon:10090	UBERON:0001384	DOI:10.1101/2020.02.29.970558	ensembl:ENSMUSG00000026344|ensembl:ENSMUSG00000047907		MOp	Mouse	AllenDend:CS202002013_88		UBERON:0001384								PATO:0070030	
http://www.semanticweb.org/brain_data_standards/AllenDendClass_CS202002013_89	Meis2 (cluster)	Meis2 (cluster)|RNAseq 089|Meis2	cell_set_preferred_alias:Meis2 (cluster) ; original_label:Meis2 ; cell_set_label:RNAseq 089 ; cell_set_aligned_alias:'' ; cell_set_additional_aliases:''	CL:4023065	NCBITaxon:10090	UBERON:0001384	DOI:10.1101/2020.02.29.970558	ensembl:ENSMUSG00000023800|ensembl:ENSMUSG00000027210		MOp	Mouse	AllenDend:CS202002013_89							PR:P97367		DOI:10.1101/2020.03.31.016972		
http://www.semanticweb.org/brain_data_standards/AllenDendClass_CS202002013_90	Meis2_Top2a	RNAseq 090|Meis2_Top2a	cell_set_preferred_alias:Meis2_Top2a ; original_label:Meis2_Top2a ; cell_set_label:RNAseq 090 ; cell_set_aligned_alias:'' ; cell_set_additional_aliases:''	CL:4023065	NCBITaxon:10090	UBERON:0001384	DOI:10.1101/2020.02.29.970558	ensembl:ENSMUSG00000035551|ensembl:ENSMUSG00000098087|ensembl:ENSMUSG00000100832	ensembl:ENSMUSG00000020914	MOp	Mouse	AllenDend:CS202002013_90							PR:P97367|PR:Q01320		DOI:10.1101/2020.03.31.016972		
http://www.semanticweb.org/brain_data_standards/AllenDendClass_CS202002013_91	OPC Pdgfra	OPC Pdgfra|RNAseq 091|OPC	cell_set_preferred_alias:OPC Pdgfra ; original_label:OPC Pdgfra ; cell_set_label:RNAseq 091 ; cell_set_aligned_alias:OPC ; cell_set_additional_aliases:OPC	CL:0002453	NCBITaxon:10090	UBERON:0001384	DOI:10.1101/2020.02.29.970558	ensembl:ENSMUSG00000029231|ensembl:ENSMUSG00000039954	ensembl:ENSMUSG00000029231	MOp	Mouse	AllenDend:CS202002013_91	UBERON:0001384			CL:0002453		DOI:10.1101/2020.02.29.970558	PR:P26618		DOI:10.1101/2020.03.31.016972		
http://www.semanticweb.org/brain_data_standards/AllenDendClass_CS202002013_92	Astro_Top2a	Astro_Top2a|RNAseq 092	cell_set_preferred_alias:Astro_Top2a ; original_label:Astro_Top2a ; cell_set_label:RNAseq 092 ; cell_set_aligned_alias:'' ; cell_set_additional_aliases:''	CL:0000127	NCBITaxon:10090	UBERON:0001384	DOI:10.1101/2020.02.29.970558	ensembl:ENSMUSG00000042489|ensembl:ENSMUSG00000098318	ensembl:ENSMUSG00000020914	MOp	Mouse	AllenDend:CS202002013_92	UBERON:0001384						PR:Q01320				
http://www.semanticweb.org/brain_data_standards/AllenDendClass_CS202002013_211	Astro_C1	n95|RNAseq 093-094|Astro_1|Astro_C1	cell_set_preferred_alias:Astro_C1 ; original_label:n95 ; cell_set_label:RNAseq 093-094 ; cell_set_aligned_alias:'' ; cell_set_additional_aliases:Astro_1	CL:0000127	NCBITaxon:10090	UBERON:0001384	DOI:10.1101/2020.02.29.970558|DOI:10.1101/2020.03.31.016972	ensembl:ENSMUSG00000021318|ensembl:ENSMUSG00000036949		MOp	Mouse	AllenDend:CS202002013_211	UBERON:0001384										
http://www.semanticweb.org/brain_data_standards/AllenDendClass_CS202002013_93	Astro Aqp4_Gfap	RNAseq 093|Astro Aqp4_Gfap	cell_set_preferred_alias:Astro Aqp4_Gfap ; original_label:Astro Aqp4_Gfap ; cell_set_label:RNAseq 093 ; cell_set_aligned_alias:'' ; cell_set_additional_aliases:''	CL:0000127	NCBITaxon:10090	UBERON:0001384	DOI:10.1101/2020.02.29.970558	ensembl:ENSMUSG00000026697	ensembl:ENSMUSG00000020932	MOp	Mouse	AllenDend:CS202002013_93	UBERON:0001384						PR:P55088|PR:P03995				
http://www.semanticweb.org/brain_data_standards/AllenDendClass_CS202002013_94	Astro Aqp4_Slc7a10	RNAseq 094|Astro Aqp4_Slc7a10	cell_set_preferred_alias:Astro Aqp4_Slc7a10 ; original_label:Astro Aqp4_Slc7a10 ; cell_set_label:RNAseq 094 ; cell_set_aligned_alias:'' ; cell_set_additional_aliases:''	CL:0000127	NCBITaxon:10090	UBERON:0001384	DOI:10.1101/2020.02.29.970558	ensembl:ENSMUSG00000025537|ensembl:ENSMUSG00000030235	ensembl:ENSMUSG00000030495	MOp	Mouse	AllenDend:CS202002013_94	UBERON:0001384						PR:P55088|PR:P63115				
http://www.semanticweb.org/brain_data_standards/AllenDendClass_CS202002013_95	Oligo Enpp6_1	Oligo Enpp6_1|RNAseq 095	cell_set_preferred_alias:Oligo Enpp6_1 ; original_label:Oligo Enpp6_1 ; cell_set_label:RNAseq 095 ; cell_set_aligned_alias:'' ; cell_set_additional_aliases:''	CL:0000128	NCBITaxon:10090	UBERON:0001384	DOI:10.1101/2020.02.29.970558	ensembl:ENSMUSG00000013523|ensembl:ENSMUSG00000024985	ensembl:ENSMUSG00000038173	MOp	Mouse	AllenDend:CS202002013_95	UBERON:0001384						PR:Q8BGN3				
http://www.semanticweb.org/brain_data_standards/AllenDendClass_CS202002013_96	Oligo Enpp6_2	Oligo Enpp6_2|RNAseq 096	cell_set_preferred_alias:Oligo Enpp6_2 ; original_label:Oligo Enpp6_2 ; cell_set_label:RNAseq 096 ; cell_set_aligned_alias:'' ; cell_set_additional_aliases:''	CL:0000128	NCBITaxon:10090	UBERON:0001384	DOI:10.1101/2020.02.29.970558	ensembl:ENSMUSG00000021835|ensembl:ENSMUSG00000115529	ensembl:ENSMUSG00000038173	MOp	Mouse	AllenDend:CS202002013_96	UBERON:0001384						PR:Q8BGN3				
http://www.semanticweb.org/brain_data_standards/AllenDendClass_CS202002013_97	Oligo Enpp6_3	Oligo Enpp6_3|RNAseq 097	cell_set_preferred_alias:Oligo Enpp6_3 ; original_label:Oligo Enpp6_3 ; cell_set_label:RNAseq 097 ; cell_set_aligned_alias:'' ; cell_set_additional_aliases:''	CL:0000128	NCBITaxon:10090	UBERON:0001384	DOI:10.1101/2020.02.29.970558	ensembl:ENSMUSG00000015202|ensembl:ENSMUSG00000026347|ensembl:ENSMUSG00000026566|ensembl:ENSMUSG00000049690	ensembl:ENSMUSG00000038173	MOp	Mouse	AllenDend:CS202002013_97	UBERON:0001384						PR:Q8BGN3				
http://www.semanticweb.org/brain_data_standards/AllenDendClass_CS202002013_98	Oligo Enpp6_4	Oligo Enpp6_4|RNAseq 098	cell_set_preferred_alias:Oligo Enpp6_4 ; original_label:Oligo Enpp6_4 ; cell_set_label:RNAseq 098 ; cell_set_aligned_alias:'' ; cell_set_additional_aliases:''	CL:0000128	NCBITaxon:10090	UBERON:0001384	DOI:10.1101/2020.02.29.970558	ensembl:ENSMUSG00000015202|ensembl:ENSMUSG00000115529	ensembl:ENSMUSG00000038173	MOp	Mouse	AllenDend:CS202002013_98	UBERON:0001384						PR:Q8BGN3				
http://www.semanticweb.org/brain_data_standards/AllenDendClass_CS202002013_99	Oligo Opalin_1	RNAseq 099|Oligo Opalin_1|Oligo_1	cell_set_preferred_alias:Oligo Opalin_1 ; original_label:Oligo Opalin_1 ; cell_set_label:RNAseq 099 ; cell_set_aligned_alias:'' ; cell_set_additional_aliases:Oligo_1	CL:0000128	NCBITaxon:10090	UBERON:0001384	DOI:10.1101/2020.02.29.970558|DOI:10.1101/2020.03.31.016972	ensembl:ENSMUSG00000036777|ensembl:ENSMUSG00000039316|ensembl:ENSMUSG00000111994	ensembl:ENSMUSG00000050121	MOp	Mouse	AllenDend:CS202002013_99	UBERON:0001384						PR:Q7M750				
http://www.semanticweb.org/brain_data_standards/AllenDendClass_CS202002013_100	Oligo Opalin_2	Oligo Opalin_2|RNAseq 100	cell_set_preferred_alias:Oligo Opalin_2 ; original_label:Oligo Opalin_2 ; cell_set_label:RNAseq 100 ; cell_set_aligned_alias:'' ; cell_set_additional_aliases:''	CL:0000128	NCBITaxon:10090	UBERON:0001384	DOI:10.1101/2020.02.29.970558	ensembl:ENSMUSG00000024810|ensembl:ENSMUSG00000032841	ensembl:ENSMUSG00000050121	MOp	Mouse	AllenDend:CS202002013_100	UBERON:0001384						PR:Q7M750				
http://www.semanticweb.org/brain_data_standards/AllenDendClass_CS202002013_101	Oligo Opalin_3	RNAseq 101|Oligo Opalin_3	cell_set_preferred_alias:Oligo Opalin_3 ; original_label:Oligo Opalin_3 ; cell_set_label:RNAseq 101 ; cell_set_aligned_alias:'' ; cell_set_additional_aliases:''	CL:0000128	NCBITaxon:10090	UBERON:0001384	DOI:10.1101/2020.02.29.970558	ensembl:ENSMUSG00000032517|ensembl:ENSMUSG00000041460|ensembl:ENSMUSG00000049690	ensembl:ENSMUSG00000050121	MOp	Mouse	AllenDend:CS202002013_101	UBERON:0001384						PR:Q7M750				
http://www.semanticweb.org/brain_data_standards/AllenDendClass_CS202002013_102	Oligo Opalin_4	Oligo Opalin_4|RNAseq 102	cell_set_preferred_alias:Oligo Opalin_4 ; original_label:Oligo Opalin_4 ; cell_set_label:RNAseq 102 ; cell_set_aligned_alias:'' ; cell_set_additional_aliases:''	CL:0000128	NCBITaxon:10090	UBERON:0001384	DOI:10.1101/2020.02.29.970558	ensembl:ENSMUSG00000029086|ensembl:ENSMUSG00000030616|ensembl:ENSMUSG00000032702	ensembl:ENSMUSG00000050121	MOp	Mouse	AllenDend:CS202002013_102	UBERON:0001384						PR:Q7M750				
http://www.semanticweb.org/brain_data_standards/AllenDendClass_CS202002013_103	Endo	RNAseq 103|Endothelial|Endo	cell_set_preferred_alias:Endo ; original_label:Endo ; cell_set_label:RNAseq 103 ; cell_set_aligned_alias:Endothelial ; cell_set_additional_aliases:Endo	CL:0000115	NCBITaxon:10090	UBERON:0001384	DOI:10.1101/2020.02.29.970558	ensembl:ENSMUSG00000030237|ensembl:ENSMUSG00000039167		MOp	Mouse	AllenDend:CS202002013_103	UBERON:0001384			CL:1001602		DOI:10.1101/2020.02.29.970558					
http://www.semanticweb.org/brain_data_standards/AllenDendClass_CS202002013_104	VLMC_1	RNAseq 104|VLMC_1	cell_set_preferred_alias:VLMC_1 ; original_label:VLMC_1 ; cell_set_label:RNAseq 104 ; cell_set_aligned_alias:'' ; cell_set_additional_aliases:''	CL:4023051	NCBITaxon:10090	UBERON:0001384	DOI:10.1101/2020.02.29.970558	ensembl:ENSMUSG00000025780|ensembl:ENSMUSG00000031273|ensembl:ENSMUSG00000112430		MOp	Mouse	AllenDend:CS202002013_104											
http://www.semanticweb.org/brain_data_standards/AllenDendClass_CS202002013_105	VLMC_2	RNAseq 105|VLMC_2	cell_set_preferred_alias:VLMC_2 ; original_label:VLMC_2 ; cell_set_label:RNAseq 105 ; cell_set_aligned_alias:'' ; cell_set_additional_aliases:''	CL:4023051	NCBITaxon:10090	UBERON:0001384	DOI:10.1101/2020.02.29.970558	ensembl:ENSMUSG00000032796|ensembl:ENSMUSG00000064294		MOp	Mouse	AllenDend:CS202002013_105											
http://www.semanticweb.org/brain_data_standards/AllenDendClass_CS202002013_106	VLMC_3	RNAseq 106|VLMC_3	cell_set_preferred_alias:VLMC_3 ; original_label:VLMC_3 ; cell_set_label:RNAseq 106 ; cell_set_aligned_alias:'' ; cell_set_additional_aliases:''	CL:4023051	NCBITaxon:10090	UBERON:0001384	DOI:10.1101/2020.02.29.970558	ensembl:ENSMUSG00000043760		MOp	Mouse	AllenDend:CS202002013_106											
http://www.semanticweb.org/brain_data_standards/AllenDendClass_CS202002013_107	VLMC_4	VLMC_4|RNAseq 107	cell_set_preferred_alias:VLMC_4 ; original_label:VLMC_4 ; cell_set_label:RNAseq 107 ; cell_set_aligned_alias:'' ; cell_set_additional_aliases:''	CL:4023051	NCBITaxon:10090	UBERON:0001384	DOI:10.1101/2020.02.29.970558	ensembl:ENSMUSG00000036814|ensembl:ENSMUSG00000069378		MOp	Mouse	AllenDend:CS202002013_107											
http://www.semanticweb.org/brain_data_standards/AllenDendClass_CS202002013_108	VLMC_5	RNAseq 108|VLMC_5	cell_set_preferred_alias:VLMC_5 ; original_label:VLMC_5 ; cell_set_label:RNAseq 108 ; cell_set_aligned_alias:'' ; cell_set_additional_aliases:''	CL:4023051	NCBITaxon:10090	UBERON:0001384	DOI:10.1101/2020.02.29.970558	ensembl:ENSMUSG00000010122		MOp	Mouse	AllenDend:CS202002013_108											
http://www.semanticweb.org/brain_data_standards/AllenDendClass_CS202002013_109	VLMC_6	RNAseq 109|VLMC_6	cell_set_preferred_alias:VLMC_6 ; original_label:VLMC_6 ; cell_set_label:RNAseq 109 ; cell_set_aligned_alias:'' ; cell_set_additional_aliases:''	CL:4023051	NCBITaxon:10090	UBERON:0001384	DOI:10.1101/2020.02.29.970558	ensembl:ENSMUSG00000006014|ensembl:ENSMUSG00000026989|ensembl:ENSMUSG00000040569		MOp	Mouse	AllenDend:CS202002013_109											
http://www.semanticweb.org/brain_data_standards/AllenDendClass_CS202002013_110	VLMC_7	RNAseq 110|VLMC_7	cell_set_preferred_alias:VLMC_7 ; original_label:VLMC_7 ; cell_set_label:RNAseq 110 ; cell_set_aligned_alias:'' ; cell_set_additional_aliases:''	CL:4023051	NCBITaxon:10090	UBERON:0001384	DOI:10.1101/2020.02.29.970558	ensembl:ENSMUSG00000026989|ensembl:ENSMUSG00000034127		MOp	Mouse	AllenDend:CS202002013_110											
http://www.semanticweb.org/brain_data_standards/AllenDendClass_CS202002013_111	SMC	SMC|RNAseq 111	cell_set_preferred_alias:SMC ; original_label:SMC ; cell_set_label:RNAseq 111 ; cell_set_aligned_alias:SMC ; cell_set_additional_aliases:''	CL:0000359	NCBITaxon:10090	UBERON:0001384	DOI:10.1101/2020.02.29.970558	ensembl:ENSMUSG00000035783		MOp	Mouse	AllenDend:CS202002013_111	UBERON:0001384			CL:0002590 		DOI:10.1101/2020.02.29.970558					
http://www.semanticweb.org/brain_data_standards/AllenDendClass_CS202002013_112	Peri	RNAseq 112|Pericyte|Peri	cell_set_preferred_alias:Peri ; original_label:Peri ; cell_set_label:RNAseq 112 ; cell_set_aligned_alias:Pericyte ; cell_set_additional_aliases:''	CL:0000669	NCBITaxon:10090	UBERON:0001384	DOI:10.1101/2020.02.29.970558	ensembl:ENSMUSG00000030249|ensembl:ENSMUSG00000087516		MOp	Mouse	AllenDend:CS202002013_112	UBERON:0001384			CL:2000043		DOI:10.1101/2020.02.29.970558					
http://www.semanticweb.org/brain_data_standards/AllenDendClass_CS202002013_113	Micro	Microglia|Micro|RNAseq 113	cell_set_preferred_alias:Micro ; original_label:Micro ; cell_set_label:RNAseq 113 ; cell_set_aligned_alias:Microglia ; cell_set_additional_aliases:''	CL:0000129	NCBITaxon:10090	UBERON:0001384	DOI:10.1101/2020.02.29.970558	ensembl:ENSMUSG00000021665		MOp	Mouse	AllenDend:CS202002013_113	UBERON:0001384			CL:0000129		DOI:10.1101/2020.02.29.970558					