defined_class	prefLabel	Synonyms_from_taxonomy	Gross_cell_type	Taxon	Taxon_abbv	Brain_region	Cluster_ID	Allen_markers	Brain_region_abbv	Species_abbv	Individual	part_of	has_soma_location	Alias_citations	Minimal_markers	aligned_alias	marker_gene_set
http://purl.obolibrary.org/obo/PCL_0023079	ADARB2 (CGE)	ADARB2 (CGE)	CL:0011005	NCBITaxon:9606	Hsap	UBERON:0002771	CS1908210079		MTG	Human	http://purl.obolibrary.org/obo/pcl/CS1908210079		UBERON:0002771				
http://purl.obolibrary.org/obo/PCL_0023080	LAMP5/PAX6-like	LAMP5/PAX6-like	CL:0011005	NCBITaxon:9606	Hsap	UBERON:0002771	CS1908210080		MTG	Human	http://purl.obolibrary.org/obo/pcl/CS1908210080		UBERON:0002771				
http://purl.obolibrary.org/obo/PCL_0023081	PAX6	PAX6	CL:0011005	NCBITaxon:9606	Hsap	UBERON:0002771	CS1908210081		MTG	Human	http://purl.obolibrary.org/obo/pcl/CS1908210081		UBERON:0002771				
http://purl.obolibrary.org/obo/PCL_0023001	Inh L1-2 PAX6 CDH12	Inh L1-2 PAX6 CDH12	CL:0011005	NCBITaxon:9606	Hsap	UBERON:0002771	CS1908210001	entrez:1010|entrez:5080	MTG	Human	http://purl.obolibrary.org/obo/pcl/CS1908210001		UBERON:0002771		entrez:101927870|entrez:7048		PCL:0024501
http://purl.obolibrary.org/obo/PCL_0023002	Inh L1-2 PAX6 TNFAIP8L3	Inh L1-2 PAX6 TNFAIP8L3	CL:0011005	NCBITaxon:9606	Hsap	UBERON:0002771	CS1908210002	entrez:388121|entrez:5080	MTG	Human	http://purl.obolibrary.org/obo/pcl/CS1908210002		UBERON:0002771		entrez:102723487|entrez:221833		PCL:0024502
http://purl.obolibrary.org/obo/PCL_0023082	LAMP5-like	LAMP5-like	CL:0011005	NCBITaxon:9606	Hsap	UBERON:0002771	CS1908210082		MTG	Human	http://purl.obolibrary.org/obo/pcl/CS1908210082		UBERON:0002771				
http://purl.obolibrary.org/obo/PCL_0023003	Inh L1 LAMP5 NMBR	Inh L1 LAMP5 NMBR	CL:0011005	NCBITaxon:9606	Hsap	UBERON:0002771	CS1908210003	entrez:24141|entrez:4829	MTG	Human	http://purl.obolibrary.org/obo/pcl/CS1908210003		UBERON:0002771		entrez:22987|entrez:79625		PCL:0024503
http://purl.obolibrary.org/obo/PCL_0023004	Inh L1-4 LAMP5 LCP2	Inh L1-4 LAMP5 LCP2|Rosehip	CL:0011005	NCBITaxon:9606	Hsap	UBERON:0002771	CS1908210004	entrez:24141|entrez:3937	MTG	Human	http://purl.obolibrary.org/obo/pcl/CS1908210004		UBERON:0002771		entrez:3815|entrez:594855		PCL:0024504
http://purl.obolibrary.org/obo/PCL_0023005	Inh L1-2 LAMP5 DBP	Inh L1-2 LAMP5 DBP	CL:0011005	NCBITaxon:9606	Hsap	UBERON:0002771	CS1908210005	entrez:1628|entrez:24141	MTG	Human	http://purl.obolibrary.org/obo/pcl/CS1908210005		UBERON:0002771		entrez:140689|entrez:594855		PCL:0024505
http://purl.obolibrary.org/obo/PCL_0023006	Inh L2-6 LAMP5 CA1	Inh L2-6 LAMP5 CA1|Lamp5 Lhx6	CL:0011005	NCBITaxon:9606	Hsap	UBERON:0002771	CS1908210006	entrez:24141|entrez:759	MTG	Human	http://purl.obolibrary.org/obo/pcl/CS1908210006		UBERON:0002771		entrez:2070|entrez:55026		PCL:0024506
http://purl.obolibrary.org/obo/PCL_0023085	VIP-like	VIP-like	CL:0011005	NCBITaxon:9606	Hsap	UBERON:0002771	CS1908210085		MTG	Human	http://purl.obolibrary.org/obo/pcl/CS1908210085		UBERON:0002771				
http://purl.obolibrary.org/obo/PCL_0023007	Inh L1 SST CHRNA4	Inh L1 SST CHRNA4	CL:0011005	NCBITaxon:9606	Hsap	UBERON:0002771	CS1908210007	entrez:1137|entrez:6750	MTG	Human	http://purl.obolibrary.org/obo/pcl/CS1908210007		UBERON:0002771		entrez:10512|entrez:162282|entrez:9547		PCL:0024507
http://purl.obolibrary.org/obo/PCL_0023008	Inh L1-2 ADARB2 MC4R	Inh L1-2 ADARB2 MC4R	CL:0011005	NCBITaxon:9606	Hsap	UBERON:0002771	CS1908210008	entrez:105|entrez:4160	MTG	Human	http://purl.obolibrary.org/obo/pcl/CS1908210008		UBERON:0002771		entrez:158763|entrez:80332		PCL:0024508
http://purl.obolibrary.org/obo/PCL_0023009	Inh L1-2 SST BAGE2	Inh L1-2 SST BAGE2	CL:0011005	NCBITaxon:9606	Hsap	UBERON:0002771	CS1908210009	entrez:6750|entrez:85319	MTG	Human	http://purl.obolibrary.org/obo/pcl/CS1908210009		UBERON:0002771		entrez:105377436|entrez:85319		PCL:0024509
http://purl.obolibrary.org/obo/PCL_0023010	Inh L1-3 VIP SYT6	Inh L1-3 VIP SYT6	CL:0011005	NCBITaxon:9606	Hsap	UBERON:0002771	CS1908210010	entrez:148281|entrez:7432	MTG	Human	http://purl.obolibrary.org/obo/pcl/CS1908210010		UBERON:0002771		entrez:1268|entrez:345557		PCL:0024510
http://purl.obolibrary.org/obo/PCL_0023011	Inh L1-2 VIP TSPAN12	Inh L1-2 VIP TSPAN12	CL:0011005	NCBITaxon:9606	Hsap	UBERON:0002771	CS1908210011	entrez:23554|entrez:7432	MTG	Human	http://purl.obolibrary.org/obo/pcl/CS1908210011		UBERON:0002771		entrez:100505474|entrez:1634		PCL:0024511
http://purl.obolibrary.org/obo/PCL_0023012	Inh L1-4 VIP CHRNA6	Inh L1-4 VIP CHRNA6	CL:0011005	NCBITaxon:9606	Hsap	UBERON:0002771	CS1908210012	entrez:7432|entrez:8973	MTG	Human	http://purl.obolibrary.org/obo/pcl/CS1908210012		UBERON:0002771		entrez:101928923|entrez:285025		PCL:0024512
http://purl.obolibrary.org/obo/PCL_0023013	Inh L1-3 VIP ADAMTSL1	Inh L1-3 VIP ADAMTSL1	CL:0011005	NCBITaxon:9606	Hsap	UBERON:0002771	CS1908210013	entrez:7432|entrez:92949	MTG	Human	http://purl.obolibrary.org/obo/pcl/CS1908210013		UBERON:0002771		entrez:117154|entrez:54510		PCL:0024513
http://purl.obolibrary.org/obo/PCL_0023014	Inh L1-4 VIP PENK	Inh L1-4 VIP PENK	CL:0011005	NCBITaxon:9606	Hsap	UBERON:0002771	CS1908210014	entrez:5179|entrez:7432	MTG	Human	http://purl.obolibrary.org/obo/pcl/CS1908210014		UBERON:0002771		entrez:105371331|entrez:93556		PCL:0024514
http://purl.obolibrary.org/obo/PCL_0023015	Inh L2-6 VIP QPCT	Inh L2-6 VIP QPCT	CL:0011005	NCBITaxon:9606	Hsap	UBERON:0002771	CS1908210015	entrez:25797|entrez:7432	MTG	Human	http://purl.obolibrary.org/obo/pcl/CS1908210015		UBERON:0002771		entrez:3490|entrez:5121		PCL:0024515
http://purl.obolibrary.org/obo/PCL_0023016	Inh L3-6 VIP HS3ST3A1	Inh L3-6 VIP HS3ST3A1	CL:0011005	NCBITaxon:9606	Hsap	UBERON:0002771	CS1908210016	entrez:7432|entrez:9955	MTG	Human	http://purl.obolibrary.org/obo/pcl/CS1908210016		UBERON:0002771		entrez:10788|entrez:25890		PCL:0024516
http://purl.obolibrary.org/obo/PCL_0023017	Inh L1-2 VIP PCDH20	Inh L1-2 VIP PCDH20	CL:0011005	NCBITaxon:9606	Hsap	UBERON:0002771	CS1908210017	entrez:64881|entrez:7432	MTG	Human	http://purl.obolibrary.org/obo/pcl/CS1908210017		UBERON:0002771		entrez:284|entrez:7432		PCL:0024517
http://purl.obolibrary.org/obo/PCL_0023018	Inh L2-5 VIP SERPINF1	Inh L2-5 VIP SERPINF1	CL:0011005	NCBITaxon:9606	Hsap	UBERON:0002771	CS1908210018	entrez:5176|entrez:7432	MTG	Human	http://purl.obolibrary.org/obo/pcl/CS1908210018		UBERON:0002771		entrez:101929690|entrez:128553|entrez:6866		PCL:0024518
http://purl.obolibrary.org/obo/PCL_0023019	Inh L2-5 VIP TYR	Inh L2-5 VIP TYR	CL:0011005	NCBITaxon:9606	Hsap	UBERON:0002771	CS1908210019	entrez:7299|entrez:7432	MTG	Human	http://purl.obolibrary.org/obo/pcl/CS1908210019		UBERON:0002771		entrez:1306|entrez:6866		PCL:0024519
http://purl.obolibrary.org/obo/PCL_0023020	Inh L1-3 VIP CHRM2	Inh L1-3 VIP CHRM2	CL:0011005	NCBITaxon:9606	Hsap	UBERON:0002771	CS1908210020	entrez:1129|entrez:7432	MTG	Human	http://purl.obolibrary.org/obo/pcl/CS1908210020		UBERON:0002771		entrez:100421401|entrez:101060145		PCL:0024520
http://purl.obolibrary.org/obo/PCL_0023021	Inh L2-4 VIP CBLN1	Inh L2-4 VIP CBLN1	CL:0011005	NCBITaxon:9606	Hsap	UBERON:0002771	CS1908210021	entrez:7432|entrez:869	MTG	Human	http://purl.obolibrary.org/obo/pcl/CS1908210021		UBERON:0002771		entrez:3358|entrez:4311		PCL:0024521
http://purl.obolibrary.org/obo/PCL_0023022	Inh L1-3 VIP CCDC184	Inh L1-3 VIP CCDC184	CL:0011005	NCBITaxon:9606	Hsap	UBERON:0002771	CS1908210022	entrez:387856|entrez:7432	MTG	Human	http://purl.obolibrary.org/obo/pcl/CS1908210022		UBERON:0002771		entrez:131096|entrez:256380		PCL:0024522
http://purl.obolibrary.org/obo/PCL_0023023	Inh L1-3 VIP GGH	Inh L1-3 VIP GGH	CL:0011005	NCBITaxon:9606	Hsap	UBERON:0002771	CS1908210023	entrez:7432|entrez:8836	MTG	Human	http://purl.obolibrary.org/obo/pcl/CS1908210023		UBERON:0002771		entrez:105375473|entrez:8836		PCL:0024523
http://purl.obolibrary.org/obo/PCL_0023024	Inh L1-2 VIP LBH	Inh L1-2 VIP LBH	CL:0011005	NCBITaxon:9606	Hsap	UBERON:0002771	CS1908210024	entrez:7432|entrez:81606	MTG	Human	http://purl.obolibrary.org/obo/pcl/CS1908210024		UBERON:0002771		entrez:105379146|entrez:642597		PCL:0024524
http://purl.obolibrary.org/obo/PCL_0023025	Inh L2-3 VIP CASC6	Inh L2-3 VIP CASC6	CL:0011005	NCBITaxon:9606	Hsap	UBERON:0002771	CS1908210025	entrez:101929083|entrez:7432	MTG	Human	http://purl.obolibrary.org/obo/pcl/CS1908210025		UBERON:0002771		entrez:101929083|entrez:105370456|entrez:220416		PCL:0024525
http://purl.obolibrary.org/obo/PCL_0023026	Inh L2-4 VIP SPAG17	Inh L2-4 VIP SPAG17	CL:0011005	NCBITaxon:9606	Hsap	UBERON:0002771	CS1908210026	entrez:200162|entrez:7432	MTG	Human	http://purl.obolibrary.org/obo/pcl/CS1908210026		UBERON:0002771		entrez:101929052|entrez:23657		PCL:0024526
http://purl.obolibrary.org/obo/PCL_0023027	Inh L1-4 VIP OPRM1	Inh L1-4 VIP OPRM1	CL:0011005	NCBITaxon:9606	Hsap	UBERON:0002771	CS1908210027	entrez:4988|entrez:7432	MTG	Human	http://purl.obolibrary.org/obo/pcl/CS1908210027		UBERON:0002771		entrez:101929690|entrez:5121|entrez:6581		PCL:0024527
http://purl.obolibrary.org/obo/PCL_0023105	LHX6 (MGE)	LHX6 (MGE)	CL:0011005	NCBITaxon:9606	Hsap	UBERON:0002771	CS1908210105		MTG	Human	http://purl.obolibrary.org/obo/pcl/CS1908210105		UBERON:0002771				
http://purl.obolibrary.org/obo/PCL_0023028	Inh L3-6 SST NPY	Inh L3-6 SST NPY|Sst Chodl	CL:0011005	NCBITaxon:9606	Hsap	UBERON:0002771	CS1908210028	entrez:4852|entrez:6750	MTG	Human	http://purl.obolibrary.org/obo/pcl/CS1908210028		UBERON:0002771		entrez:4852		PCL:0024528
http://purl.obolibrary.org/obo/PCL_0023108	SST-like	SST-like	CL:0011005	NCBITaxon:9606	Hsap	UBERON:0002771	CS1908210108		MTG	Human	http://purl.obolibrary.org/obo/pcl/CS1908210108		UBERON:0002771				
http://purl.obolibrary.org/obo/PCL_0023029	Inh L3-6 SST HPGD	Inh L3-6 SST HPGD	CL:0011005	NCBITaxon:9606	Hsap	UBERON:0002771	CS1908210029	entrez:3248|entrez:6750	MTG	Human	http://purl.obolibrary.org/obo/pcl/CS1908210029		UBERON:0002771		entrez:26002|entrez:3248|entrez:375061		PCL:0024529
http://purl.obolibrary.org/obo/PCL_0023030	Inh L4-6 SST B3GAT2	Inh L4-6 SST B3GAT2	CL:0011005	NCBITaxon:9606	Hsap	UBERON:0002771	CS1908210030	entrez:135152|entrez:6750	MTG	Human	http://purl.obolibrary.org/obo/pcl/CS1908210030		UBERON:0002771		entrez:10874|entrez:158326|entrez:6866		PCL:0024530
http://purl.obolibrary.org/obo/PCL_0023031	Inh L5-6 SST KLHDC8A	Inh L5-6 SST KLHDC8A	CL:0011005	NCBITaxon:9606	Hsap	UBERON:0002771	CS1908210031	entrez:55220|entrez:6750	MTG	Human	http://purl.obolibrary.org/obo/pcl/CS1908210031		UBERON:0002771		entrez:100996671|entrez:105377701		PCL:0024531
http://purl.obolibrary.org/obo/PCL_0023032	Inh L5-6 SST NPM1P10	Inh L5-6 SST NPM1P10	CL:0011005	NCBITaxon:9606	Hsap	UBERON:0002771	CS1908210032	entrez:10837|entrez:6750	MTG	Human	http://purl.obolibrary.org/obo/pcl/CS1908210032		UBERON:0002771		entrez:10418|entrez:2201		PCL:0024532
http://purl.obolibrary.org/obo/PCL_0023033	Inh L4-6 SST GXYLT2	Inh L4-6 SST GXYLT2	CL:0011005	NCBITaxon:9606	Hsap	UBERON:0002771	CS1908210033	entrez:6750|entrez:727936	MTG	Human	http://purl.obolibrary.org/obo/pcl/CS1908210033		UBERON:0002771		entrez:101929667|entrez:246213|entrez:84109		PCL:0024533
http://purl.obolibrary.org/obo/PCL_0023034	Inh L4-5 SST STK32A	Inh L4-5 SST STK32A	CL:0011005	NCBITaxon:9606	Hsap	UBERON:0002771	CS1908210034	entrez:202374|entrez:6750	MTG	Human	http://purl.obolibrary.org/obo/pcl/CS1908210034		UBERON:0002771		entrez:202374|entrez:6549		PCL:0024534
http://purl.obolibrary.org/obo/PCL_0023035	Inh L1-3 SST CALB1	Inh L1-3 SST CALB1	CL:0011005	NCBITaxon:9606	Hsap	UBERON:0002771	CS1908210035	entrez:6750|entrez:793	MTG	Human	http://purl.obolibrary.org/obo/pcl/CS1908210035		UBERON:0002771		entrez:101929028		PCL:0024535
http://purl.obolibrary.org/obo/PCL_0023036	Inh L3-5 SST ADGRG6	Inh L3-5 SST ADGRG6	CL:0011005	NCBITaxon:9606	Hsap	UBERON:0002771	CS1908210036	entrez:57211|entrez:6750	MTG	Human	http://purl.obolibrary.org/obo/pcl/CS1908210036		UBERON:0002771		entrez:57211|entrez:8842		PCL:0024536
http://purl.obolibrary.org/obo/PCL_0023037	Inh L2-4 SST FRZB	Inh L2-4 SST FRZB	CL:0011005	NCBITaxon:9606	Hsap	UBERON:0002771	CS1908210037	entrez:2487|entrez:6750	MTG	Human	http://purl.obolibrary.org/obo/pcl/CS1908210037		UBERON:0002771		entrez:346007|entrez:4645|entrez:4842|entrez:60495		PCL:0024537
http://purl.obolibrary.org/obo/PCL_0023038	Inh L5-6 SST TH	Inh L5-6 SST TH	CL:0011005	NCBITaxon:9606	Hsap	UBERON:0002771	CS1908210038	entrez:6750|entrez:7054	MTG	Human	http://purl.obolibrary.org/obo/pcl/CS1908210038		UBERON:0002771		entrez:102724957|entrez:7054		PCL:0024538
http://purl.obolibrary.org/obo/PCL_0023117	PVALB-like	PVALB-like	CL:0011005	NCBITaxon:9606	Hsap	UBERON:0002771	CS1908210117		MTG	Human	http://purl.obolibrary.org/obo/pcl/CS1908210117		UBERON:0002771				
http://purl.obolibrary.org/obo/PCL_0023039	Inh L5-6 LHX6 GLP1R	Inh L5-6 LHX6 GLP1R	CL:0011005	NCBITaxon:9606	Hsap	UBERON:0002771	CS1908210039	entrez:26468|entrez:2740	MTG	Human	http://purl.obolibrary.org/obo/pcl/CS1908210039		UBERON:0002771		entrez:10512|entrez:590|entrez:79974		PCL:0024539
http://purl.obolibrary.org/obo/PCL_0023040	Inh L5-6 PVALB LGR5	Inh L5-6 PVALB LGR5	CL:0011005	NCBITaxon:9606	Hsap	UBERON:0002771	CS1908210040	entrez:5816|entrez:8549	MTG	Human	http://purl.obolibrary.org/obo/pcl/CS1908210040		UBERON:0002771		entrez:340120|entrez:401478|entrez:79974		PCL:0024540
http://purl.obolibrary.org/obo/PCL_0023041	Inh L4-5 PVALB MEPE	Inh L4-5 PVALB MEPE	CL:0011005	NCBITaxon:9606	Hsap	UBERON:0002771	CS1908210041	entrez:56955|entrez:5816	MTG	Human	http://purl.obolibrary.org/obo/pcl/CS1908210041		UBERON:0002771		entrez:3082|entrez:56955|entrez:6696		PCL:0024541
http://purl.obolibrary.org/obo/PCL_0023042	Inh L2-4 PVALB WFDC2	Inh L2-4 PVALB WFDC2	CL:0011005	NCBITaxon:9606	Hsap	UBERON:0002771	CS1908210042	entrez:10406|entrez:5816	MTG	Human	http://purl.obolibrary.org/obo/pcl/CS1908210042		UBERON:0002771		entrez:285195|entrez:6863		PCL:0024542
http://purl.obolibrary.org/obo/PCL_0023043	Inh L4-6 PVALB SULF1	Inh L4-6 PVALB SULF1	CL:0011005	NCBITaxon:9606	Hsap	UBERON:0002771	CS1908210043	entrez:23213|entrez:5816	MTG	Human	http://purl.obolibrary.org/obo/pcl/CS1908210043		UBERON:0002771		entrez:23213|entrez:79974		PCL:0024543
http://purl.obolibrary.org/obo/PCL_0023044	Inh L5-6 SST MIR548F2	Inh L5-6 SST MIR548F2	CL:0011005	NCBITaxon:9606	Hsap	UBERON:0002771	CS1908210044	entrez:100313771|entrez:6750	MTG	Human	http://purl.obolibrary.org/obo/pcl/CS1908210044		UBERON:0002771		entrez:130574|entrez:2262|entrez:5074		PCL:0024544
http://purl.obolibrary.org/obo/PCL_0023045	Inh L2-5 PVALB SCUBE3	Chandelier|Inh L2-5 PVALB SCUBE3	CL:0011005	NCBITaxon:9606	Hsap	UBERON:0002771	CS1908210045	entrez:222663|entrez:5816	MTG	Human	http://purl.obolibrary.org/obo/pcl/CS1908210045		UBERON:0002771		entrez:1306|entrez:401478		PCL:0024545
http://purl.obolibrary.org/obo/PCL_0023127	L2/3 IT	L2/3 IT	CL:0000679	NCBITaxon:9606	Hsap	UBERON:0002771	CS1908210127		MTG	Human	http://purl.obolibrary.org/obo/pcl/CS1908210127		UBERON:0002771				
http://purl.obolibrary.org/obo/PCL_0023046	Exc L2 LAMP5 LTK	Exc L2 LAMP5 LTK	CL:0000679	NCBITaxon:9606	Hsap	UBERON:0002771	CS1908210046	entrez:24141|entrez:4058	MTG	Human	http://purl.obolibrary.org/obo/pcl/CS1908210046		UBERON:0002771		entrez:102723742|entrez:147381		PCL:0024546
http://purl.obolibrary.org/obo/PCL_0023047	Exc L2-4 LINC00507 GLP2R	Exc L2-4 LINC00507 GLP2R	CL:0000679	NCBITaxon:9606	Hsap	UBERON:0002771	CS1908210047	entrez:100862680|entrez:9340	MTG	Human	http://purl.obolibrary.org/obo/pcl/CS1908210047		UBERON:0002771		entrez:10203|entrez:26002|entrez:5179		PCL:0024547
http://purl.obolibrary.org/obo/PCL_0023048	Exc L2-3 LINC00507 FREM3	Exc L2-3 LINC00507 FREM3	CL:0000679	NCBITaxon:9606	Hsap	UBERON:0002771	CS1908210048	entrez:100862680|entrez:166752	MTG	Human	http://purl.obolibrary.org/obo/pcl/CS1908210048		UBERON:0002771		entrez:23316|entrez:54873		PCL:0024548
http://purl.obolibrary.org/obo/PCL_0023049	Exc L5-6 THEMIS C1QL3	Exc L5-6 THEMIS C1QL3	CL:0000679	NCBITaxon:9606	Hsap	UBERON:0002771	CS1908210049	entrez:387357|entrez:389941	MTG	Human	http://purl.obolibrary.org/obo/pcl/CS1908210049		UBERON:0002771		entrez:144920|entrez:387357|entrez:7837		PCL:0024549
http://purl.obolibrary.org/obo/PCL_0023130	L4 IT	L4 IT	CL:0000679	NCBITaxon:9606	Hsap	UBERON:0002771	CS1908210130		MTG	Human	http://purl.obolibrary.org/obo/pcl/CS1908210130		UBERON:0002771				
http://purl.obolibrary.org/obo/PCL_0023050	Exc L3-4 RORB CARM1P1	Exc L3-4 RORB CARM1P1	CL:0000679	NCBITaxon:9606	Hsap	UBERON:0002771	CS1908210050	entrez:100130873|entrez:6096	MTG	Human	http://purl.obolibrary.org/obo/pcl/CS1908210050		UBERON:0002771		entrez:100130873|entrez:80323|entrez:8492		PCL:0024550
http://purl.obolibrary.org/obo/PCL_0023051	Exc L3-5 RORB ESR1	Exc L3-5 RORB ESR1	CL:0000679	NCBITaxon:9606	Hsap	UBERON:0002771	CS1908210051	entrez:2099|entrez:6096	MTG	Human	http://purl.obolibrary.org/obo/pcl/CS1908210051		UBERON:0002771		entrez:105371677|entrez:301		PCL:0024551
http://purl.obolibrary.org/obo/PCL_0023052	Exc L3-5 RORB COL22A1	Exc L3-5 RORB COL22A1	CL:0000679	NCBITaxon:9606	Hsap	UBERON:0002771	CS1908210052	entrez:169044|entrez:6096	MTG	Human	http://purl.obolibrary.org/obo/pcl/CS1908210052		UBERON:0002771		entrez:196475|entrez:4311		PCL:0024552
http://purl.obolibrary.org/obo/PCL_0023053	Exc L3-5 RORB FILIP1L	Exc L3-5 RORB FILIP1L	CL:0000679	NCBITaxon:9606	Hsap	UBERON:0002771	CS1908210053	entrez:11259|entrez:6096	MTG	Human	http://purl.obolibrary.org/obo/pcl/CS1908210053		UBERON:0002771		entrez:101928196|entrez:1290|entrez:22854|entrez:23316		PCL:0024553
http://purl.obolibrary.org/obo/PCL_0023054	Exc L3-5 RORB TWIST2	Exc L3-5 RORB TWIST2	CL:0000679	NCBITaxon:9606	Hsap	UBERON:0002771	CS1908210054	entrez:117581|entrez:6096	MTG	Human	http://purl.obolibrary.org/obo/pcl/CS1908210054		UBERON:0002771		entrez:101927281|entrez:117581|entrez:643677		PCL:0024554
http://purl.obolibrary.org/obo/PCL_0023134	L5 IT	L5 IT	CL:0000679	NCBITaxon:9606	Hsap	UBERON:0002771	CS1908210134		MTG	Human	http://purl.obolibrary.org/obo/pcl/CS1908210134		UBERON:0002771				
http://purl.obolibrary.org/obo/PCL_0023055	Exc L4-5 RORB FOLH1B	Exc L4-5 RORB FOLH1B	CL:0000679	NCBITaxon:9606	Hsap	UBERON:0002771	CS1908210055	entrez:219595|entrez:6096	MTG	Human	http://purl.obolibrary.org/obo/pcl/CS1908210055		UBERON:0002771		entrez:101927835|entrez:282996|entrez:4887		PCL:0024555
http://purl.obolibrary.org/obo/PCL_0023056	Exc L4-6 RORB SEMA3E	Exc L4-6 RORB SEMA3E	CL:0000679	NCBITaxon:9606	Hsap	UBERON:0002771	CS1908210056	entrez:6096|entrez:9723	MTG	Human	http://purl.obolibrary.org/obo/pcl/CS1908210056		UBERON:0002771		entrez:101928622|entrez:56475		PCL:0024556
http://purl.obolibrary.org/obo/PCL_0023057	Exc L4-5 RORB DAPK2	Exc L4-5 RORB DAPK2	CL:0000679	NCBITaxon:9606	Hsap	UBERON:0002771	CS1908210057	entrez:23604|entrez:6096	MTG	Human	http://purl.obolibrary.org/obo/pcl/CS1908210057		UBERON:0002771		entrez:101928151|entrez:105374971|entrez:8538		PCL:0024557
http://purl.obolibrary.org/obo/PCL_0023058	Exc L5-6 RORB TTC12	Exc L5-6 RORB TTC12	CL:0000679	NCBITaxon:9606	Hsap	UBERON:0002771	CS1908210058	entrez:54970|entrez:6096	MTG	Human	http://purl.obolibrary.org/obo/pcl/CS1908210058		UBERON:0002771		entrez:105371833|entrez:10886|entrez:7139		PCL:0024558
http://purl.obolibrary.org/obo/PCL_0023059	Exc L4-6 RORB C1R	Exc L4-6 RORB C1R	CL:0000679	NCBITaxon:9606	Hsap	UBERON:0002771	CS1908210059	entrez:6096|entrez:715	MTG	Human	http://purl.obolibrary.org/obo/pcl/CS1908210059		UBERON:0002771		entrez:22801|entrez:84466|entrez:9033		PCL:0024559
http://purl.obolibrary.org/obo/PCL_0023060	Exc L4-5 FEZF2 SCN4B	Exc L4-5 FEZF2 SCN4B|L5 PT	CL:0000679	NCBITaxon:9606	Hsap	UBERON:0002771	CS1908210060	entrez:55079|entrez:6330	MTG	Human	http://purl.obolibrary.org/obo/pcl/CS1908210060		UBERON:0002771		entrez:105376457|entrez:105378657		PCL:0024560
http://purl.obolibrary.org/obo/PCL_0023138	L6 IT	L6 IT	CL:0000679	NCBITaxon:9606	Hsap	UBERON:0002771	CS1908210138		MTG	Human	http://purl.obolibrary.org/obo/pcl/CS1908210138		UBERON:0002771				
http://purl.obolibrary.org/obo/PCL_0023061	Exc L5-6 THEMIS DCSTAMP	Exc L5-6 THEMIS DCSTAMP	CL:0000679	NCBITaxon:9606	Hsap	UBERON:0002771	CS1908210061	entrez:387357|entrez:81501	MTG	Human	http://purl.obolibrary.org/obo/pcl/CS1908210061		UBERON:0002771		entrez:101928196|entrez:105378486		PCL:0024561
http://purl.obolibrary.org/obo/PCL_0023062	Exc L5-6 THEMIS CRABP1	Exc L5-6 THEMIS CRABP1	CL:0000679	NCBITaxon:9606	Hsap	UBERON:0002771	CS1908210062	entrez:1381|entrez:387357	MTG	Human	http://purl.obolibrary.org/obo/pcl/CS1908210062		UBERON:0002771		entrez:25903|entrez:6641		PCL:0024562
http://purl.obolibrary.org/obo/PCL_0023063	Exc L5-6 THEMIS FGF10	Exc L5-6 THEMIS FGF10	CL:0000679	NCBITaxon:9606	Hsap	UBERON:0002771	CS1908210063	entrez:2255|entrez:387357	MTG	Human	http://purl.obolibrary.org/obo/pcl/CS1908210063		UBERON:0002771		entrez:101928964|entrez:283431		PCL:0024563
http://purl.obolibrary.org/obo/PCL_0023064	Exc L4-6 FEZF2 IL26	Exc L4-6 FEZF2 IL26|L5 NP	CL:0000679	NCBITaxon:9606	Hsap	UBERON:0002771	CS1908210064	entrez:55079|entrez:55801	MTG	Human	http://purl.obolibrary.org/obo/pcl/CS1908210064		UBERON:0002771		entrez:100885789|entrez:55801		PCL:0024564
http://purl.obolibrary.org/obo/PCL_0023065	Exc L5-6 FEZF2 ABO	Exc L5-6 FEZF2 ABO|L6 CT	CL:0000679	NCBITaxon:9606	Hsap	UBERON:0002771	CS1908210065	entrez:28|entrez:55079	MTG	Human	http://purl.obolibrary.org/obo/pcl/CS1908210065		UBERON:0002771		entrez:23213|entrez:92949		PCL:0024565
http://purl.obolibrary.org/obo/PCL_0023142	L6b	L6b	CL:0000679	NCBITaxon:9606	Hsap	UBERON:0002771	CS1908210142		MTG	Human	http://purl.obolibrary.org/obo/pcl/CS1908210142		UBERON:0002771				
http://purl.obolibrary.org/obo/PCL_0023066	Exc L6 FEZF2 SCUBE1	Exc L6 FEZF2 SCUBE1	CL:0000679	NCBITaxon:9606	Hsap	UBERON:0002771	CS1908210066	entrez:55079|entrez:80274	MTG	Human	http://purl.obolibrary.org/obo/pcl/CS1908210066		UBERON:0002771		entrez:105379054|entrez:5288		PCL:0024566
http://purl.obolibrary.org/obo/PCL_0023067	Exc L5-6 FEZF2 IL15	Exc L5-6 FEZF2 IL15	CL:0000679	NCBITaxon:9606	Hsap	UBERON:0002771	CS1908210067	entrez:3600|entrez:55079	MTG	Human	http://purl.obolibrary.org/obo/pcl/CS1908210067		UBERON:0002771		entrez:2078|entrez:255743|entrez:4929		PCL:0024567
http://purl.obolibrary.org/obo/PCL_0023068	Exc L6 FEZF2 OR2T8	Exc L6 FEZF2 OR2T8	CL:0000679	NCBITaxon:9606	Hsap	UBERON:0002771	CS1908210068	entrez:343172|entrez:55079	MTG	Human	http://purl.obolibrary.org/obo/pcl/CS1908210068		UBERON:0002771		entrez:26577|entrez:3486|entrez:729025|entrez:84189		PCL:0024568
http://purl.obolibrary.org/obo/PCL_0023069	Exc L5-6 FEZF2 EFTUD1P1	Exc L5-6 FEZF2 EFTUD1P1	CL:0000679	NCBITaxon:9606	Hsap	UBERON:0002771	CS1908210069	entrez:55079|entrez:648809	MTG	Human	http://purl.obolibrary.org/obo/pcl/CS1908210069		UBERON:0002771		entrez:105377183|entrez:10886		PCL:0024569
http://purl.obolibrary.org/obo/PCL_0023070	OPC L1-6 PDGFRA	OPC|OPC L1-6 PDGFRA	CL:0002453	NCBITaxon:9606	Hsap	UBERON:0002771	CS1908210070	entrez:5156	MTG	Human	http://purl.obolibrary.org/obo/pcl/CS1908210070	UBERON:0002771			entrez:5156|entrez:65217		PCL:0024570
http://purl.obolibrary.org/obo/PCL_0023149	Astrocyte	Astrocyte	CL:0000125	NCBITaxon:9606	Hsap	UBERON:0002771	CS1908210149		MTG	Human	http://purl.obolibrary.org/obo/pcl/CS1908210149	UBERON:0002771					
http://purl.obolibrary.org/obo/PCL_0023071	Astro L1-6 FGFR3 SLC14A1	Astro L1-6 FGFR3 SLC14A1	CL:0000127	NCBITaxon:9606	Hsap	UBERON:0002771	CS1908210071	entrez:2261|entrez:6563	MTG	Human	http://purl.obolibrary.org/obo/pcl/CS1908210071	UBERON:0002771			entrez:105376917|entrez:6507		PCL:0024571
http://purl.obolibrary.org/obo/PCL_0023072	Astro L1-2 FGFR3 GFAP	Astro L1-2 FGFR3 GFAP	CL:0000127	NCBITaxon:9606	Hsap	UBERON:0002771	CS1908210072	entrez:2261|entrez:2670	MTG	Human	http://purl.obolibrary.org/obo/pcl/CS1908210072	UBERON:0002771			entrez:3399|entrez:4494		PCL:0024572
http://purl.obolibrary.org/obo/PCL_0023073	Oligo L1-6 OPALIN	Oligo L1-6 OPALIN|Oligodendrocyte	CL:0000128	NCBITaxon:9606	Hsap	UBERON:0002771	CS1908210073	entrez:93377	MTG	Human	http://purl.obolibrary.org/obo/pcl/CS1908210073	UBERON:0002771			entrez:51148|entrez:5168		PCL:0024573
http://purl.obolibrary.org/obo/PCL_0023074	Endo L2-6 NOSTRIN	Endo L2-6 NOSTRIN|Endothelial	CL:0000115	NCBITaxon:9606	Hsap	UBERON:0002771	CS1908210074	entrez:115677	MTG	Human	http://purl.obolibrary.org/obo/pcl/CS1908210074	UBERON:0002771			entrez:51705		PCL:0024574
http://purl.obolibrary.org/obo/PCL_0023075	Micro L1-6 TYROBP	Micro L1-6 TYROBP|Microglia	CL:0000129	NCBITaxon:9606	Hsap	UBERON:0002771	CS1908210075	entrez:7305	MTG	Human	http://purl.obolibrary.org/obo/pcl/CS1908210075	UBERON:0002771			entrez:1436|entrez:54518		PCL:0024575
